Canonicalized SMILES,Standardized SMILES,Canonicalized Taste,Original Labels,Source,is_multiclass,smiles,target,sanitized_inchi,bad_evidence,drop_reason
NCCOP(=O)(O)O,NCCOP(=O)(O)O,sour,pKa between 2 and 7,IUPAC Dissocation Constants,0,NCCOP(=O)(O)O,3,"InChI=1S/C2H8NO4P/c3-1-2-7-8(4,5)6/h1-3H2,(H2,4,5,6)",0,pKa Data
Nc1ccccc1S,Nc1ccccc1S,sour,pKa between 2 and 7,IUPAC Dissocation Constants,0,Nc1ccccc1S,3,"InChI=1S/C6H7NS/c7-5-3-1-2-4-6(5)8/h1-4,8H,7H2",0,pKa Data
O=C(O)c1ccccn1,O=C(O)c1ccccn1,sour,pKa between 2 and 7,IUPAC Dissocation Constants,0,O=C(O)c1ccccn1,3,"InChI=1S/C6H5NO2/c8-6(9)5-3-1-2-4-7-5/h1-4H,(H,8,9)",0,pKa Data
O=C(O)c1ccncc1,O=C(O)c1ccncc1,sour,pKa between 2 and 7,IUPAC Dissocation Constants,0,O=C(O)c1ccncc1,3,"InChI=1S/C6H5NO2/c8-6(9)5-1-3-7-4-2-5/h1-4H,(H,8,9)",0,pKa Data
Cn1cc(C(=O)O)ccc1=O,Cn1cc(C(=O)O)ccc1=O,sour,pKa between 2 and 7,IUPAC Dissocation Constants,0,Cn1cc(C(=O)O)ccc1=O,3,"InChI=1S/C7H7NO3/c1-8-4-5(7(10)11)2-3-6(8)9/h2-4H,1H3,(H,10,11)",0,pKa Data
Cc1cccc(C(=O)O)n1,Cc1cccc(C(=O)O)n1,sour,pKa between 2 and 7,IUPAC Dissocation Constants,0,Cc1cccc(C(=O)O)n1,3,"InChI=1S/C7H7NO2/c1-5-3-2-4-6(8-5)7(9)10/h2-4H,1H3,(H,9,10)",0,pKa Data
Oc1ccnc(O)c1,Oc1ccnc(O)c1,sour,pKa between 2 and 7,IUPAC Dissocation Constants,0,Oc1ccnc(O)c1,3,"InChI=1S/C5H5NO2/c7-4-1-2-6-5(8)3-4/h1-3H,(H2,6,7,8)",0,pKa Data
O=Cc1ncccc1O,O=Cc1ncccc1O,sour,pKa between 2 and 7,IUPAC Dissocation Constants,0,O=Cc1ncccc1O,3,"InChI=1S/C6H5NO2/c8-4-5-6(9)2-1-3-7-5/h1-4,9H",0,pKa Data
O=Cc1ccncc1O,O=Cc1ccncc1O,sour,pKa between 2 and 7,IUPAC Dissocation Constants,0,O=Cc1ccncc1O,3,"InChI=1S/C6H5NO2/c8-4-5-1-2-7-3-6(5)9/h1-4,9H",0,pKa Data
NNC(=O)c1ccncc1,NNC(=O)c1ccncc1,sour,pKa between 2 and 7,IUPAC Dissocation Constants,0,NNC(=O)c1ccncc1,3,"InChI=1S/C6H7N3O/c7-9-6(10)5-1-3-8-4-2-5/h1-4H,7H2,(H,9,10)",0,pKa Data
[O-][n+]1ccccc1O,[O-][n+]1ccccc1O,sour,pKa between 2 and 7,IUPAC Dissocation Constants,0,[O-][n+]1ccccc1O,3,"InChI=1S/C5H5NO2/c7-5-3-1-2-4-6(5)8/h1-4,7H",0,pKa Data
[O-][n+]1ccccc1S,[O-][n+]1ccccc1S,sour,pKa between 2 and 7,IUPAC Dissocation Constants,0,[O-][n+]1ccccc1S,3,"InChI=1S/C5H5NOS/c7-6-4-2-1-3-5(6)8/h1-4,8H",0,pKa Data
Cc1nc(N)c(C(=O)O)nc1C,Cc1nc(N)c(C(=O)O)nc1C,sour,pKa between 2 and 7,IUPAC Dissocation Constants,0,Cc1nc(N)c(C(=O)O)nc1C,3,"InChI=1S/C7H9N3O2/c1-3-4(2)10-6(8)5(9-3)7(11)12/h1-2H3,(H2,8,10)(H,11,12)",0,pKa Data
Sc1cnccn1,Sc1cnccn1,sour,pKa between 2 and 7,IUPAC Dissocation Constants,0,Sc1cnccn1,3,"InChI=1S/C4H4N2S/c7-4-3-5-1-2-6-4/h1-3H,(H,6,7)",0,pKa Data
Oc1ccc(O)nn1,Oc1ccc(O)nn1,sour,pKa between 2 and 7,IUPAC Dissocation Constants,0,Oc1ccc(O)nn1,3,"InChI=1S/C4H4N2O2/c7-3-1-2-4(8)6-5-3/h1-2H,(H,5,7)(H,6,8)",0,pKa Data
Sc1ccnnc1,Sc1ccnnc1,sour,pKa between 2 and 7,IUPAC Dissocation Constants,0,Sc1ccnnc1,3,"InChI=1S/C4H4N2S/c7-4-1-2-5-6-3-4/h1-3H,(H,5,7)",0,pKa Data
Nc1c(NCC(=O)O)nc(Cl)nc1C(=O)O,Nc1c(NCC(=O)O)nc(Cl)nc1C(=O)O,sour,pKa between 2 and 7,IUPAC Dissocation Constants,0,Nc1c(NCC(=O)O)nc(Cl)nc1C(=O)O,3,"InChI=1S/C7H7ClN4O4/c8-7-11-4(6(15)16)3(9)5(12-7)10-1-2(13)14/h1,9H2,(H,13,14)(H,15,16)(H,10,11,12)",0,pKa Data
Nc1ncncc1NCC(=O)O,Nc1ncncc1NCC(=O)O,sour,pKa between 2 and 7,IUPAC Dissocation Constants,0,Nc1ncncc1NCC(=O)O,3,"InChI=1S/C6H8N4O2/c7-6-4(1-8-3-10-6)9-2-5(11)12/h1,3,9H,2H2,(H,11,12)(H2,7,8,10)",0,pKa Data
Nc1cncnc1NCC(=O)O,Nc1cncnc1NCC(=O)O,sour,pKa between 2 and 7,IUPAC Dissocation Constants,0,Nc1cncnc1NCC(=O)O,3,"InChI=1S/C6H8N4O2/c7-4-1-8-3-10-6(4)9-2-5(11)12/h1,3H,2,7H2,(H,11,12)(H,8,9,10)",0,pKa Data
Oc1cncnc1,Oc1cncnc1,sour,pKa between 2 and 7,IUPAC Dissocation Constants,0,Oc1cncnc1,3,"InChI=1S/C4H4N2O/c7-4-1-5-3-6-2-4/h1-3,7H",0,pKa Data
Sc1ccncn1,Sc1ccncn1,sour,pKa between 2 and 7,IUPAC Dissocation Constants,0,Sc1ccncn1,3,"InChI=1S/C4H4N2S/c7-4-1-2-5-3-6-4/h1-3H,(H,5,6,7)",0,pKa Data
Nc1nnn[nH]1,Nc1nnn[nH]1,sour,pKa between 2 and 7,IUPAC Dissocation Constants,0,Nc1nnn[nH]1,3,"InChI=1S/CH3N5/c2-1-3-5-6-4-1/h(H3,2,3,4,5,6)",0,pKa Data
O=C(O)c1ccc2ccccc2n1,O=C(O)c1ccc2ccccc2n1,sour,pKa between 2 and 7,IUPAC Dissocation Constants,0,O=C(O)c1ccc2ccccc2n1,3,"InChI=1S/C10H7NO2/c12-10(13)9-6-5-7-3-1-2-4-8(7)11-9/h1-6H,(H,12,13)",0,pKa Data
O=C(O)c1ccc2ncccc2c1,O=C(O)c1ccc2ncccc2c1,sour,pKa between 2 and 7,IUPAC Dissocation Constants,0,O=C(O)c1ccc2ncccc2c1,3,"InChI=1S/C10H7NO2/c12-10(13)8-3-4-9-7(6-8)2-1-5-11-9/h1-6H,(H,12,13)",0,pKa Data
O=C(O)c1cccc2cccnc12,O=C(O)c1cccc2cccnc12,sour,pKa between 2 and 7,IUPAC Dissocation Constants,0,O=C(O)c1cccc2cccnc12,3,"InChI=1S/C10H7NO2/c12-10(13)8-5-1-3-7-4-2-6-11-9(7)8/h1-6H,(H,12,13)",0,pKa Data
Oc1cc(O)c2ccccc2n1,Oc1cc(O)c2ccccc2n1,sour,pKa between 2 and 7,IUPAC Dissocation Constants,0,Oc1cc(O)c2ccccc2n1,3,"InChI=1S/C9H7NO2/c11-8-5-9(12)10-7-4-2-1-3-6(7)8/h1-5H,(H2,10,11,12)",0,pKa Data
O=S(=O)(O)c1cc(I)c(O)c2ncccc12,O=S(=O)(O)c1cc(I)c(O)c2ncccc12,sour,pKa between 2 and 7,IUPAC Dissocation Constants,0,O=S(=O)(O)c1cc(I)c(O)c2ncccc12,3,"InChI=1S/C9H6INO4S/c10-6-4-7(16(13,14)15)5-2-1-3-11-8(5)9(6)12/h1-4,12H,(H,13,14,15)",0,pKa Data
O=[N+]([O-])c1cc(S(=O)(=O)O)c2cccnc2c1O,O=[N+]([O-])c1cc(S(=O)(=O)O)c2cccnc2c1O,sour,pKa between 2 and 7,IUPAC Dissocation Constants,0,O=[N+]([O-])c1cc(S(=O)(=O)O)c2cccnc2c1O,3,"InChI=1S/C9H6N2O6S/c12-9-6(11(13)14)4-7(18(15,16)17)5-2-1-3-10-8(5)9/h1-4,12H,(H,15,16,17)",0,pKa Data
Sc1cnc2ccccc2c1,Sc1cnc2ccccc2c1,sour,pKa between 2 and 7,IUPAC Dissocation Constants,0,Sc1cnc2ccccc2c1,3,"InChI=1S/C9H7NS/c11-8-5-7-3-1-2-4-9(7)10-6-8/h1-6,11H",0,pKa Data
Sc1cccc2ncccc12,Sc1cccc2ncccc12,sour,pKa between 2 and 7,IUPAC Dissocation Constants,0,Sc1cccc2ncccc12,3,"InChI=1S/C9H7NS/c11-9-5-1-4-8-7(9)3-2-6-10-8/h1-6,11H",0,pKa Data
Sc1ccc2ncccc2c1,Sc1ccc2ncccc2c1,sour,pKa between 2 and 7,IUPAC Dissocation Constants,0,Sc1ccc2ncccc2c1,3,"InChI=1S/C9H7NS/c11-8-3-4-9-7(6-8)2-1-5-10-9/h1-6,11H",0,pKa Data
[O-][n+]1c(O)ccc2ccccc21,[O-][n+]1c(O)ccc2ccccc21,sour,pKa between 2 and 7,IUPAC Dissocation Constants,0,[O-][n+]1c(O)ccc2ccccc21,3,"InChI=1S/C9H7NO2/c11-9-6-5-7-3-1-2-4-8(7)10(9)12/h1-6,11H",0,pKa Data
Nc1nc(O)c2nc(O)cnc2n1,Nc1nc(O)c2nc(O)cnc2n1,sour,pKa between 2 and 7,IUPAC Dissocation Constants,0,Nc1nc(O)c2nc(O)cnc2n1,3,"InChI=1S/C6H5N5O2/c7-6-10-4-3(5(13)11-6)9-2(12)1-8-4/h1H,(H,9,12)(H3,7,8,10,11,13)",0,pKa Data
CCOc1nc2c(c(C(=O)O)n1)N=C(O)CN2,CCOc1nc2c(c(C(=O)O)n1)N=C(O)CN2,sour,pKa between 2 and 7,IUPAC Dissocation Constants,0,CCOc1nc2c(c(C(=O)O)n1)N=C(O)CN2,3,"InChI=1S/C9H10N4O4/c1-2-17-9-12-6(8(15)16)5-7(13-9)10-3-4(14)11-5/h3,6H,2H2,1H3,(H,11,14)(H,15,16)(H,10,12,13)",0,pKa Data
Oc1nc2cncnc2nc1O,Oc1nc2cncnc2nc1O,sour,pKa between 2 and 7,IUPAC Dissocation Constants,0,Oc1nc2cncnc2nc1O,3,"InChI=1S/C6H4N4O2/c11-5-6(12)10-4-3(9-5)1-7-2-8-4/h1-2H,(H,9,11)(H,7,8,10,12)",0,pKa Data
Oc1cnc2ncncc2n1,Oc1cnc2ncncc2n1,sour,pKa between 2 and 7,IUPAC Dissocation Constants,0,Oc1cnc2ncncc2n1,3,"InChI=1S/C6H4N4O/c11-5-2-8-6-4(10-5)1-7-3-9-6/h1-3H,(H,10,11)",0,pKa Data
Oc1cnc2cncnc2n1,Oc1cnc2cncnc2n1,sour,pKa between 2 and 7,IUPAC Dissocation Constants,0,Oc1cnc2cncnc2n1,3,"InChI=1S/C6H4N4O/c11-5-2-8-4-1-7-3-9-6(4)10-5/h1-3H,(H,7,9,10,11)",0,pKa Data
Cc1ncc2ncc(O)nc2n1,Cc1ncc2ncc(O)nc2n1,sour,pKa between 2 and 7,IUPAC Dissocation Constants,0,Cc1ncc2ncc(O)nc2n1,3,"InChI=1S/C7H6N4O/c1-4-8-2-5-7(10-4)11-6(12)3-9-5/h2-3H,1H3,(H,8,10,11,12)",0,pKa Data
Cn1c(=O)c2ncc(O)nc2n(C)c1=O,Cn1c(=O)c2ncc(O)nc2n(C)c1=O,sour,pKa between 2 and 7,IUPAC Dissocation Constants,0,Cn1c(=O)c2ncc(O)nc2n(C)c1=O,3,"InChI=1S/C8H8N4O3/c1-11-6-5(9-3-4(13)10-6)7(14)12(2)8(11)15/h3H,1-2H3,(H,10,13)",0,pKa Data
O=C(O)c1nc2ncncc2[nH]1,O=C(O)c1nc2ncncc2[nH]1,sour,pKa between 2 and 7,IUPAC Dissocation Constants,0,O=C(O)c1nc2ncncc2[nH]1,3,"InChI=1S/C6H4N4O2/c11-6(12)5-9-3-1-7-2-8-4(3)10-5/h1-2H,(H,11,12)(H,7,8,9,10)",0,pKa Data
O=C(O)c1c2ccccc2nc2ccccc12,O=C(O)c1c2ccccc2nc2ccccc12,sour,pKa between 2 and 7,IUPAC Dissocation Constants,0,O=C(O)c1c2ccccc2nc2ccccc12,3,"InChI=1S/C14H9NO2/c16-14(17)13-9-5-1-3-7-11(9)15-12-8-4-2-6-10(12)13/h1-8H,(H,16,17)",0,pKa Data
O=C(O)CSc1nc2cc3ccccc3cc2[nH]1,O=C(O)CSc1nc2cc3ccccc3cc2[nH]1,sour,pKa between 2 and 7,IUPAC Dissocation Constants,0,O=C(O)CSc1nc2cc3ccccc3cc2[nH]1,3,"InChI=1S/C13H10N2O2S/c16-12(17)7-18-13-14-10-5-8-3-1-2-4-9(8)6-11(10)15-13/h1-6H,7H2,(H,14,15)(H,16,17)",0,pKa Data
Nc1c(O)cccc1C(=O)O,Nc1c(O)cccc1C(=O)O,sour,pKa between 2 and 7,IUPAC Dissocation Constants,0,Nc1c(O)cccc1C(=O)O,3,"InChI=1S/C7H7NO3/c8-6-4(7(10)11)2-1-3-5(6)9/h1-3,9H,8H2,(H,10,11)",0,pKa Data
CNc1ccccc1C(=O)O,CNc1ccccc1C(=O)O,sour,pKa between 2 and 7,IUPAC Dissocation Constants,0,CNc1ccccc1C(=O)O,3,"InChI=1S/C8H9NO2/c1-9-7-5-3-2-4-6(7)8(10)11/h2-5,9H,1H3,(H,10,11)",0,pKa Data
CN(C)c1cccc(C(=O)O)c1,CN(C)c1cccc(C(=O)O)c1,sour,pKa between 2 and 7,IUPAC Dissocation Constants,0,CN(C)c1cccc(C(=O)O)c1,3,"InChI=1S/C9H11NO2/c1-10(2)8-5-3-4-7(6-8)9(11)12/h3-6H,1-2H3,(H,11,12)",0,pKa Data
CNc1cccc(C(=O)O)c1,CNc1cccc(C(=O)O)c1,sour,pKa between 2 and 7,IUPAC Dissocation Constants,0,CNc1cccc(C(=O)O)c1,3,"InChI=1S/C8H9NO2/c1-9-7-4-2-3-6(5-7)8(10)11/h2-5,9H,1H3,(H,10,11)",0,pKa Data
CN(C)c1ccc(C(=O)O)cc1,CN(C)c1ccc(C(=O)O)cc1,sour,pKa between 2 and 7,IUPAC Dissocation Constants,0,CN(C)c1ccc(C(=O)O)cc1,3,"InChI=1S/C9H11NO2/c1-10(2)8-5-3-7(4-6-8)9(11)12/h3-6H,1-2H3,(H,11,12)",0,pKa Data
CNc1ccc(C(=O)O)cc1,CNc1ccc(C(=O)O)cc1,sour,pKa between 2 and 7,IUPAC Dissocation Constants,0,CNc1ccc(C(=O)O)cc1,3,"InChI=1S/C8H9NO2/c1-9-7-4-2-6(3-5-7)8(10)11/h2-5,9H,1H3,(H,10,11)",0,pKa Data
NNC(=O)c1ccc(N)cc1,NNC(=O)c1ccc(N)cc1,sour,pKa between 2 and 7,IUPAC Dissocation Constants,0,NNC(=O)c1ccc(N)cc1,3,"InChI=1S/C7H9N3O/c8-6-3-1-5(2-4-6)7(11)10-9/h1-4H,8-9H2,(H,10,11)",0,pKa Data
NC(CC(=O)O)C(F)(F)F,NC(CC(=O)O)C(F)(F)F,sour,pKa between 2 and 7,IUPAC Dissocation Constants,0,NC(CC(=O)O)C(F)(F)F,3,"InChI=1S/C4H6F3NO2/c5-4(6,7)2(8)1-3(9)10/h2H,1,8H2,(H,9,10)",0,pKa Data
Nc1cc(C(=O)O)c2ccccc2c1,Nc1cc(C(=O)O)c2ccccc2c1,sour,pKa between 2 and 7,IUPAC Dissocation Constants,0,Nc1cc(C(=O)O)c2ccccc2c1,3,"InChI=1S/C11H9NO2/c12-8-5-7-3-1-2-4-9(7)10(6-8)11(13)14/h1-6H,12H2,(H,13,14)",0,pKa Data
Nc1cc(C(=O)O)cc2ccccc12,Nc1cc(C(=O)O)cc2ccccc12,sour,pKa between 2 and 7,IUPAC Dissocation Constants,0,Nc1cc(C(=O)O)cc2ccccc12,3,"InChI=1S/C11H9NO2/c12-10-6-8(11(13)14)5-7-3-1-2-4-9(7)10/h1-6H,12H2,(H,13,14)",0,pKa Data
Nc1ccc(CC(=O)O)cc1,Nc1ccc(CC(=O)O)cc1,sour,pKa between 2 and 7,IUPAC Dissocation Constants,0,Nc1ccc(CC(=O)O)cc1,3,"InChI=1S/C8H9NO2/c9-7-3-1-6(2-4-7)5-8(10)11/h1-4H,5,9H2,(H,10,11)",0,pKa Data
Nc1ccccc1[As](=O)(O)O,Nc1ccccc1[As](=O)(O)O,sour,pKa between 2 and 7,IUPAC Dissocation Constants,0,Nc1ccccc1[As](=O)(O)O,3,"InChI=1S/C6H8AsNO3/c8-6-4-2-1-3-5(6)7(9,10)11/h1-4H,8H2,(H2,9,10,11)",0,pKa Data
Nc1cccc([As](=O)(O)O)c1,Nc1cccc([As](=O)(O)O)c1,sour,pKa between 2 and 7,IUPAC Dissocation Constants,0,Nc1cccc([As](=O)(O)O)c1,3,"InChI=1S/C6H8AsNO3/c8-6-3-1-2-5(4-6)7(9,10)11/h1-4H,8H2,(H2,9,10,11)",0,pKa Data
Nc1ccc([As](=O)(O)O)cc1,Nc1ccc([As](=O)(O)O)cc1,sour,pKa between 2 and 7,IUPAC Dissocation Constants,0,Nc1ccc([As](=O)(O)O)cc1,3,"InChI=1S/C6H8AsNO3/c8-6-3-1-5(2-4-6)7(9,10)11/h1-4H,8H2,(H2,9,10,11)",0,pKa Data
Nc1ccc(C(=O)O)c(O)c1,Nc1ccc(C(=O)O)c(O)c1,sour,pKa between 2 and 7,IUPAC Dissocation Constants,0,Nc1ccc(C(=O)O)c(O)c1,3,"InChI=1S/C7H7NO3/c8-4-1-2-5(7(10)11)6(9)3-4/h1-3,9H,8H2,(H,10,11)",0,pKa Data
NC(C(=O)O)C(CC(=O)O)C(=O)O,NC(C(=O)O)C(CC(=O)O)C(=O)O,sour,pKa between 2 and 7,IUPAC Dissocation Constants,0,NC(C(=O)O)C(CC(=O)O)C(=O)O,3,"InChI=1S/C6H9NO6/c7-4(6(12)13)2(5(10)11)1-3(8)9/h2,4H,1,7H2,(H,8,9)(H,10,11)(H,12,13)",0,pKa Data
CN(C)c1ccc(P(=O)(O)O)cc1,CN(C)c1ccc(P(=O)(O)O)cc1,sour,pKa between 2 and 7,IUPAC Dissocation Constants,0,CN(C)c1ccc(P(=O)(O)O)cc1,3,"InChI=1S/C8H12NO3P/c1-9(2)7-3-5-8(6-4-7)13(10,11)12/h3-6H,1-2H3,(H2,10,11,12)",0,pKa Data
Nc1ccccc1S(=O)(=O)O,Nc1ccccc1S(=O)(=O)O,sour,pKa between 2 and 7,IUPAC Dissocation Constants,0,Nc1ccccc1S(=O)(=O)O,3,"InChI=1S/C6H7NO3S/c7-5-3-1-2-4-6(5)11(8,9)10/h1-4H,7H2,(H,8,9,10)",0,pKa Data
Nc1cccc(S(=O)(=O)O)c1,Nc1cccc(S(=O)(=O)O)c1,sour,pKa between 2 and 7,IUPAC Dissocation Constants,0,Nc1cccc(S(=O)(=O)O)c1,3,"InChI=1S/C6H7NO3S/c7-5-2-1-3-6(4-5)11(8,9)10/h1-4H,7H2,(H,8,9,10)",0,pKa Data
Nc1ccc(S(=O)(=O)O)cc1,Nc1ccc(S(=O)(=O)O)cc1,sour,pKa between 2 and 7,IUPAC Dissocation Constants,0,Nc1ccc(S(=O)(=O)O)cc1,3,"InChI=1S/C6H7NO3S/c7-5-1-3-6(4-2-5)11(8,9)10/h1-4H,7H2,(H,8,9,10)",0,pKa Data
O=C(O)C[C@H](NO)C(=O)O,O=C(O)C[C@H](NO)C(=O)O,sour,pKa between 2 and 7,IUPAC Dissocation Constants,0,O=C(O)C[C@H](NO)C(=O)O,3,"InChI=1S/C4H7NO5/c6-3(7)1-2(5-10)4(8)9/h2,5,10H,1H2,(H,6,7)(H,8,9)",0,pKa Data
N[C@@H](CCC(=O)O)C(=O)O,N[C@@H](CCC(=O)O)C(=O)O,sour,pKa between 2 and 7,IUPAC Dissocation Constants,0,N[C@@H](CCC(=O)O)C(=O)O,3,"InChI=1S/C5H9NO4/c6-3(5(9)10)1-2-4(7)8/h3H,1-2,6H2,(H,7,8)(H,9,10)",0,pKa Data
N[C@H](C(=O)O)C(O)CC(=O)O,N[C@H](C(=O)O)C(O)CC(=O)O,sour,pKa between 2 and 7,IUPAC Dissocation Constants,0,N[C@H](C(=O)O)C(O)CC(=O)O,3,"InChI=1S/C5H9NO5/c6-4(5(10)11)2(7)1-3(8)9/h2,4,7H,1,6H2,(H,8,9)(H,10,11)",0,pKa Data
N[C@@H](Cc1cnc[nH]1)C(=O)O,N[C@@H](Cc1cnc[nH]1)C(=O)O,sour,pKa between 2 and 7,IUPAC Dissocation Constants,0,N[C@@H](Cc1cnc[nH]1)C(=O)O,3,"InChI=1S/C6H9N3O2/c7-5(6(10)11)1-4-2-8-3-9-4/h2-3,5H,1,7H2,(H,8,9)(H,10,11)",0,pKa Data
NC(C(=O)O)c1ccccc1,NC(C(=O)O)c1ccccc1,sour,pKa between 2 and 7,IUPAC Dissocation Constants,0,NC(C(=O)O)c1ccccc1,3,"InChI=1S/C8H9NO2/c9-7(8(10)11)6-4-2-1-3-5-6/h1-5,7H,9H2,(H,10,11)",0,pKa Data
CC(=O)c1cccc(C(N)C(=O)O)c1,CC(=O)c1cccc(C(N)C(=O)O)c1,sour,pKa between 2 and 7,IUPAC Dissocation Constants,0,CC(=O)c1cccc(C(N)C(=O)O)c1,3,"InChI=1S/C10H11NO3/c1-6(12)7-3-2-4-8(5-7)9(11)10(13)14/h2-5,9H,11H2,1H3,(H,13,14)",0,pKa Data
NC(C(=O)O)c1cccc(Cl)c1,NC(C(=O)O)c1cccc(Cl)c1,sour,pKa between 2 and 7,IUPAC Dissocation Constants,0,NC(C(=O)O)c1cccc(Cl)c1,3,"InChI=1S/C8H8ClNO2/c9-6-3-1-2-5(4-6)7(10)8(11)12/h1-4,7H,10H2,(H,11,12)",0,pKa Data
NC(C(=O)O)c1ccc(Cl)cc1,NC(C(=O)O)c1ccc(Cl)cc1,sour,pKa between 2 and 7,IUPAC Dissocation Constants,0,NC(C(=O)O)c1ccc(Cl)cc1,3,"InChI=1S/C8H8ClNO2/c9-6-3-1-5(2-4-6)7(10)8(11)12/h1-4,7H,10H2,(H,11,12)",0,pKa Data
N#Cc1cccc(C(N)C(=O)O)c1,N#Cc1cccc(C(N)C(=O)O)c1,sour,pKa between 2 and 7,IUPAC Dissocation Constants,0,N#Cc1cccc(C(N)C(=O)O)c1,3,"InChI=1S/C9H8N2O2/c10-5-6-2-1-3-7(4-6)8(11)9(12)13/h1-4,8H,11H2,(H,12,13)",0,pKa Data
COc1cccc(C(N)C(=O)O)c1,COc1cccc(C(N)C(=O)O)c1,sour,pKa between 2 and 7,IUPAC Dissocation Constants,0,COc1cccc(C(N)C(=O)O)c1,3,"InChI=1S/C9H11NO3/c1-13-7-4-2-3-6(5-7)8(10)9(11)12/h2-5,8H,10H2,1H3,(H,11,12)",0,pKa Data
COc1ccc(C(N)C(=O)O)cc1,COc1ccc(C(N)C(=O)O)cc1,sour,pKa between 2 and 7,IUPAC Dissocation Constants,0,COc1ccc(C(N)C(=O)O)cc1,3,"InChI=1S/C9H11NO3/c1-13-7-4-2-6(3-5-7)8(10)9(11)12/h2-5,8H,10H2,1H3,(H,11,12)",0,pKa Data
Cc1cccc(C(N)C(=O)O)c1,Cc1cccc(C(N)C(=O)O)c1,sour,pKa between 2 and 7,IUPAC Dissocation Constants,0,Cc1cccc(C(N)C(=O)O)c1,3,"InChI=1S/C9H11NO2/c1-6-3-2-4-7(5-6)8(10)9(11)12/h2-5,8H,10H2,1H3,(H,11,12)",0,pKa Data
Cc1ccc(C(N)C(=O)O)cc1,Cc1ccc(C(N)C(=O)O)cc1,sour,pKa between 2 and 7,IUPAC Dissocation Constants,0,Cc1ccc(C(N)C(=O)O)cc1,3,"InChI=1S/C9H11NO2/c1-6-2-4-7(5-3-6)8(10)9(11)12/h2-5,8H,10H2,1H3,(H,11,12)",0,pKa Data
NC(C(=O)O)c1cccc([N+](=O)[O-])c1,NC(C(=O)O)c1cccc([N+](=O)[O-])c1,sour,pKa between 2 and 7,IUPAC Dissocation Constants,0,NC(C(=O)O)c1cccc([N+](=O)[O-])c1,3,"InChI=1S/C8H8N2O4/c9-7(8(11)12)5-2-1-3-6(4-5)10(13)14/h1-4,7H,9H2,(H,11,12)",0,pKa Data
N[C@@H](COP(=O)(O)O)C(=O)O,N[C@@H](COP(=O)(O)O)C(=O)O,sour,pKa between 2 and 7,IUPAC Dissocation Constants,0,N[C@@H](COP(=O)(O)O)C(=O)O,3,"InChI=1S/C3H8NO6P/c4-2(3(5)6)1-10-11(7,8)9/h2H,1,4H2,(H,5,6)(H2,7,8,9)",0,pKa Data
N[C@@H](Cc1cc(Br)c(O)c(Br)c1)C(=O)O,N[C@@H](Cc1cc(Br)c(O)c(Br)c1)C(=O)O,sour,pKa between 2 and 7,IUPAC Dissocation Constants,0,N[C@@H](Cc1cc(Br)c(O)c(Br)c1)C(=O)O,3,"InChI=1S/C9H9Br2NO3/c10-5-1-4(2-6(11)8(5)13)3-7(12)9(14)15/h1-2,7,13H,3,12H2,(H,14,15)",0,pKa Data
N[C@@H](Cc1cc(Cl)c(O)c(Cl)c1)C(=O)O,N[C@@H](Cc1cc(Cl)c(O)c(Cl)c1)C(=O)O,sour,pKa between 2 and 7,IUPAC Dissocation Constants,0,N[C@@H](Cc1cc(Cl)c(O)c(Cl)c1)C(=O)O,3,"InChI=1S/C9H9Cl2NO3/c10-5-1-4(2-6(11)8(5)13)3-7(12)9(14)15/h1-2,7,13H,3,12H2,(H,14,15)",0,pKa Data
N[C@@H](Cc1cc(I)c(O)c(I)c1)C(=O)O,N[C@@H](Cc1cc(I)c(O)c(I)c1)C(=O)O,sour,pKa between 2 and 7,IUPAC Dissocation Constants,0,N[C@@H](Cc1cc(I)c(O)c(I)c1)C(=O)O,3,"InChI=1S/C9H9I2NO3/c10-5-1-4(2-6(11)8(5)13)3-7(12)9(14)15/h1-2,7,13H,3,12H2,(H,14,15)",0,pKa Data
Cc1ncc(COP(=O)(O)O)c(C=O)c1O,Cc1ncc(COP(=O)(O)O)c(C=O)c1O,sour,pKa between 2 and 7,IUPAC Dissocation Constants,0,Cc1ncc(COP(=O)(O)O)c(C=O)c1O,3,"InChI=1S/C8H10NO6P/c1-5-8(11)7(3-10)6(2-9-5)4-15-16(12,13)14/h2-3,11H,4H2,1H3,(H2,12,13,14)",0,pKa Data
Cc1ncc(COP(=O)(O)O)c(CN)c1O,Cc1ncc(COP(=O)(O)O)c(CN)c1O,sour,pKa between 2 and 7,IUPAC Dissocation Constants,0,Cc1ncc(COP(=O)(O)O)c(CN)c1O,3,"InChI=1S/C8H13N2O5P/c1-5-8(11)7(2-9)6(3-10-5)4-15-16(12,13)14/h3,11H,2,4,9H2,1H3,(H2,12,13,14)",0,pKa Data
Nc1ncnc2c1ncn2[C@@H]1O[C@H](CO)[C@@H](OP(=O)(O)O)[C@H]1O,Nc1ncnc2c1ncn2[C@@H]1O[C@H](CO)[C@@H](OP(=O)(O)O)[C@H]1O,sour,pKa between 2 and 7,IUPAC Dissocation Constants,0,Nc1ncnc2c1ncn2[C@@H]1O[C@H](CO)[C@@H](OP(=O)(O)O)[C@H]1O,3,"InChI=1S/C10H14N5O7P/c11-8-5-9(13-2-12-8)15(3-14-5)10-6(17)7(4(1-16)21-10)22-23(18,19)20/h2-4,6-7,10,16-17H,1H2,(H2,11,12,13)(H2,18,19,20)",0,pKa Data
O=c1[nH]c(=O)c2ncn([C@@H]3O[C@H](CO)[C@@H](O)[C@H]3O)c2[nH]1,O=c1[nH]c(=O)c2ncn([C@@H]3O[C@H](CO)[C@@H](O)[C@H]3O)c2[nH]1,sour,pKa between 2 and 7,IUPAC Dissocation Constants,0,O=c1[nH]c(=O)c2ncn([C@@H]3O[C@H](CO)[C@@H](O)[C@H]3O)c2[nH]1,3,"InChI=1S/C10H12N4O6/c15-1-3-5(16)6(17)9(20-3)14-2-11-4-7(14)12-10(19)13-8(4)18/h2-3,5-6,9,15-17H,1H2,(H2,12,13,18,19)",0,pKa Data
CN(C)c1ccc(/N=N/c2ccccc2C(=O)O)cc1,CN(C)c1ccc(/N=N/c2ccccc2C(=O)O)cc1,sour,pKa between 2 and 7,IUPAC Dissocation Constants,0,CN(C)c1ccc(/N=N/c2ccccc2C(=O)O)cc1,3,"InChI=1S/C15H15N3O2/c1-18(2)12-9-7-11(8-10-12)16-17-14-6-4-3-5-13(14)15(19)20/h3-10H,1-2H3,(H,19,20)",0,pKa Data
C[As](C)(=O)O,C[As](C)(=O)O,sour,pKa between 2 and 7,IUPAC Dissocation Constants,0,C[As](C)(=O)O,3,"InChI=1S/C2H7AsO2/c1-3(2,4)5/h1-2H3,(H,4,5)",0,pKa Data
O=C(O)CN(CC(=O)O)CC(=O)Nc1ccc(Br)cc1,O=C(O)CN(CC(=O)O)CC(=O)Nc1ccc(Br)cc1,sour,pKa between 2 and 7,IUPAC Dissocation Constants,0,O=C(O)CN(CC(=O)O)CC(=O)Nc1ccc(Br)cc1,3,"InChI=1S/C12H13BrN2O5/c13-8-1-3-9(4-2-8)14-10(16)5-15(6-11(17)18)7-12(19)20/h1-4H,5-7H2,(H,14,16)(H,17,18)(H,19,20)",0,pKa Data
CCOC(=O)c1cc(NCCO)c(C(=O)O)cc1NCCO,CCOC(=O)c1cc(NCCO)c(C(=O)O)cc1NCCO,sour,pKa between 2 and 7,IUPAC Dissocation Constants,0,CCOC(=O)c1cc(NCCO)c(C(=O)O)cc1NCCO,3,"InChI=1S/C14H20N2O6/c1-2-22-14(21)10-8-11(15-3-5-17)9(13(19)20)7-12(10)16-4-6-18/h7-8,15-18H,2-6H2,1H3,(H,19,20)",0,pKa Data
O=C(O)c1ccc(C(=O)O)c(NCCO)c1,O=C(O)c1ccc(C(=O)O)c(NCCO)c1,sour,pKa between 2 and 7,IUPAC Dissocation Constants,0,O=C(O)c1ccc(C(=O)O)c(NCCO)c1,3,"InChI=1S/C10H11NO5/c12-4-3-11-8-5-6(9(13)14)1-2-7(8)10(15)16/h1-2,5,11-12H,3-4H2,(H,13,14)(H,15,16)",0,pKa Data
O=C(O)CN(CC(=O)O)Cc1ccccc1,O=C(O)CN(CC(=O)O)Cc1ccccc1,sour,pKa between 2 and 7,IUPAC Dissocation Constants,0,O=C(O)CN(CC(=O)O)Cc1ccccc1,3,"InChI=1S/C11H13NO4/c13-10(14)7-12(8-11(15)16)6-9-4-2-1-3-5-9/h1-5H,6-8H2,(H,13,14)(H,15,16)",0,pKa Data
O=C(O)c1ccnc(C(=O)O)c1,O=C(O)c1ccnc(C(=O)O)c1,sour,pKa between 2 and 7,IUPAC Dissocation Constants,0,O=C(O)c1ccnc(C(=O)O)c1,3,"InChI=1S/C7H5NO4/c9-6(10)4-1-2-8-5(3-4)7(11)12/h1-3H,(H,9,10)(H,11,12)",0,pKa Data
O=C(O)c1cccc(C(=O)O)n1,O=C(O)c1cccc(C(=O)O)n1,sour,pKa between 2 and 7,IUPAC Dissocation Constants,0,O=C(O)c1cccc(C(=O)O)n1,3,"InChI=1S/C7H5NO4/c9-6(10)4-2-1-3-5(8-4)7(11)12/h1-3H,(H,9,10)(H,11,12)",0,pKa Data
O=C(O)c1cncc(C(=O)O)c1,O=C(O)c1cncc(C(=O)O)c1,sour,pKa between 2 and 7,IUPAC Dissocation Constants,0,O=C(O)c1cncc(C(=O)O)c1,3,"InChI=1S/C7H5NO4/c9-6(10)4-1-5(7(11)12)3-8-2-4/h1-3H,(H,9,10)(H,11,12)",0,pKa Data
O=C(O)c1cc(Cl)cc(C(=O)O)n1,O=C(O)c1cc(Cl)cc(C(=O)O)n1,sour,pKa between 2 and 7,IUPAC Dissocation Constants,0,O=C(O)c1cc(Cl)cc(C(=O)O)n1,3,"InChI=1S/C7H4ClNO4/c8-3-1-4(6(10)11)9-5(2-3)7(12)13/h1-2H,(H,10,11)(H,12,13)",0,pKa Data
Cc1nc(C)c(C(=O)O)cc1C(=O)O,Cc1nc(C)c(C(=O)O)cc1C(=O)O,sour,pKa between 2 and 7,IUPAC Dissocation Constants,0,Cc1nc(C)c(C(=O)O)cc1C(=O)O,3,"InChI=1S/C9H9NO4/c1-4-6(8(11)12)3-7(9(13)14)5(2)10-4/h3H,1-2H3,(H,11,12)(H,13,14)",0,pKa Data
O=c1c([N+](=O)[O-])c[nH]cc1[N+](=O)[O-],O=c1c([N+](=O)[O-])c[nH]cc1[N+](=O)[O-],sour,pKa between 2 and 7,IUPAC Dissocation Constants,0,O=c1c([N+](=O)[O-])c[nH]cc1[N+](=O)[O-],3,"InChI=1S/C5H3N3O5/c9-5-3(7(10)11)1-6-2-4(5)8(12)13/h1-2H,(H,6,9)",0,pKa Data
COC(=O)c1ccc(O)nc1C(=O)OC,COC(=O)c1ccc(O)nc1C(=O)OC,sour,pKa between 2 and 7,IUPAC Dissocation Constants,0,COC(=O)c1ccc(O)nc1C(=O)OC,3,"InChI=1S/C9H9NO5/c1-14-8(12)5-3-4-6(11)10-7(5)9(13)15-2/h3-4H,1-2H3,(H,10,11)",0,pKa Data
COC(=O)c1cc(O)cc(C(=O)OC)n1,COC(=O)c1cc(O)cc(C(=O)OC)n1,sour,pKa between 2 and 7,IUPAC Dissocation Constants,0,COC(=O)c1cc(O)cc(C(=O)OC)n1,3,"InChI=1S/C9H9NO5/c1-14-8(12)6-3-5(11)4-7(10-6)9(13)15-2/h3-4H,1-2H3,(H,10,11)",0,pKa Data
O=[N+]([O-])c1cccnc1S,O=[N+]([O-])c1cccnc1S,sour,pKa between 2 and 7,IUPAC Dissocation Constants,0,O=[N+]([O-])c1cccnc1S,3,"InChI=1S/C5H4N2O2S/c8-7(9)4-2-1-3-6-5(4)10/h1-3H,(H,6,10)",0,pKa Data
O=[N+]([O-])c1ccc(S)nc1,O=[N+]([O-])c1ccc(S)nc1,sour,pKa between 2 and 7,IUPAC Dissocation Constants,0,O=[N+]([O-])c1ccc(S)nc1,3,"InChI=1S/C5H4N2O2S/c8-7(9)4-1-2-5(10)6-3-4/h1-3H,(H,6,10)",0,pKa Data
O=C(O)c1cncc(C(=O)O)c1C(=O)O,O=C(O)c1cncc(C(=O)O)c1C(=O)O,sour,pKa between 2 and 7,IUPAC Dissocation Constants,0,O=C(O)c1cncc(C(=O)O)c1C(=O)O,3,"InChI=1S/C8H5NO6/c10-6(11)3-1-9-2-4(7(12)13)5(3)8(14)15/h1-2H,(H,10,11)(H,12,13)(H,14,15)",0,pKa Data
O=c1c(Cl)c[nH]c(Cl)c1Cl,O=c1c(Cl)c[nH]c(Cl)c1Cl,sour,pKa between 2 and 7,IUPAC Dissocation Constants,0,O=c1c(Cl)c[nH]c(Cl)c1Cl,3,"InChI=1S/C5H2Cl3NO/c6-2-1-9-5(8)3(7)4(2)10/h1H,(H,9,10)",0,pKa Data
O=C(O)c1c[nH]cn1,O=C(O)c1c[nH]cn1,sour,pKa between 2 and 7,IUPAC Dissocation Constants,0,O=C(O)c1c[nH]cn1,3,"InChI=1S/C4H4N2O2/c7-4(8)3-1-5-2-6-3/h1-2H,(H,5,6)(H,7,8)",0,pKa Data
Cn1cnc([N+](=O)[O-])c1CC(=O)O,Cn1cnc([N+](=O)[O-])c1CC(=O)O,sour,pKa between 2 and 7,IUPAC Dissocation Constants,0,Cn1cnc([N+](=O)[O-])c1CC(=O)O,3,"InChI=1S/C6H7N3O4/c1-8-3-7-6(9(12)13)4(8)2-5(10)11/h3H,2H2,1H3,(H,10,11)",0,pKa Data
Cn1cnc([N+](=O)[O-])c1C[N+](=O)[O-],Cn1cnc([N+](=O)[O-])c1C[N+](=O)[O-],sour,pKa between 2 and 7,IUPAC Dissocation Constants,0,Cn1cnc([N+](=O)[O-])c1C[N+](=O)[O-],3,"InChI=1S/C5H6N4O4/c1-7-3-6-5(9(12)13)4(7)2-8(10)11/h3H,2H2,1H3",0,pKa Data
Cc1nc(C(=O)O)c(C)o1,Cc1nc(C(=O)O)c(C)o1,sour,pKa between 2 and 7,IUPAC Dissocation Constants,0,Cc1nc(C(=O)O)c(C)o1,3,"InChI=1S/C6H7NO3/c1-3-5(6(8)9)7-4(2)10-3/h1-2H3,(H,8,9)",0,pKa Data
Cc1nc(C)c(C(=O)O)o1,Cc1nc(C)c(C(=O)O)o1,sour,pKa between 2 and 7,IUPAC Dissocation Constants,0,Cc1nc(C)c(C(=O)O)o1,3,"InChI=1S/C6H7NO3/c1-3-5(6(8)9)10-4(2)7-3/h1-2H3,(H,8,9)",0,pKa Data
O=C(O)c1nc(-c2ccccc2)oc1-c1ccccc1,O=C(O)c1nc(-c2ccccc2)oc1-c1ccccc1,sour,pKa between 2 and 7,IUPAC Dissocation Constants,0,O=C(O)c1nc(-c2ccccc2)oc1-c1ccccc1,3,"InChI=1S/C16H11NO3/c18-16(19)13-14(11-7-3-1-4-8-11)20-15(17-13)12-9-5-2-6-10-12/h1-10H,(H,18,19)",0,pKa Data
Cc1nc(C(=O)O)co1,Cc1nc(C(=O)O)co1,sour,pKa between 2 and 7,IUPAC Dissocation Constants,0,Cc1nc(C(=O)O)co1,3,"InChI=1S/C5H5NO3/c1-3-6-4(2-9-3)5(7)8/h2H,1H3,(H,7,8)",0,pKa Data
Cc1ncoc1C(=O)O,Cc1ncoc1C(=O)O,sour,pKa between 2 and 7,IUPAC Dissocation Constants,0,Cc1ncoc1C(=O)O,3,"InChI=1S/C5H5NO3/c1-3-4(5(7)8)9-2-6-3/h2H,1H3,(H,7,8)",0,pKa Data
Cn1nc(O)ccc1=O,Cn1nc(O)ccc1=O,sour,pKa between 2 and 7,IUPAC Dissocation Constants,0,Cn1nc(O)ccc1=O,3,"InChI=1S/C5H6N2O2/c1-7-5(9)3-2-4(8)6-7/h2-3H,1H3,(H,6,8)",0,pKa Data
Oc1ccc(S)nn1,Oc1ccc(S)nn1,sour,pKa between 2 and 7,IUPAC Dissocation Constants,0,Oc1ccc(S)nn1,3,"InChI=1S/C4H4N2OS/c7-3-1-2-4(8)6-5-3/h1-2H,(H,5,7)(H,6,8)",0,pKa Data
COc1ccc(S)nn1,COc1ccc(S)nn1,sour,pKa between 2 and 7,IUPAC Dissocation Constants,0,COc1ccc(S)nn1,3,"InChI=1S/C5H6N2OS/c1-8-4-2-3-5(9)7-6-4/h2-3H,1H3,(H,7,9)",0,pKa Data
Sc1ncc(Br)cn1,Sc1ncc(Br)cn1,sour,pKa between 2 and 7,IUPAC Dissocation Constants,0,Sc1ncc(Br)cn1,3,"InChI=1S/C4H3BrN2S/c5-3-1-6-4(8)7-2-3/h1-2H,(H,6,7,8)",0,pKa Data
Sc1ncncc1Br,Sc1ncncc1Br,sour,pKa between 2 and 7,IUPAC Dissocation Constants,0,Sc1ncncc1Br,3,"InChI=1S/C4H3BrN2S/c5-3-1-6-2-7-4(3)8/h1-2H,(H,6,7,8)",0,pKa Data
CCCCc1c(O)ncnc1O,CCCCc1c(O)ncnc1O,sour,pKa between 2 and 7,IUPAC Dissocation Constants,0,CCCCc1c(O)ncnc1O,3,"InChI=1S/C8H12N2O2/c1-2-3-4-6-7(11)9-5-10-8(6)12/h5H,2-4H2,1H3,(H2,9,10,11,12)",0,pKa Data
CCCCc1nc(O)cc(S)n1,CCCCc1nc(O)cc(S)n1,sour,pKa between 2 and 7,IUPAC Dissocation Constants,0,CCCCc1nc(O)cc(S)n1,3,"InChI=1S/C8H12N2OS/c1-2-3-4-6-9-7(11)5-8(12)10-6/h5H,2-4H2,1H3,(H2,9,10,11,12)",0,pKa Data
CCCCc1c(O)ncnc1S,CCCCc1c(O)ncnc1S,sour,pKa between 2 and 7,IUPAC Dissocation Constants,0,CCCCc1c(O)ncnc1S,3,"InChI=1S/C8H12N2OS/c1-2-3-4-6-7(11)9-5-10-8(6)12/h5H,2-4H2,1H3,(H2,9,10,11,12)",0,pKa Data
Cc1cc(C)n(OCC(=O)O)c(=O)n1,Cc1cc(C)n(OCC(=O)O)c(=O)n1,sour,pKa between 2 and 7,IUPAC Dissocation Constants,0,Cc1cc(C)n(OCC(=O)O)c(=O)n1,3,"InChI=1S/C8H10N2O4/c1-5-3-6(2)10(8(13)9-5)14-4-7(11)12/h3H,4H2,1-2H3,(H,11,12)",0,pKa Data
Nc1ncc(C(=O)O)c(N)n1,Nc1ncc(C(=O)O)c(N)n1,sour,pKa between 2 and 7,IUPAC Dissocation Constants,0,Nc1ncc(C(=O)O)c(N)n1,3,"InChI=1S/C5H6N4O2/c6-3-2(4(10)11)1-8-5(7)9-3/h1H,(H,10,11)(H4,6,7,8,9)",0,pKa Data
CNc1nc(N)[nH]c(=O)c1N,CNc1nc(N)[nH]c(=O)c1N,sour,pKa between 2 and 7,IUPAC Dissocation Constants,0,CNc1nc(N)[nH]c(=O)c1N,3,"InChI=1S/C5H9N5O/c1-8-3-2(6)4(11)10-5(7)9-3/h6H2,1H3,(H4,7,8,9,10,11)",0,pKa Data
Cc1cc(C)n(O)c(=O)n1,Cc1cc(C)n(O)c(=O)n1,sour,pKa between 2 and 7,IUPAC Dissocation Constants,0,Cc1cc(C)n(O)c(=O)n1,3,"InChI=1S/C6H8N2O2/c1-4-3-5(2)8(10)6(9)7-4/h3,10H,1-2H3",0,pKa Data
Cn1cnc(=S)cc1O,Cn1cnc(=S)cc1O,sour,pKa between 2 and 7,IUPAC Dissocation Constants,0,Cn1cnc(=S)cc1O,3,"InChI=1S/C5H6N2OS/c1-7-3-6-4(9)2-5(7)8/h2-3,9H,1H3",0,pKa Data
Cn1cnc(O)cc1=S,Cn1cnc(O)cc1=S,sour,pKa between 2 and 7,IUPAC Dissocation Constants,0,Cn1cnc(O)cc1=S,3,"InChI=1S/C5H6N2OS/c1-7-3-6-4(8)2-5(7)9/h2-3,9H,1H3",0,pKa Data
CC(C)c1c(O)ncnc1O,CC(C)c1c(O)ncnc1O,sour,pKa between 2 and 7,IUPAC Dissocation Constants,0,CC(C)c1c(O)ncnc1O,3,"InChI=1S/C7H10N2O2/c1-4(2)5-6(10)8-3-9-7(5)11/h3-4H,1-2H3,(H2,8,9,10,11)",0,pKa Data
Cc1nc(O)cc(O)n1,Cc1nc(O)cc(O)n1,sour,pKa between 2 and 7,IUPAC Dissocation Constants,0,Cc1nc(O)cc(O)n1,3,"InChI=1S/C5H6N2O2/c1-3-6-4(8)2-5(9)7-3/h2H,1H3,(H2,6,7,8,9)",0,pKa Data
Cc1c(O)ncnc1O,Cc1c(O)ncnc1O,sour,pKa between 2 and 7,IUPAC Dissocation Constants,0,Cc1c(O)ncnc1O,3,"InChI=1S/C5H6N2O2/c1-3-4(8)6-2-7-5(3)9/h2H,1H3,(H2,6,7,8,9)",0,pKa Data
CCCc1nc(O)cc(O)n1,CCCc1nc(O)cc(O)n1,sour,pKa between 2 and 7,IUPAC Dissocation Constants,0,CCCc1nc(O)cc(O)n1,3,"InChI=1S/C7H10N2O2/c1-2-3-5-8-6(10)4-7(11)9-5/h4H,2-3H2,1H3,(H2,8,9,10,11)",0,pKa Data
CC(C)c1c(O)ncnc1S,CC(C)c1c(O)ncnc1S,sour,pKa between 2 and 7,IUPAC Dissocation Constants,0,CC(C)c1c(O)ncnc1S,3,"InChI=1S/C7H10N2OS/c1-4(2)5-6(10)8-3-9-7(5)11/h3-4H,1-2H3,(H2,8,9,10,11)",0,pKa Data
Oc1cc(S)ncn1,Oc1cc(S)ncn1,sour,pKa between 2 and 7,IUPAC Dissocation Constants,0,Oc1cc(S)ncn1,3,"InChI=1S/C4H4N2OS/c7-3-1-4(8)6-2-5-3/h1-2H,(H2,5,6,7,8)",0,pKa Data
Cc1c(O)ncnc1S,Cc1c(O)ncnc1S,sour,pKa between 2 and 7,IUPAC Dissocation Constants,0,Cc1c(O)ncnc1S,3,"InChI=1S/C5H6N2OS/c1-3-4(8)6-2-7-5(3)9/h2H,1H3,(H2,6,7,8,9)",0,pKa Data
Cc1csc(C(=O)O)n1,Cc1csc(C(=O)O)n1,sour,pKa between 2 and 7,IUPAC Dissocation Constants,0,Cc1csc(C(=O)O)n1,3,"InChI=1S/C5H5NO2S/c1-3-2-9-4(6-3)5(7)8/h2H,1H3,(H,7,8)",0,pKa Data
O=C(O)C1CSCN1,O=C(O)C1CSCN1,sour,pKa between 2 and 7,IUPAC Dissocation Constants,0,O=C(O)C1CSCN1,3,"InChI=1S/C4H7NO2S/c6-4(7)3-1-8-2-5-3/h3,5H,1-2H2,(H,6,7)",0,pKa Data
CC1(C)SCNC1C(=O)O,CC1(C)SCNC1C(=O)O,sour,pKa between 2 and 7,IUPAC Dissocation Constants,0,CC1(C)SCNC1C(=O)O,3,"InChI=1S/C6H11NO2S/c1-6(2)4(5(8)9)7-3-10-6/h4,7H,3H2,1-2H3,(H,8,9)",0,pKa Data
Cn1nc(N)c(C(=O)O)n1,Cn1nc(N)c(C(=O)O)n1,sour,pKa between 2 and 7,IUPAC Dissocation Constants,0,Cn1nc(N)c(C(=O)O)n1,3,"InChI=1S/C4H6N4O2/c1-8-6-2(4(9)10)3(5)7-8/h1H3,(H2,5,7)(H,9,10)",0,pKa Data
O=Cc1c[nH]nn1,O=Cc1c[nH]nn1,sour,pKa between 2 and 7,IUPAC Dissocation Constants,0,O=Cc1c[nH]nn1,3,"InChI=1S/C3H3N3O/c7-2-3-1-4-6-5-3/h1-2H,(H,4,5,6)",0,pKa Data
Cc1c(C#N)c(O)nc2c1CCO2,Cc1c(C#N)c(O)nc2c1CCO2,sour,pKa between 2 and 7,IUPAC Dissocation Constants,0,Cc1c(C#N)c(O)nc2c1CCO2,3,"InChI=1S/C9H8N2O2/c1-5-6-2-3-13-9(6)11-8(12)7(5)4-10/h2-3H2,1H3,(H,11,12)",0,pKa Data
Clc1cc2[nH]c(Cl)nc2cn1,Clc1cc2[nH]c(Cl)nc2cn1,sour,pKa between 2 and 7,IUPAC Dissocation Constants,0,Clc1cc2[nH]c(Cl)nc2cn1,3,"InChI=1S/C6H3Cl2N3/c7-5-1-3-4(2-9-5)11-6(8)10-3/h1-2H,(H,10,11)",0,pKa Data
CC(=O)Nc1ncc2ncc(O)nc2n1,CC(=O)Nc1ncc2ncc(O)nc2n1,sour,pKa between 2 and 7,IUPAC Dissocation Constants,0,CC(=O)Nc1ncc2ncc(O)nc2n1,3,"InChI=1S/C8H7N5O2/c1-4(14)11-8-10-2-5-7(13-8)12-6(15)3-9-5/h2-3H,1H3,(H2,10,11,12,13,14,15)",0,pKa Data
CC(C)Oc1nc(N)nc2c1nc(C(=O)O)c(=O)n2C,CC(C)Oc1nc(N)nc2c1nc(C(=O)O)c(=O)n2C,sour,pKa between 2 and 7,IUPAC Dissocation Constants,0,CC(C)Oc1nc(N)nc2c1nc(C(=O)O)c(=O)n2C,3,"InChI=1S/C11H13N5O4/c1-4(2)20-8-5-7(14-11(12)15-8)16(3)9(17)6(13-5)10(18)19/h4H,1-3H3,(H,18,19)(H2,12,14,15)",0,pKa Data
COc1nc(N)nc2c1nc(C(=O)O)c(=O)n2C,COc1nc(N)nc2c1nc(C(=O)O)c(=O)n2C,sour,pKa between 2 and 7,IUPAC Dissocation Constants,0,COc1nc(N)nc2c1nc(C(=O)O)c(=O)n2C,3,"InChI=1S/C9H9N5O4/c1-14-5-3(6(18-2)13-9(10)12-5)11-4(7(14)15)8(16)17/h1-2H3,(H,16,17)(H2,10,12,13)",0,pKa Data
CC(C)Oc1nc(N)nc2nc(O)c(C(=O)O)nc12,CC(C)Oc1nc(N)nc2nc(O)c(C(=O)O)nc12,sour,pKa between 2 and 7,IUPAC Dissocation Constants,0,CC(C)Oc1nc(N)nc2nc(O)c(C(=O)O)nc12,3,"InChI=1S/C10H11N5O4/c1-3(2)19-8-4-6(14-10(11)15-8)13-7(16)5(12-4)9(17)18/h3H,1-2H3,(H,17,18)(H3,11,13,14,15,16)",0,pKa Data
CC(C)Oc1nc(N)nc2nc(O)c(C#N)nc12,CC(C)Oc1nc(N)nc2nc(O)c(C#N)nc12,sour,pKa between 2 and 7,IUPAC Dissocation Constants,0,CC(C)Oc1nc(N)nc2nc(O)c(C#N)nc12,3,"InChI=1S/C10H10N6O2/c1-4(2)18-9-6-7(15-10(12)16-9)14-8(17)5(3-11)13-6/h4H,1-2H3,(H3,12,14,15,16,17)",0,pKa Data
Cn1c(N)nc2ncc(O)nc2c1=O,Cn1c(N)nc2ncc(O)nc2c1=O,sour,pKa between 2 and 7,IUPAC Dissocation Constants,0,Cn1c(N)nc2ncc(O)nc2c1=O,3,"InChI=1S/C7H7N5O2/c1-12-6(14)4-5(11-7(12)8)9-2-3(13)10-4/h2H,1H3,(H,10,13)(H2,8,9,11)",0,pKa Data
Nc1nc(N)c2nc(C(=O)O)cnc2n1,Nc1nc(N)c2nc(C(=O)O)cnc2n1,sour,pKa between 2 and 7,IUPAC Dissocation Constants,0,Nc1nc(N)c2nc(C(=O)O)cnc2n1,3,"InChI=1S/C7H6N6O2/c8-4-3-5(13-7(9)12-4)10-1-2(11-3)6(14)15/h1H,(H,14,15)(H4,8,9,10,12,13)",0,pKa Data
Sc1nc2cncnc2nc1S,Sc1nc2cncnc2nc1S,sour,pKa between 2 and 7,IUPAC Dissocation Constants,0,Sc1nc2cncnc2nc1S,3,"InChI=1S/C6H4N4S2/c11-5-6(12)10-4-3(9-5)1-7-2-8-4/h1-2H,(H,9,11)(H,7,8,10,12)",0,pKa Data
Oc1nc2cncnc2nc1S,Oc1nc2cncnc2nc1S,sour,pKa between 2 and 7,IUPAC Dissocation Constants,0,Oc1nc2cncnc2nc1S,3,"InChI=1S/C6H4N4OS/c11-5-6(12)10-4-3(9-5)1-7-2-8-4/h1-2H,(H,9,11)(H,7,8,10,12)",0,pKa Data
Oc1nc2ncncc2nc1S,Oc1nc2ncncc2nc1S,sour,pKa between 2 and 7,IUPAC Dissocation Constants,0,Oc1nc2ncncc2nc1S,3,"InChI=1S/C6H4N4OS/c11-5-6(12)9-3-1-7-2-8-4(3)10-5/h1-2H,(H,9,12)(H,7,8,10,11)",0,pKa Data
Sc1cnc2ncncc2n1,Sc1cnc2ncncc2n1,sour,pKa between 2 and 7,IUPAC Dissocation Constants,0,Sc1cnc2ncncc2n1,3,"InChI=1S/C6H4N4S/c11-5-2-8-6-4(10-5)1-7-3-9-6/h1-3H,(H,10,11)",0,pKa Data
Cn1c(N)nc2nc(C(F)(F)F)[nH]c2c1=O,Cn1c(N)nc2nc(C(F)(F)F)[nH]c2c1=O,sour,pKa between 2 and 7,IUPAC Dissocation Constants,0,Cn1c(N)nc2nc(C(F)(F)F)[nH]c2c1=O,3,"InChI=1S/C7H6F3N5O/c1-15-4(16)2-3(14-6(15)11)13-5(12-2)7(8,9)10/h1H3,(H2,11,14)(H,12,13)",0,pKa Data
Nc1nc(O)c2[nH]c(C(F)(F)F)nc2n1,Nc1nc(O)c2[nH]c(C(F)(F)F)nc2n1,sour,pKa between 2 and 7,IUPAC Dissocation Constants,0,Nc1nc(O)c2[nH]c(C(F)(F)F)nc2n1,3,"InChI=1S/C6H4F3N5O/c7-6(8,9)4-11-1-2(12-4)13-5(10)14-3(1)15/h(H4,10,11,12,13,14,15)",0,pKa Data
CS(=O)(=O)c1nc2nc(N)ncc2[nH]1,CS(=O)(=O)c1nc2nc(N)ncc2[nH]1,sour,pKa between 2 and 7,IUPAC Dissocation Constants,0,CS(=O)(=O)c1nc2nc(N)ncc2[nH]1,3,"InChI=1S/C6H7N5O2S/c1-14(12,13)6-9-3-2-8-5(7)10-4(3)11-6/h2H,1H3,(H3,7,8,9,10,11)",0,pKa Data
Nc1ncc2[nH]c(C(F)(F)F)nc2n1,Nc1ncc2[nH]c(C(F)(F)F)nc2n1,sour,pKa between 2 and 7,IUPAC Dissocation Constants,0,Nc1ncc2[nH]c(C(F)(F)F)nc2n1,3,"InChI=1S/C6H4F3N5/c7-6(8,9)4-12-2-1-11-5(10)14-3(2)13-4/h1H,(H3,10,11,12,13,14)",0,pKa Data
Clc1nc2ncncc2[nH]1,Clc1nc2ncncc2[nH]1,sour,pKa between 2 and 7,IUPAC Dissocation Constants,0,Clc1nc2ncncc2[nH]1,3,"InChI=1S/C5H3ClN4/c6-5-9-3-1-7-2-8-4(3)10-5/h1-2H,(H,7,8,9,10)",0,pKa Data
Cc1nc(S)nc2c1nc(S)n2C,Cc1nc(S)nc2c1nc(S)n2C,sour,pKa between 2 and 7,IUPAC Dissocation Constants,0,Cc1nc(S)nc2c1nc(S)n2C,3,"InChI=1S/C7H8N4S2/c1-3-4-5(10-6(12)8-3)11(2)7(13)9-4/h1-2H3,(H,9,13)(H,8,10,12)",0,pKa Data
CS(=O)(=O)c1nc2ncncc2[nH]1,CS(=O)(=O)c1nc2ncncc2[nH]1,sour,pKa between 2 and 7,IUPAC Dissocation Constants,0,CS(=O)(=O)c1nc2ncncc2[nH]1,3,"InChI=1S/C6H6N4O2S/c1-13(11,12)6-9-4-2-7-3-8-5(4)10-6/h2-3H,1H3,(H,7,8,9,10)",0,pKa Data
Clc1nc(Cl)c2[nH]c(Cl)nc2n1,Clc1nc(Cl)c2[nH]c(Cl)nc2n1,sour,pKa between 2 and 7,IUPAC Dissocation Constants,0,Clc1nc(Cl)c2[nH]c(Cl)nc2n1,3,"InChI=1S/C5HCl3N4/c6-2-1-3(11-4(7)9-1)12-5(8)10-2/h(H,9,10,11,12)",0,pKa Data
c1ncc2nn[nH]c2n1,c1ncc2nn[nH]c2n1,sour,pKa between 2 and 7,IUPAC Dissocation Constants,0,c1ncc2nn[nH]c2n1,3,"InChI=1S/C4H3N5/c1-3-4(6-2-5-1)8-9-7-3/h1-2H,(H,5,6,7,8,9)",0,pKa Data
Nc1ncc2nn[nH]c2n1,Nc1ncc2nn[nH]c2n1,sour,pKa between 2 and 7,IUPAC Dissocation Constants,0,Nc1ncc2nn[nH]c2n1,3,"InChI=1S/C4H4N6/c5-4-6-1-2-3(7-4)9-10-8-2/h1H,(H3,5,6,7,8,9,10)",0,pKa Data
Nc1ncnc2[nH]nnc12,Nc1ncnc2[nH]nnc12,sour,pKa between 2 and 7,IUPAC Dissocation Constants,0,Nc1ncnc2[nH]nnc12,3,"InChI=1S/C4H4N6/c5-3-2-4(7-1-6-3)9-10-8-2/h1H,(H3,5,6,7,8,9,10)",0,pKa Data
Nc1nc(O)c2nn[nH]c2n1,Nc1nc(O)c2nn[nH]c2n1,sour,pKa between 2 and 7,IUPAC Dissocation Constants,0,Nc1nc(O)c2nn[nH]c2n1,3,"InChI=1S/C4H4N6O/c5-4-6-2-1(3(11)7-4)8-10-9-2/h(H4,5,6,7,8,9,10,11)",0,pKa Data
Cc1nc(N)nc2[nH]nnc12,Cc1nc(N)nc2[nH]nnc12,sour,pKa between 2 and 7,IUPAC Dissocation Constants,0,Cc1nc(N)nc2[nH]nnc12,3,"InChI=1S/C5H6N6/c1-2-3-4(10-11-9-3)8-5(6)7-2/h1H3,(H3,6,7,8,9,10,11)",0,pKa Data
Oc1ncc2nn[nH]c2n1,Oc1ncc2nn[nH]c2n1,sour,pKa between 2 and 7,IUPAC Dissocation Constants,0,Oc1ncc2nn[nH]c2n1,3,"InChI=1S/C4H3N5O/c10-4-5-1-2-3(6-4)8-9-7-2/h1H,(H2,5,6,7,8,9,10)",0,pKa Data
Oc1ncnc2[nH]nnc12,Oc1ncnc2[nH]nnc12,sour,pKa between 2 and 7,IUPAC Dissocation Constants,0,Oc1ncnc2[nH]nnc12,3,"InChI=1S/C4H3N5O/c10-4-2-3(5-1-6-4)8-9-7-2/h1H,(H2,5,6,7,8,9,10)",0,pKa Data
Cc1nc(O)nc2[nH]nnc12,Cc1nc(O)nc2[nH]nnc12,sour,pKa between 2 and 7,IUPAC Dissocation Constants,0,Cc1nc(O)nc2[nH]nnc12,3,"InChI=1S/C5H5N5O/c1-2-3-4(9-10-8-3)7-5(11)6-2/h1H3,(H2,6,7,8,9,10,11)",0,pKa Data
Cc1ncc2nn[nH]c2n1,Cc1ncc2nn[nH]c2n1,sour,pKa between 2 and 7,IUPAC Dissocation Constants,0,Cc1ncc2nn[nH]c2n1,3,"InChI=1S/C5H5N5/c1-3-6-2-4-5(7-3)9-10-8-4/h2H,1H3,(H,6,7,8,9,10)",0,pKa Data
Cc1ncnc2[nH]nnc12,Cc1ncnc2[nH]nnc12,sour,pKa between 2 and 7,IUPAC Dissocation Constants,0,Cc1ncnc2[nH]nnc12,3,"InChI=1S/C5H5N5/c1-3-4-5(7-2-6-3)9-10-8-4/h2H,1H3,(H,6,7,8,9,10)",0,pKa Data
CSc1nc(C)c2nn[nH]c2n1,CSc1nc(C)c2nn[nH]c2n1,sour,pKa between 2 and 7,IUPAC Dissocation Constants,0,CSc1nc(C)c2nn[nH]c2n1,3,"InChI=1S/C6H7N5S/c1-3-4-5(10-11-9-4)8-6(7-3)12-2/h1-2H3,(H,7,8,9,10,11)",0,pKa Data
CSc1ncc2nn[nH]c2n1,CSc1ncc2nn[nH]c2n1,sour,pKa between 2 and 7,IUPAC Dissocation Constants,0,CSc1ncc2nn[nH]c2n1,3,"InChI=1S/C5H5N5S/c1-11-5-6-2-3-4(7-5)9-10-8-3/h2H,1H3,(H,6,7,8,9,10)",0,pKa Data
NC(=O)CN(CC(=O)O)CC(=O)O,NC(=O)CN(CC(=O)O)CC(=O)O,sour,pKa between 2 and 7,IUPAC Dissocation Constants,0,NC(=O)CN(CC(=O)O)CC(=O)O,3,"InChI=1S/C6H10N2O5/c7-4(9)1-8(2-5(10)11)3-6(12)13/h1-3H2,(H2,7,9)(H,10,11)(H,12,13)",0,pKa Data
Nc1cc(Br)ccc1C(=O)O,Nc1cc(Br)ccc1C(=O)O,sour,pKa between 2 and 7,IUPAC Dissocation Constants,0,Nc1cc(Br)ccc1C(=O)O,3,"InChI=1S/C7H6BrNO2/c8-4-1-2-5(7(10)11)6(9)3-4/h1-3H,9H2,(H,10,11)",0,pKa Data
Nc1ccc(Br)cc1C(=O)O,Nc1ccc(Br)cc1C(=O)O,sour,pKa between 2 and 7,IUPAC Dissocation Constants,0,Nc1ccc(Br)cc1C(=O)O,3,"InChI=1S/C7H6BrNO2/c8-4-1-2-6(9)5(3-4)7(10)11/h1-3H,9H2,(H,10,11)",0,pKa Data
Nc1cc(Cl)ccc1C(=O)O,Nc1cc(Cl)ccc1C(=O)O,sour,pKa between 2 and 7,IUPAC Dissocation Constants,0,Nc1cc(Cl)ccc1C(=O)O,3,"InChI=1S/C7H6ClNO2/c8-4-1-2-5(7(10)11)6(9)3-4/h1-3H,9H2,(H,10,11)",0,pKa Data
Nc1ccc(Cl)cc1C(=O)O,Nc1ccc(Cl)cc1C(=O)O,sour,pKa between 2 and 7,IUPAC Dissocation Constants,0,Nc1ccc(Cl)cc1C(=O)O,3,"InChI=1S/C7H6ClNO2/c8-4-1-2-6(9)5(3-4)7(10)11/h1-3H,9H2,(H,10,11)",0,pKa Data
Nc1cc(F)ccc1C(=O)O,Nc1cc(F)ccc1C(=O)O,sour,pKa between 2 and 7,IUPAC Dissocation Constants,0,Nc1cc(F)ccc1C(=O)O,3,"InChI=1S/C7H6FNO2/c8-4-1-2-5(7(10)11)6(9)3-4/h1-3H,9H2,(H,10,11)",0,pKa Data
Nc1ccc(F)cc1C(=O)O,Nc1ccc(F)cc1C(=O)O,sour,pKa between 2 and 7,IUPAC Dissocation Constants,0,Nc1ccc(F)cc1C(=O)O,3,"InChI=1S/C7H6FNO2/c8-4-1-2-6(9)5(3-4)7(10)11/h1-3H,9H2,(H,10,11)",0,pKa Data
Nc1ccc(O)cc1C(=O)O,Nc1ccc(O)cc1C(=O)O,sour,pKa between 2 and 7,IUPAC Dissocation Constants,0,Nc1ccc(O)cc1C(=O)O,3,"InChI=1S/C7H7NO3/c8-6-2-1-4(9)3-5(6)7(10)11/h1-3,9H,8H2,(H,10,11)",0,pKa Data
O=C(O)c1ccccc1NCCO,O=C(O)c1ccccc1NCCO,sour,pKa between 2 and 7,IUPAC Dissocation Constants,0,O=C(O)c1ccccc1NCCO,3,"InChI=1S/C9H11NO3/c11-6-5-10-8-4-2-1-3-7(8)9(12)13/h1-4,10-11H,5-6H2,(H,12,13)",0,pKa Data
COc1ccc(C(=O)O)c(N)c1,COc1ccc(C(=O)O)c(N)c1,sour,pKa between 2 and 7,IUPAC Dissocation Constants,0,COc1ccc(C(=O)O)c(N)c1,3,"InChI=1S/C8H9NO3/c1-12-5-2-3-6(8(10)11)7(9)4-5/h2-4H,9H2,1H3,(H,10,11)",0,pKa Data
COc1ccc(N)c(C(=O)O)c1,COc1ccc(N)c(C(=O)O)c1,sour,pKa between 2 and 7,IUPAC Dissocation Constants,0,COc1ccc(N)c(C(=O)O)c1,3,"InChI=1S/C8H9NO3/c1-12-5-2-3-7(9)6(4-5)8(10)11/h2-4H,9H2,1H3,(H,10,11)",0,pKa Data
Cc1ccc(C(=O)O)c(N)c1,Cc1ccc(C(=O)O)c(N)c1,sour,pKa between 2 and 7,IUPAC Dissocation Constants,0,Cc1ccc(C(=O)O)c(N)c1,3,"InChI=1S/C8H9NO2/c1-5-2-3-6(8(10)11)7(9)4-5/h2-4H,9H2,1H3,(H,10,11)",0,pKa Data
Cc1ccc(N)c(C(=O)O)c1,Cc1ccc(N)c(C(=O)O)c1,sour,pKa between 2 and 7,IUPAC Dissocation Constants,0,Cc1ccc(N)c(C(=O)O)c1,3,"InChI=1S/C8H9NO2/c1-5-2-3-7(9)6(4-5)8(10)11/h2-4H,9H2,1H3,(H,10,11)",0,pKa Data
Nc1cc([N+](=O)[O-])ccc1C(=O)O,Nc1cc([N+](=O)[O-])ccc1C(=O)O,sour,pKa between 2 and 7,IUPAC Dissocation Constants,0,Nc1cc([N+](=O)[O-])ccc1C(=O)O,3,"InChI=1S/C7H6N2O4/c8-6-3-4(9(12)13)1-2-5(6)7(10)11/h1-3H,8H2,(H,10,11)",0,pKa Data
Nc1ccc(Oc2ccccc2)cc1C(=O)O,Nc1ccc(Oc2ccccc2)cc1C(=O)O,sour,pKa between 2 and 7,IUPAC Dissocation Constants,0,Nc1ccc(Oc2ccccc2)cc1C(=O)O,3,"InChI=1S/C13H11NO3/c14-12-7-6-10(8-11(12)13(15)16)17-9-4-2-1-3-5-9/h1-8H,14H2,(H,15,16)",0,pKa Data
NOCC(=O)O,NOCC(=O)O,sour,pKa between 2 and 7,IUPAC Dissocation Constants,0,NOCC(=O)O,3,"InChI=1S/C2H5NO3/c3-6-1-2(4)5/h1,3H2,(H,4,5)",0,pKa Data
CC(CC(=O)O)ON,CC(CC(=O)O)ON,sour,pKa between 2 and 7,IUPAC Dissocation Constants,0,CC(CC(=O)O)ON,3,"InChI=1S/C4H9NO3/c1-3(8-5)2-4(6)7/h3H,2,5H2,1H3,(H,6,7)",0,pKa Data
O=C(O)C[C@H](NCc1ccccc1)C(=O)O,O=C(O)C[C@H](NCc1ccccc1)C(=O)O,sour,pKa between 2 and 7,IUPAC Dissocation Constants,0,O=C(O)C[C@H](NCc1ccccc1)C(=O)O,3,"InChI=1S/C11H13NO4/c13-10(14)6-9(11(15)16)12-7-8-4-2-1-3-5-8/h1-5,9,12H,6-7H2,(H,13,14)(H,15,16)",0,pKa Data
CCNc1ccccc1C(=O)O,CCNc1ccccc1C(=O)O,sour,pKa between 2 and 7,IUPAC Dissocation Constants,0,CCNc1ccccc1C(=O)O,3,"InChI=1S/C9H11NO2/c1-2-10-8-6-4-3-5-7(8)9(11)12/h3-6,10H,2H2,1H3,(H,11,12)",0,pKa Data
N[C@@H](CO)C(=O)N[C@@H](CCC(=O)O)C(=O)O,N[C@@H](CO)C(=O)N[C@@H](CCC(=O)O)C(=O)O,sour,pKa between 2 and 7,IUPAC Dissocation Constants,0,N[C@@H](CO)C(=O)N[C@@H](CCC(=O)O)C(=O)O,3,"InChI=1S/C8H14N2O6/c9-4(3-11)7(14)10-5(8(15)16)1-2-6(12)13/h4-5,11H,1-3,9H2,(H,10,14)(H,12,13)(H,15,16)",0,pKa Data
CC(=O)NCC(=O)NCC(=O)N[C@@H](Cc1cnc[nH]1)C(=O)NCC(=O)O,CC(=O)NCC(=O)NCC(=O)N[C@@H](Cc1cnc[nH]1)C(=O)NCC(=O)O,sour,pKa between 2 and 7,IUPAC Dissocation Constants,0,CC(=O)NCC(=O)NCC(=O)N[C@@H](Cc1cnc[nH]1)C(=O)NCC(=O)O,3,"InChI=1S/C14H20N6O6/c1-8(21)16-4-11(22)17-5-12(23)20-10(2-9-3-15-7-19-9)14(26)18-6-13(24)25/h3,7,10H,2,4-6H2,1H3,(H,15,19)(H,16,21)(H,17,22)(H,18,26)(H,20,23)(H,24,25)",0,pKa Data
N[C@@H](Cc1cnc[nH]1)C(=O)NCC(=O)O,N[C@@H](Cc1cnc[nH]1)C(=O)NCC(=O)O,sour,pKa between 2 and 7,IUPAC Dissocation Constants,0,N[C@@H](Cc1cnc[nH]1)C(=O)NCC(=O)O,3,"InChI=1S/C8H12N4O3/c9-6(1-5-2-10-4-12-5)8(15)11-3-7(13)14/h2,4,6H,1,3,9H2,(H,10,12)(H,11,15)(H,13,14)",0,pKa Data
O=C(CCNC(=O)OCc1ccccc1)N[C@@H](Cc1cnc[nH]1)C(=O)O,O=C(CCNC(=O)OCc1ccccc1)N[C@@H](Cc1cnc[nH]1)C(=O)O,sour,pKa between 2 and 7,IUPAC Dissocation Constants,0,O=C(CCNC(=O)OCc1ccccc1)N[C@@H](Cc1cnc[nH]1)C(=O)O,3,"InChI=1S/C17H20N4O5/c22-15(21-14(16(23)24)8-13-9-18-11-20-13)6-7-19-17(25)26-10-12-4-2-1-3-5-12/h1-5,9,11,14H,6-8,10H2,(H,18,20)(H,19,25)(H,21,22)(H,23,24)",0,pKa Data
O=C(O)C#CCN1CCOCC1,O=C(O)C#CCN1CCOCC1,sour,pKa between 2 and 7,IUPAC Dissocation Constants,0,O=C(O)C#CCN1CCOCC1,3,"InChI=1S/C8H11NO3/c10-8(11)2-1-3-9-4-6-12-7-5-9/h3-7H2,(H,10,11)",0,pKa Data
O=S(=O)(O)CCN1CCN(CCS(=O)(=O)O)CC1,O=S(=O)(O)CCN1CCN(CCS(=O)(=O)O)CC1,sour,pKa between 2 and 7,IUPAC Dissocation Constants,0,O=S(=O)(O)CCN1CCN(CCS(=O)(=O)O)CC1,3,"InChI=1S/C8H18N2O6S2/c11-17(12,13)7-5-9-1-2-10(4-3-9)6-8-18(14,15)16/h1-8H2,(H,11,12,13)(H,14,15,16)",0,pKa Data
O=C(O)Cc1ccccn1,O=C(O)Cc1ccccn1,sour,pKa between 2 and 7,IUPAC Dissocation Constants,0,O=C(O)Cc1ccccn1,3,"InChI=1S/C7H7NO2/c9-7(10)5-6-3-1-2-4-8-6/h1-4H,5H2,(H,9,10)",0,pKa Data
CC1(C)S[C@@H]2[C@H](N)C(=O)N2[C@H]1C(=O)O,CC1(C)S[C@@H]2[C@H](N)C(=O)N2[C@H]1C(=O)O,sour,pKa between 2 and 7,IUPAC Dissocation Constants,0,CC1(C)S[C@@H]2[C@H](N)C(=O)N2[C@H]1C(=O)O,3,"InChI=1S/C8H12N2O3S/c1-8(2)4(7(12)13)10-5(11)3(9)6(10)14-8/h3-4,6H,9H2,1-2H3,(H,12,13)",0,pKa Data
CC1(C)SC(CNC(=O)Cc2ccccc2)NC1C(=O)O,CC1(C)SC(CNC(=O)Cc2ccccc2)NC1C(=O)O,sour,pKa between 2 and 7,IUPAC Dissocation Constants,0,CC1(C)SC(CNC(=O)Cc2ccccc2)NC1C(=O)O,3,"InChI=1S/C15H20N2O3S/c1-15(2)13(14(19)20)17-12(21-15)9-16-11(18)8-10-6-4-3-5-7-10/h3-7,12-13,17H,8-9H2,1-2H3,(H,16,18)(H,19,20)",0,pKa Data
O=[N+]([O-])C[N+](=O)[O-],O=[N+]([O-])C[N+](=O)[O-],sour,pKa between 2 and 7,IUPAC Dissocation Constants,0,O=[N+]([O-])C[N+](=O)[O-],3,"InChI=1S/CH2N2O4/c4-2(5)1-3(6)7/h1H,(H,4,5)",0,pKa Data
NC(=S)S,NC(=S)S,sour,pKa between 2 and 7,IUPAC Dissocation Constants,0,NC(=S)S,3,"InChI=1S/CH3NS2/c2-1(3)4/h(H3,2,3,4)",0,pKa Data
O=C(O)[GeH3],O=C(O)[GeH3],sour,pKa between 2 and 7,IUPAC Dissocation Constants,0,O=C(O)[GeH3],3,"InChI=1S/CH4GeO2/c2-1(3)4/h2H3,(H,3,4)",0,pKa Data
CP(=O)(O)O,CP(=O)(O)O,sour,pKa between 2 and 7,IUPAC Dissocation Constants,0,CP(=O)(O)O,3,"InChI=1S/CH5O3P/c1-5(2,3)4/h1H3,(H2,2,3,4)",0,pKa Data
COP(=O)(O)OP(=O)(O)OP(=O)(O)O,COP(=O)(O)OP(=O)(O)OP(=O)(O)O,sour,pKa between 2 and 7,IUPAC Dissocation Constants,0,COP(=O)(O)OP(=O)(O)OP(=O)(O)O,3,"InChI=1S/CH7O10P3/c1-9-13(5,6)11-14(7,8)10-12(2,3)4/h1H3,(H,5,6)(H,7,8)(H2,2,3,4)",0,pKa Data
O=[N+]([O-])C(Cl)Cl,O=[N+]([O-])C(Cl)Cl,sour,pKa between 2 and 7,IUPAC Dissocation Constants,0,O=[N+]([O-])C(Cl)Cl,3,"InChI=1S/CHCl2NO2/c2-1(3)4(5)6/h(H,5,6)",0,pKa Data
O=[N+]([O-])C(Cl)[N+](=O)[O-],O=[N+]([O-])C(Cl)[N+](=O)[O-],sour,pKa between 2 and 7,IUPAC Dissocation Constants,0,O=[N+]([O-])C(Cl)[N+](=O)[O-],3,"InChI=1S/CHClN2O4/c2-1(3(5)6)4(7)8/h(H,5,6)",0,pKa Data
O=[N+]([O-])C(Br)[N+](=O)[O-],O=[N+]([O-])C(Br)[N+](=O)[O-],sour,pKa between 2 and 7,IUPAC Dissocation Constants,0,O=[N+]([O-])C(Br)[N+](=O)[O-],3,"InChI=1S/CHBrN2O4/c2-1(3(5)6)4(7)8/h(H,5,6)",0,pKa Data
O=[N+]([O-])C(I)[N+](=O)[O-],O=[N+]([O-])C(I)[N+](=O)[O-],sour,pKa between 2 and 7,IUPAC Dissocation Constants,0,O=[N+]([O-])C(I)[N+](=O)[O-],3,"InChI=1S/CHIN2O4/c2-1(3(5)6)4(7)8/h(H,5,6)",0,pKa Data
O=CC(=O)O,O=CC(=O)O,sour,pKa between 2 and 7,IUPAC Dissocation Constants,0,O=CC(=O)O,3,"InChI=1S/C2H2O3/c3-1-2(4)5/h1H,(H,4,5)",0,pKa Data
O=C(O)CO,O=C(O)CO,sour,pKa between 2 and 7,IUPAC Dissocation Constants,0,O=C(O)CO,3,"InChI=1S/C2H4O3/c3-1-2(4)5/h3H,1H2,(H,4,5)",0,pKa Data
O=C(O)CCl,O=C(O)CCl,sour,pKa between 2 and 7,IUPAC Dissocation Constants,0,O=C(O)CCl,3,"InChI=1S/C2H3ClO2/c3-1-2(4)5/h1H2,(H,4,5)",0,pKa Data
O=C(O)CBr,O=C(O)CBr,sour,pKa between 2 and 7,IUPAC Dissocation Constants,0,O=C(O)CBr,3,"InChI=1S/C2H3BrO2/c3-1-2(4)5/h1H2,(H,4,5)",0,pKa Data
O=C(O)CI,O=C(O)CI,sour,pKa between 2 and 7,IUPAC Dissocation Constants,0,O=C(O)CI,3,"InChI=1S/C2H3IO2/c3-1-2(4)5/h1H2,(H,4,5)",0,pKa Data
O=C(O)CF,O=C(O)CF,sour,pKa between 2 and 7,IUPAC Dissocation Constants,0,O=C(O)CF,3,"InChI=1S/C2H3FO2/c3-1-2(4)5/h1H2,(H,4,5)",0,pKa Data
CC(N=O)=NO,CC(N=O)=NO,sour,pKa between 2 and 7,IUPAC Dissocation Constants,0,CC(N=O)=NO,3,"InChI=1S/C2H4N2O2/c1-2(3-5)4-6/h5H,1H3",0,pKa Data
O=C(O)CS,O=C(O)CS,sour,pKa between 2 and 7,IUPAC Dissocation Constants,0,O=C(O)CS,3,"InChI=1S/C2H4O2S/c3-2(4)1-5/h5H,1H2,(H,3,4)",0,pKa Data
NC(=O)C[N+](=O)[O-],NC(=O)C[N+](=O)[O-],sour,pKa between 2 and 7,IUPAC Dissocation Constants,0,NC(=O)C[N+](=O)[O-],3,"InChI=1S/C2H4N2O3/c3-2(5)1-4(6)7/h1H2,(H2,3,5)",0,pKa Data
CC([N+](=O)[O-])[N+](=O)[O-],CC([N+](=O)[O-])[N+](=O)[O-],sour,pKa between 2 and 7,IUPAC Dissocation Constants,0,CC([N+](=O)[O-])[N+](=O)[O-],3,"InChI=1S/C2H4N2O4/c1-2(3(5)6)4(7)8/h1H3,(H,5,6)",0,pKa Data
O=C(NO)C(=O)NO,O=C(NO)C(=O)NO,sour,pKa between 2 and 7,IUPAC Dissocation Constants,0,O=C(NO)C(=O)NO,3,"InChI=1S/C2H4N2O4/c5-1(3-7)2(6)4-8/h7-8H,(H,3,5)(H,4,6)",0,pKa Data
O=[N+]([O-])C(CO)[N+](=O)[O-],O=[N+]([O-])C(CO)[N+](=O)[O-],sour,pKa between 2 and 7,IUPAC Dissocation Constants,0,O=[N+]([O-])C(CO)[N+](=O)[O-],3,"InChI=1S/C2H4N2O5/c5-1-2(3(6)7)4(8)9/h5H,1H2,(H,6,7)",0,pKa Data
CNC(=S)S,CNC(=S)S,sour,pKa between 2 and 7,IUPAC Dissocation Constants,0,CNC(=S)S,3,"InChI=1S/C2H5NS2/c1-3-2(4)5/h1H3,(H2,3,4,5)",0,pKa Data
CC(=O)NN,CC(=O)NN,sour,pKa between 2 and 7,IUPAC Dissocation Constants,0,CC(=O)NN,3,"InChI=1S/C2H6N2O/c1-2(5)4-3/h3H2,1H3,(H,4,5)",0,pKa Data
ON=C(Cl)C(Cl)=NO,ON=C(Cl)C(Cl)=NO,sour,pKa between 2 and 7,IUPAC Dissocation Constants,0,ON=C(Cl)C(Cl)=NO,3,InChI=1S/C2H2Cl2N2O2/c3-1(5-7)2(4)6-8/h7-8H,0,pKa Data
NC(=O)C(Cl)[N+](=O)[O-],NC(=O)C(Cl)[N+](=O)[O-],sour,pKa between 2 and 7,IUPAC Dissocation Constants,0,NC(=O)C(Cl)[N+](=O)[O-],3,"InChI=1S/C2H3ClN2O3/c3-1(2(4)6)5(7)8/h(H2,4,6)(H,7,8)",0,pKa Data
NC(=O)C(F)[N+](=O)[O-],NC(=O)C(F)[N+](=O)[O-],sour,pKa between 2 and 7,IUPAC Dissocation Constants,0,NC(=O)C(F)[N+](=O)[O-],3,"InChI=1S/C2H3FN2O3/c3-1(2(4)6)5(7)8/h(H2,4,6)(H,7,8)",0,pKa Data
N#Cc1[nH]nnc1N,N#Cc1[nH]nnc1N,sour,pKa between 2 and 7,IUPAC Dissocation Constants,0,N#Cc1[nH]nnc1N,3,"InChI=1S/C3H3N5/c4-1-2-3(5)7-8-6-2/h(H3,5,6,7,8)",0,pKa Data
C=CC(=O)O,C=CC(=O)O,sour,pKa between 2 and 7,IUPAC Dissocation Constants,0,C=CC(=O)O,3,"InChI=1S/C3H4O2/c1-2-3(4)5/h2H,1H2,(H,4,5)",0,pKa Data
O=C(O)CC(=O)O,O=C(O)CC(=O)O,sour,pKa between 2 and 7,IUPAC Dissocation Constants,0,O=C(O)CC(=O)O,3,"InChI=1S/C3H4O4/c4-2(5)1-3(6)7/h1H2,(H,4,5)(H,6,7)",0,pKa Data
COCC(=O)O,COCC(=O)O,sour,pKa between 2 and 7,IUPAC Dissocation Constants,0,COCC(=O)O,3,"InChI=1S/C3H6O3/c1-6-2-3(4)5/h2H2,1H3,(H,4,5)",0,pKa Data
O=C(O)CCO,O=C(O)CCO,sour,pKa between 2 and 7,IUPAC Dissocation Constants,0,O=C(O)CCO,3,"InChI=1S/C3H6O3/c4-2-1-3(5)6/h4H,1-2H2,(H,5,6)",0,pKa Data
N#CCC(=O)O,N#CCC(=O)O,sour,pKa between 2 and 7,IUPAC Dissocation Constants,0,N#CCC(=O)O,3,"InChI=1S/C3H3NO2/c4-2-1-3(5)6/h1H2,(H,5,6)",0,pKa Data
O=c1nc[nH]c(=O)[nH]1,O=c1nc[nH]c(=O)[nH]1,sour,pKa between 2 and 7,IUPAC Dissocation Constants,0,O=c1nc[nH]c(=O)[nH]1,3,"InChI=1S/C3H3N3O2/c7-2-4-1-5-3(8)6-2/h1H,(H2,4,5,6,7,8)",0,pKa Data
O=C(O)c1c[nH]nn1,O=C(O)c1c[nH]nn1,sour,pKa between 2 and 7,IUPAC Dissocation Constants,0,O=C(O)c1c[nH]nn1,3,"InChI=1S/C3H3N3O2/c7-3(8)2-1-4-6-5-2/h1H,(H,7,8)(H,4,5,6)",0,pKa Data
O=C(O)/C=C/Cl,O=C(O)/C=C/Cl,sour,pKa between 2 and 7,IUPAC Dissocation Constants,0,O=C(O)/C=C/Cl,3,"InChI=1S/C3H3ClO2/c4-2-1-3(5)6/h1-2H,(H,5,6)",0,pKa Data
O=C(O)/C=C\Cl,O=C(O)/C=C\Cl,sour,pKa between 2 and 7,IUPAC Dissocation Constants,0,O=C(O)/C=C\Cl,3,"InChI=1S/C3H3ClO2/c4-2-1-3(5)6/h1-2H,(H,5,6)",0,pKa Data
O=C(O)/C=C/Br,O=C(O)/C=C/Br,sour,pKa between 2 and 7,IUPAC Dissocation Constants,0,O=C(O)/C=C/Br,3,"InChI=1S/C3H3BrO2/c4-2-1-3(5)6/h1-2H,(H,5,6)",0,pKa Data
O=C(O)/C=C\Br,O=C(O)/C=C\Br,sour,pKa between 2 and 7,IUPAC Dissocation Constants,0,O=C(O)/C=C\Br,3,"InChI=1S/C3H3BrO2/c4-2-1-3(5)6/h1-2H,(H,5,6)",0,pKa Data
O=C(O)/C=C/I,O=C(O)/C=C/I,sour,pKa between 2 and 7,IUPAC Dissocation Constants,0,O=C(O)/C=C/I,3,"InChI=1S/C3H3IO2/c4-2-1-3(5)6/h1-2H,(H,5,6)",0,pKa Data
O=C(O)/C=C\I,O=C(O)/C=C\I,sour,pKa between 2 and 7,IUPAC Dissocation Constants,0,O=C(O)/C=C\I,3,"InChI=1S/C3H3IO2/c4-2-1-3(5)6/h1-2H,(H,5,6)",0,pKa Data
O=C(O)/C=C/[N+](=O)[O-],O=C(O)/C=C/[N+](=O)[O-],sour,pKa between 2 and 7,IUPAC Dissocation Constants,0,O=C(O)/C=C/[N+](=O)[O-],3,"InChI=1S/C3H3NO4/c5-3(6)1-2-4(7)8/h1-2H,(H,5,6)",0,pKa Data
N#CCC([N+](=O)[O-])[N+](=O)[O-],N#CCC([N+](=O)[O-])[N+](=O)[O-],sour,pKa between 2 and 7,IUPAC Dissocation Constants,0,N#CCC([N+](=O)[O-])[N+](=O)[O-],3,"InChI=1S/C3H3N3O4/c4-2-1-3(5(7)8)6(9)10/h1H2,(H,7,8)",0,pKa Data
S=c1cn[nH]c(=S)[nH]1,S=c1cn[nH]c(=S)[nH]1,sour,pKa between 2 and 7,IUPAC Dissocation Constants,0,S=c1cn[nH]c(=S)[nH]1,3,"InChI=1S/C3H3N3S2/c7-2-1-4-6-3(8)5-2/h1H,(H2,5,6,7,8)",0,pKa Data
Cc1nc(=S)s[nH]1,Cc1nc(=S)s[nH]1,sour,pKa between 2 and 7,IUPAC Dissocation Constants,0,Cc1nc(=S)s[nH]1,3,"InChI=1S/C3H4N2S2/c1-2-4-3(6)7-5-2/h1H3,(H,4,5,6)",0,pKa Data
Cc1n[nH]c(=S)s1,Cc1n[nH]c(=S)s1,sour,pKa between 2 and 7,IUPAC Dissocation Constants,0,Cc1n[nH]c(=S)s1,3,"InChI=1S/C3H4N2S2/c1-2-4-5-3(6)7-2/h1H3,(H,5,6)",0,pKa Data
CC(Cl)C(=O)O,CC(Cl)C(=O)O,sour,pKa between 2 and 7,IUPAC Dissocation Constants,0,CC(Cl)C(=O)O,3,"InChI=1S/C3H5ClO2/c1-2(4)3(5)6/h2H,1H3,(H,5,6)",0,pKa Data
O=C(O)CCCl,O=C(O)CCCl,sour,pKa between 2 and 7,IUPAC Dissocation Constants,0,O=C(O)CCCl,3,"InChI=1S/C3H5ClO2/c4-2-1-3(5)6/h1-2H2,(H,5,6)",0,pKa Data
CC(Br)C(=O)O,CC(Br)C(=O)O,sour,pKa between 2 and 7,IUPAC Dissocation Constants,0,CC(Br)C(=O)O,3,"InChI=1S/C3H5BrO2/c1-2(4)3(5)6/h2H,1H3,(H,5,6)",0,pKa Data
O=C(O)CCBr,O=C(O)CCBr,sour,pKa between 2 and 7,IUPAC Dissocation Constants,0,O=C(O)CCBr,3,"InChI=1S/C3H5BrO2/c4-2-1-3(5)6/h1-2H2,(H,5,6)",0,pKa Data
CC(=O)C[N+](=O)[O-],CC(=O)C[N+](=O)[O-],sour,pKa between 2 and 7,IUPAC Dissocation Constants,0,CC(=O)C[N+](=O)[O-],3,"InChI=1S/C3H5NO3/c1-3(5)2-4(6)7/h2H2,1H3",0,pKa Data
NC(=O)CC([N+](=O)[O-])[N+](=O)[O-],NC(=O)CC([N+](=O)[O-])[N+](=O)[O-],sour,pKa between 2 and 7,IUPAC Dissocation Constants,0,NC(=O)CC([N+](=O)[O-])[N+](=O)[O-],3,"InChI=1S/C3H5N3O5/c4-2(7)1-3(5(8)9)6(10)11/h1H2,(H2,4,7)(H,8,9)",0,pKa Data
O=[N+]([O-])CCC([N+](=O)[O-])[N+](=O)[O-],O=[N+]([O-])CCC([N+](=O)[O-])[N+](=O)[O-],sour,pKa between 2 and 7,IUPAC Dissocation Constants,0,O=[N+]([O-])CCC([N+](=O)[O-])[N+](=O)[O-],3,"InChI=1S/C3H5N3O6/c7-4(8)2-1-3(5(9)10)6(11)12/h1-2H2,(H,9,10)",0,pKa Data
O=[N+]([O-])OCCC([N+](=O)[O-])[N+](=O)[O-],O=[N+]([O-])OCCC([N+](=O)[O-])[N+](=O)[O-],sour,pKa between 2 and 7,IUPAC Dissocation Constants,0,O=[N+]([O-])OCCC([N+](=O)[O-])[N+](=O)[O-],3,"InChI=1S/C3H5N3O7/c7-4(8)3(5(9)10)1-2-13-6(11)12/h1-2H2,(H,7,8)",0,pKa Data
CSCC(=O)O,CSCC(=O)O,sour,pKa between 2 and 7,IUPAC Dissocation Constants,0,CSCC(=O)O,3,"InChI=1S/C3H6O2S/c1-6-2-3(4)5/h2H2,1H3,(H,4,5)",0,pKa Data
COC(=O)C[SeH],COC(=O)C[SeH],sour,pKa between 2 and 7,IUPAC Dissocation Constants,0,COC(=O)C[SeH],3,"InChI=1S/C3H6O2Se/c1-5-3(4)2-6/h6H,2H2,1H3",0,pKa Data
CCC([N+](=O)[O-])[N+](=O)[O-],CCC([N+](=O)[O-])[N+](=O)[O-],sour,pKa between 2 and 7,IUPAC Dissocation Constants,0,CCC([N+](=O)[O-])[N+](=O)[O-],3,"InChI=1S/C3H6N2O4/c1-2-3(4(6)7)5(8)9/h2H2,1H3,(H,6,7)",0,pKa Data
COCC([N+](=O)[O-])[N+](=O)[O-],COCC([N+](=O)[O-])[N+](=O)[O-],sour,pKa between 2 and 7,IUPAC Dissocation Constants,0,COCC([N+](=O)[O-])[N+](=O)[O-],3,"InChI=1S/C3H6N2O5/c1-10-2-3(4(6)7)5(8)9/h2H2,1H3,(H,6,7)",0,pKa Data
O=[N+]([O-])C(CCO)[N+](=O)[O-],O=[N+]([O-])C(CCO)[N+](=O)[O-],sour,pKa between 2 and 7,IUPAC Dissocation Constants,0,O=[N+]([O-])C(CCO)[N+](=O)[O-],3,"InChI=1S/C3H6N2O5/c6-2-1-3(4(7)8)5(9)10/h6H,1-2H2,(H,7,8)",0,pKa Data
CN(CC([N+](=O)[O-])[N+](=O)[O-])[N+](=O)[O-],CN(CC([N+](=O)[O-])[N+](=O)[O-])[N+](=O)[O-],sour,pKa between 2 and 7,IUPAC Dissocation Constants,0,CN(CC([N+](=O)[O-])[N+](=O)[O-])[N+](=O)[O-],3,"InChI=1S/C3H6N4O6/c1-4(7(12)13)2-3(5(8)9)6(10)11/h2H2,1H3,(H,8,9)",0,pKa Data
O=[N+]([O-])NCCC([N+](=O)[O-])[N+](=O)[O-],O=[N+]([O-])NCCC([N+](=O)[O-])[N+](=O)[O-],sour,pKa between 2 and 7,IUPAC Dissocation Constants,0,O=[N+]([O-])NCCC([N+](=O)[O-])[N+](=O)[O-],3,"InChI=1S/C3H6N4O6/c8-5(9)3(6(10)11)1-2-4-7(12)13/h4H,1-2H2,(H,8,9)",0,pKa Data
NCCC([N+](=O)[O-])[N+](=O)[O-],NCCC([N+](=O)[O-])[N+](=O)[O-],sour,pKa between 2 and 7,IUPAC Dissocation Constants,0,NCCC([N+](=O)[O-])[N+](=O)[O-],3,"InChI=1S/C3H7N3O4/c4-2-1-3(5(7)8)6(9)10/h1-2,4H2,(H,7,8)",0,pKa Data
CN(C)C(=S)S,CN(C)C(=S)S,sour,pKa between 2 and 7,IUPAC Dissocation Constants,0,CN(C)C(=S)S,3,"InChI=1S/C3H7NS2/c1-4(2)3(5)6/h1-2H3,(H,5,6)",0,pKa Data
CCNC(=S)S,CCNC(=S)S,sour,pKa between 2 and 7,IUPAC Dissocation Constants,0,CCNC(=S)S,3,"InChI=1S/C3H7NS2/c1-2-4-3(5)6/h2H2,1H3,(H2,4,5,6)",0,pKa Data
COCC(=O)NN,COCC(=O)NN,sour,pKa between 2 and 7,IUPAC Dissocation Constants,0,COCC(=O)NN,3,"InChI=1S/C3H8N2O2/c1-7-2-3(6)5-4/h2,4H2,1H3,(H,5,6)",0,pKa Data
CCOP(C)(=O)O,CCOP(C)(=O)O,sour,pKa between 2 and 7,IUPAC Dissocation Constants,0,CCOP(C)(=O)O,3,"InChI=1S/C3H9O3P/c1-3-6-7(2,4)5/h3H2,1-2H3,(H,4,5)",0,pKa Data
ON=C(C(F)(F)F)C(F)(F)F,ON=C(C(F)(F)F)C(F)(F)F,sour,pKa between 2 and 7,IUPAC Dissocation Constants,0,ON=C(C(F)(F)F)C(F)(F)F,3,"InChI=1S/C3HF6NO/c4-2(5,6)1(10-11)3(7,8)9/h11H",0,pKa Data
O=c1[nH]nc(Br)c(=O)[nH]1,O=c1[nH]nc(Br)c(=O)[nH]1,sour,pKa between 2 and 7,IUPAC Dissocation Constants,0,O=c1[nH]nc(Br)c(=O)[nH]1,3,"InChI=1S/C3H2BrN3O2/c4-1-2(8)5-3(9)7-6-1/h(H2,5,7,8,9)",0,pKa Data
O=C1CSC(=S)N1,O=C1CSC(=S)N1,sour,pKa between 2 and 7,IUPAC Dissocation Constants,0,O=C1CSC(=S)N1,3,"InChI=1S/C3H3NOS2/c5-2-1-7-3(6)4-2/h1,5H,(H,4,6)",0,pKa Data
O=c1[nH]ncc(=S)[nH]1,O=c1[nH]ncc(=S)[nH]1,sour,pKa between 2 and 7,IUPAC Dissocation Constants,0,O=c1[nH]ncc(=S)[nH]1,3,"InChI=1S/C3H3N3OS/c7-3-5-2(8)1-4-6-3/h1H,(H2,5,6,7,8)",0,pKa Data
O=c1cn[nH]c(=S)[nH]1,O=c1cn[nH]c(=S)[nH]1,sour,pKa between 2 and 7,IUPAC Dissocation Constants,0,O=c1cn[nH]c(=S)[nH]1,3,"InChI=1S/C3H3N3OS/c7-2-1-4-6-3(8)5-2/h1H,(H2,5,6,7,8)",0,pKa Data
O=C(O)CSC(F)(F)F,O=C(O)CSC(F)(F)F,sour,pKa between 2 and 7,IUPAC Dissocation Constants,0,O=C(O)CSC(F)(F)F,3,"InChI=1S/C3H3F3O2S/c4-3(5,6)9-1-2(7)8/h1H2,(H,7,8)",0,pKa Data
O=C(O)CS(=O)C(F)(F)F,O=C(O)C[S+]([O-])C(F)(F)F,sour,pKa between 2 and 7,IUPAC Dissocation Constants,0,O=C(O)CS(=O)C(F)(F)F,3,"InChI=1S/C3H3F3O3S/c4-3(5,6)10(9)1-2(7)8/h1H2,(H,7,8)",0,pKa Data
Cc1n[nH]c(=S)o1,Cc1n[nH]c(=S)o1,sour,pKa between 2 and 7,IUPAC Dissocation Constants,0,Cc1n[nH]c(=S)o1,3,"InChI=1S/C3H4N2OS/c1-2-4-5-3(7)6-2/h1H3,(H,5,7)",0,pKa Data
O=C(O)CCN(F)F,O=C(O)CCN(F)F,sour,pKa between 2 and 7,IUPAC Dissocation Constants,0,O=C(O)CCN(F)F,3,"InChI=1S/C3H5F2NO2/c4-6(5)2-1-3(7)8/h1-2H2,(H,7,8)",0,pKa Data
O=C(O)CNC(=S)S,O=C(O)CNC(=S)S,sour,pKa between 2 and 7,IUPAC Dissocation Constants,0,O=C(O)CNC(=S)S,3,"InChI=1S/C3H5NO2S2/c5-2(6)1-4-3(7)8/h1H2,(H,5,6)(H2,4,7,8)",0,pKa Data
CCSP(C)(=O)O,CCSP(C)(=O)O,sour,pKa between 2 and 7,IUPAC Dissocation Constants,0,CCSP(C)(=O)O,3,"InChI=1S/C3H9O2PS/c1-3-7-6(2,4)5/h3H2,1-2H3,(H,4,5)",0,pKa Data
CC(C)(N)P(=O)(O)O,CC(C)(N)P(=O)(O)O,sour,pKa between 2 and 7,IUPAC Dissocation Constants,0,CC(C)(N)P(=O)(O)O,3,"InChI=1S/C3H10NO3P/c1-3(2,4)8(5,6)7/h4H2,1-2H3,(H2,5,6,7)",0,pKa Data
O=P(O)(O)CN(CP(=O)(O)O)CP(=O)(O)O,O=P(O)(O)CN(CP(=O)(O)O)CP(=O)(O)O,sour,pKa between 2 and 7,IUPAC Dissocation Constants,0,O=P(O)(O)CN(CP(=O)(O)O)CP(=O)(O)O,3,"InChI=1S/C3H12NO9P3/c5-14(6,7)1-4(2-15(8,9)10)3-16(11,12)13/h1-3H2,(H2,5,6,7)(H2,8,9,10)(H2,11,12,13)",0,pKa Data
C=C=CC(=O)O,C=C=CC(=O)O,sour,pKa between 2 and 7,IUPAC Dissocation Constants,0,C=C=CC(=O)O,3,"InChI=1S/C4H4O2/c1-2-3-4(5)6/h3H,1H2,(H,5,6)",0,pKa Data
CC#CC(=O)O,CC#CC(=O)O,sour,pKa between 2 and 7,IUPAC Dissocation Constants,0,CC#CC(=O)O,3,"InChI=1S/C4H4O2/c1-2-3-4(5)6/h1H3,(H,5,6)",0,pKa Data
C#CCC(=O)O,C#CCC(=O)O,sour,pKa between 2 and 7,IUPAC Dissocation Constants,0,C#CCC(=O)O,3,"InChI=1S/C4H4O2/c1-2-3-4(5)6/h1H,3H2,(H,5,6)",0,pKa Data
O=C(O)/C=C/C(=O)O,O=C(O)/C=C/C(=O)O,sour,pKa between 2 and 7,IUPAC Dissocation Constants,0,O=C(O)/C=C/C(=O)O,3,"InChI=1S/C4H4O4/c5-3(6)1-2-4(7)8/h1-2H,(H,5,6)(H,7,8)",0,pKa Data
O=C(O)CC(=O)C(=O)O,O=C(O)CC(=O)C(=O)O,sour,pKa between 2 and 7,IUPAC Dissocation Constants,0,O=C(O)CC(=O)C(=O)O,3,"InChI=1S/C4H4O5/c5-2(4(8)9)1-3(6)7/h1H2,(H,6,7)(H,8,9)",0,pKa Data
C/C=C\C(=O)O,C/C=C\C(=O)O,sour,pKa between 2 and 7,IUPAC Dissocation Constants,0,C/C=C\C(=O)O,3,"InChI=1S/C4H6O2/c1-2-3-4(5)6/h2-3H,1H3,(H,5,6)",0,pKa Data
C/C=C/C(=O)O,C/C=C/C(=O)O,sour,pKa between 2 and 7,IUPAC Dissocation Constants,0,C/C=C/C(=O)O,3,"InChI=1S/C4H6O2/c1-2-3-4(5)6/h2-3H,1H3,(H,5,6)",0,pKa Data
C=CCC(=O)O,C=CCC(=O)O,sour,pKa between 2 and 7,IUPAC Dissocation Constants,0,C=CCC(=O)O,3,"InChI=1S/C4H6O2/c1-2-3-4(5)6/h2H,1,3H2,(H,5,6)",0,pKa Data
CC(=O)CC(=O)O,CC(=O)CC(=O)O,sour,pKa between 2 and 7,IUPAC Dissocation Constants,0,CC(=O)CC(=O)O,3,"InChI=1S/C4H6O3/c1-3(5)2-4(6)7/h2H2,1H3,(H,6,7)",0,pKa Data
CO/C=C/C(=O)O,CO/C=C/C(=O)O,sour,pKa between 2 and 7,IUPAC Dissocation Constants,0,CO/C=C/C(=O)O,3,"InChI=1S/C4H6O3/c1-7-3-2-4(5)6/h2-3H,1H3,(H,5,6)",0,pKa Data
CC(C(=O)O)C(=O)O,CC(C(=O)O)C(=O)O,sour,pKa between 2 and 7,IUPAC Dissocation Constants,0,CC(C(=O)O)C(=O)O,3,"InChI=1S/C4H6O4/c1-2(3(5)6)4(7)8/h2H,1H3,(H,5,6)(H,7,8)",0,pKa Data
CCOCC(=O)O,CCOCC(=O)O,sour,pKa between 2 and 7,IUPAC Dissocation Constants,0,CCOCC(=O)O,3,"InChI=1S/C4H8O3/c1-2-7-3-4(5)6/h2-3H2,1H3,(H,5,6)",0,pKa Data
CC(C)(O)C(=O)O,CC(C)(O)C(=O)O,sour,pKa between 2 and 7,IUPAC Dissocation Constants,0,CC(C)(O)C(=O)O,3,"InChI=1S/C4H8O3/c1-4(2,7)3(5)6/h7H,1-2H3,(H,5,6)",0,pKa Data
O=C(O)C(O)(CO)CO,O=C(O)C(O)(CO)CO,sour,pKa between 2 and 7,IUPAC Dissocation Constants,0,O=C(O)C(O)(CO)CO,3,"InChI=1S/C4H8O5/c5-1-4(9,2-6)3(7)8/h5-6,9H,1-2H2,(H,7,8)",0,pKa Data
OC(C(F)(F)F)(C(F)(F)F)C(F)(F)F,OC(C(F)(F)F)(C(F)(F)F)C(F)(F)F,sour,pKa between 2 and 7,IUPAC Dissocation Constants,0,OC(C(F)(F)F)(C(F)(F)F)C(F)(F)F,3,"InChI=1S/C4HF9O/c5-2(6,7)1(14,3(8,9)10)4(11,12)13/h14H",0,pKa Data
O=C/C(Cl)=C(/Cl)C(=O)O,O=C/C(Cl)=C(/Cl)C(=O)O,sour,pKa between 2 and 7,IUPAC Dissocation Constants,0,O=C/C(Cl)=C(/Cl)C(=O)O,3,"InChI=1S/C4H2Cl2O3/c5-2(1-7)3(6)4(8)9/h1H,(H,8,9)",0,pKa Data
O=c1[nH]cc([N+](=O)[O-])c(=O)[nH]1,O=c1[nH]cc([N+](=O)[O-])c(=O)[nH]1,sour,pKa between 2 and 7,IUPAC Dissocation Constants,0,O=c1[nH]cc([N+](=O)[O-])c(=O)[nH]1,3,"InChI=1S/C4H3N3O4/c8-3-2(7(10)11)1-5-4(9)6-3/h1H,(H2,5,6,8,9)",0,pKa Data
O=C(O)c1cc[nH]n1,O=C(O)c1cc[nH]n1,sour,pKa between 2 and 7,IUPAC Dissocation Constants,0,O=C(O)c1cc[nH]n1,3,"InChI=1S/C4H4N2O2/c7-4(8)3-1-2-5-6-3/h1-2H,(H,5,6)(H,7,8)",0,pKa Data
O=c1ccc(=O)[nH][nH]1,O=c1ccc(=O)[nH][nH]1,sour,pKa between 2 and 7,IUPAC Dissocation Constants,0,O=c1ccc(=O)[nH][nH]1,3,"InChI=1S/C4H4N2O2/c7-3-1-2-4(8)6-5-3/h1-2H,(H,5,7)(H,6,8)",0,pKa Data
O=c1cc(O)[nH]cn1,O=c1cc(O)[nH]cn1,sour,pKa between 2 and 7,IUPAC Dissocation Constants,0,O=c1cc(O)[nH]cn1,3,"InChI=1S/C4H4N2O2/c7-3-1-4(8)6-2-5-3/h1-2H,(H2,5,6,7,8)",0,pKa Data
O=c1cc(O)[nH]c(=O)[nH]1,O=c1cc(O)[nH]c(=O)[nH]1,sour,pKa between 2 and 7,IUPAC Dissocation Constants,0,O=c1cc(O)[nH]c(=O)[nH]1,3,"InChI=1S/C4H4N2O3/c7-2-1-3(8)6-4(9)5-2/h1H,(H3,5,6,7,8,9)",0,pKa Data
Nc1nc(=O)c([N+](=O)[O-])c[nH]1,Nc1nc(=O)c([N+](=O)[O-])c[nH]1,sour,pKa between 2 and 7,IUPAC Dissocation Constants,0,Nc1nc(=O)c([N+](=O)[O-])c[nH]1,3,"InChI=1S/C4H4N4O3/c5-4-6-1-2(8(10)11)3(9)7-4/h1H,(H3,5,6,7,9)",0,pKa Data
Cn1ncc(=O)[nH]c1=O,Cn1ncc(=O)[nH]c1=O,sour,pKa between 2 and 7,IUPAC Dissocation Constants,0,Cn1ncc(=O)[nH]c1=O,3,"InChI=1S/C4H5N3O2/c1-7-4(9)6-3(8)2-5-7/h2H,1H3,(H,6,8,9)",0,pKa Data
Cn1c(=O)nc[nH]c1=O,Cn1c(=O)nc[nH]c1=O,sour,pKa between 2 and 7,IUPAC Dissocation Constants,0,Cn1c(=O)nc[nH]c1=O,3,"InChI=1S/C4H5N3O2/c1-7-3(8)5-2-6-4(7)9/h2H,1H3,(H,5,6,8,9)",0,pKa Data
COc1nc[nH]c(=O)n1,COc1nc[nH]c(=O)n1,sour,pKa between 2 and 7,IUPAC Dissocation Constants,0,COc1nc[nH]c(=O)n1,3,"InChI=1S/C4H5N3O2/c1-9-4-6-2-5-3(8)7-4/h2H,1H3,(H,5,6,7,8)",0,pKa Data
CC=C(Cl)C(=O)O,CC=C(Cl)C(=O)O,sour,pKa between 2 and 7,IUPAC Dissocation Constants,0,CC=C(Cl)C(=O)O,3,"InChI=1S/C4H5ClO2/c1-2-3(5)4(6)7/h2H,1H3,(H,6,7)",0,pKa Data
C/C(Cl)=C/C(=O)O,C/C(Cl)=C/C(=O)O,sour,pKa between 2 and 7,IUPAC Dissocation Constants,0,C/C(Cl)=C/C(=O)O,3,"InChI=1S/C4H5ClO2/c1-3(5)2-4(6)7/h2H,1H3,(H,6,7)",0,pKa Data
O=C(O)/C=C/CCl,O=C(O)/C=C/CCl,sour,pKa between 2 and 7,IUPAC Dissocation Constants,0,O=C(O)/C=C/CCl,3,"InChI=1S/C4H5ClO2/c5-3-1-2-4(6)7/h1-2H,3H2,(H,6,7)",0,pKa Data
C=CC(Cl)C(=O)O,C=CC(Cl)C(=O)O,sour,pKa between 2 and 7,IUPAC Dissocation Constants,0,C=CC(Cl)C(=O)O,3,"InChI=1S/C4H5ClO2/c1-2-3(5)4(6)7/h2-3H,1H2,(H,6,7)",0,pKa Data
O=C(O)C/C=C\Cl,O=C(O)C/C=C\Cl,sour,pKa between 2 and 7,IUPAC Dissocation Constants,0,O=C(O)C/C=C\Cl,3,"InChI=1S/C4H5ClO2/c5-3-1-2-4(6)7/h1,3H,2H2,(H,6,7)",0,pKa Data
O=C(O)C/C=C/Cl,O=C(O)C/C=C/Cl,sour,pKa between 2 and 7,IUPAC Dissocation Constants,0,O=C(O)C/C=C/Cl,3,"InChI=1S/C4H5ClO2/c5-3-1-2-4(6)7/h1,3H,2H2,(H,6,7)",0,pKa Data
CC(Br)=CC(=O)O,CC(Br)=CC(=O)O,sour,pKa between 2 and 7,IUPAC Dissocation Constants,0,CC(Br)=CC(=O)O,3,"InChI=1S/C4H5BrO2/c1-3(5)2-4(6)7/h2H,1H3,(H,6,7)",0,pKa Data
CC(I)=CC(=O)O,CC(I)=CC(=O)O,sour,pKa between 2 and 7,IUPAC Dissocation Constants,0,CC(I)=CC(=O)O,3,"InChI=1S/C4H5IO2/c1-3(5)2-4(6)7/h2H,1H3,(H,6,7)",0,pKa Data
N#CCCC([N+](=O)[O-])[N+](=O)[O-],N#CCCC([N+](=O)[O-])[N+](=O)[O-],sour,pKa between 2 and 7,IUPAC Dissocation Constants,0,N#CCCC([N+](=O)[O-])[N+](=O)[O-],3,"InChI=1S/C4H5N3O4/c5-3-1-2-4(6(8)9)7(10)11/h1-2H2,(H,8,9)",0,pKa Data
O=C(O)CCC([N+](=O)[O-])([N+](=O)[O-])[N+](=O)[O-],O=C(O)CCC([N+](=O)[O-])([N+](=O)[O-])[N+](=O)[O-],sour,pKa between 2 and 7,IUPAC Dissocation Constants,0,O=C(O)CCC([N+](=O)[O-])([N+](=O)[O-])[N+](=O)[O-],3,"InChI=1S/C4H5N3O8/c8-3(9)1-2-4(5(10)11,6(12)13)7(14)15/h1-2H2,(H,8,9)",0,pKa Data
O=C(O)C(O)CC([N+](=O)[O-])([N+](=O)[O-])[N+](=O)[O-],O=C(O)C(O)CC([N+](=O)[O-])([N+](=O)[O-])[N+](=O)[O-],sour,pKa between 2 and 7,IUPAC Dissocation Constants,0,O=C(O)C(O)CC([N+](=O)[O-])([N+](=O)[O-])[N+](=O)[O-],3,"InChI=1S/C4H5N3O9/c8-2(3(9)10)1-4(5(11)12,6(13)14)7(15)16/h2,8H,1H2,(H,9,10)",0,pKa Data
Cn1ncc(=S)[nH]c1=S,Cn1ncc(=S)[nH]c1=S,sour,pKa between 2 and 7,IUPAC Dissocation Constants,0,Cn1ncc(=S)[nH]c1=S,3,"InChI=1S/C4H5N3S2/c1-7-4(9)6-3(8)2-5-7/h2H,1H3,(H,6,8,9)",0,pKa Data
Cc1n[nH]c(=S)[nH]c1=S,Cc1n[nH]c(=S)[nH]c1=S,sour,pKa between 2 and 7,IUPAC Dissocation Constants,0,Cc1n[nH]c(=S)[nH]c1=S,3,"InChI=1S/C4H5N3S2/c1-2-3(8)5-4(9)7-6-2/h1H3,(H2,5,7,8,9)",0,pKa Data
Cc1n[nH]c(N)nc1=O,Cc1n[nH]c(N)nc1=O,sour,pKa between 2 and 7,IUPAC Dissocation Constants,0,Cc1n[nH]c(N)nc1=O,3,"InChI=1S/C4H6N4O/c1-2-3(9)6-4(5)8-7-2/h1H3,(H3,5,6,8,9)",0,pKa Data
Cn1c(N)nncc1=O,Cn1c(N)nncc1=O,sour,pKa between 2 and 7,IUPAC Dissocation Constants,0,Cn1c(N)nncc1=O,3,"InChI=1S/C4H6N4O/c1-8-3(9)2-6-7-4(8)5/h2H,1H3,(H2,5,7)",0,pKa Data
CC1(CC(=O)O)N=N1,CC1(CC(=O)O)N=N1,sour,pKa between 2 and 7,IUPAC Dissocation Constants,0,CC1(CC(=O)O)N=N1,3,"InChI=1S/C4H6N2O2/c1-4(5-6-4)2-3(7)8/h2H2,1H3,(H,7,8)",0,pKa Data
O=C1Nc2nn[nH]c2C(NO)N1,O=C1Nc2nn[nH]c2C(NO)N1,sour,pKa between 2 and 7,IUPAC Dissocation Constants,0,O=C1Nc2nn[nH]c2C(NO)N1,3,"InChI=1S/C4H6N6O2/c11-4-5-2-1(7-10-8-2)3(6-4)9-12/h3,9,12H,(H3,5,6,7,8,10,11)",0,pKa Data
CC(=S)SCC(=O)O,CC(=S)SCC(=O)O,sour,pKa between 2 and 7,IUPAC Dissocation Constants,0,CC(=S)SCC(=O)O,3,"InChI=1S/C4H6O2S2/c1-3(7)8-2-4(5)6/h2H2,1H3,(H,5,6)",0,pKa Data
CC(=O)SCC(=O)O,CC(=O)SCC(=O)O,sour,pKa between 2 and 7,IUPAC Dissocation Constants,0,CC(=O)SCC(=O)O,3,"InChI=1S/C4H6O3S/c1-3(5)8-2-4(6)7/h2H2,1H3,(H,6,7)",0,pKa Data
C=CCC([N+](=O)[O-])[N+](=O)[O-],C=CCC([N+](=O)[O-])[N+](=O)[O-],sour,pKa between 2 and 7,IUPAC Dissocation Constants,0,C=CCC([N+](=O)[O-])[N+](=O)[O-],3,"InChI=1S/C4H6N2O4/c1-2-3-4(5(7)8)6(9)10/h2H,1,3H2,(H,7,8)",0,pKa Data
O=C(O)CC(S)C(=O)O,O=C(O)CC(S)C(=O)O,sour,pKa between 2 and 7,IUPAC Dissocation Constants,0,O=C(O)CC(S)C(=O)O,3,"InChI=1S/C4H6O4S/c5-3(6)1-2(9)4(7)8/h2,9H,1H2,(H,5,6)(H,7,8)",0,pKa Data
O=C(O)CSCC(=O)O,O=C(O)CSCC(=O)O,sour,pKa between 2 and 7,IUPAC Dissocation Constants,0,O=C(O)CSCC(=O)O,3,"InChI=1S/C4H6O4S/c5-3(6)1-9-2-4(7)8/h1-2H2,(H,5,6)(H,7,8)",0,pKa Data
O=C(O)CSSCC(=O)O,O=C(O)CSSCC(=O)O,sour,pKa between 2 and 7,IUPAC Dissocation Constants,0,O=C(O)CSSCC(=O)O,3,"InChI=1S/C4H6O4S2/c5-3(6)1-9-10-2-4(7)8/h1-2H2,(H,5,6)(H,7,8)",0,pKa Data
O=C(O)C(S)C(S)C(=O)O,O=C(O)C(S)C(S)C(=O)O,sour,pKa between 2 and 7,IUPAC Dissocation Constants,0,O=C(O)C(S)C(S)C(=O)O,3,"InChI=1S/C4H6O4S2/c5-3(6)1(9)2(10)4(7)8/h1-2,9-10H,(H,5,6)(H,7,8)",0,pKa Data
O=C(O)C[Se]CC(=O)O,O=C(O)C[Se]CC(=O)O,sour,pKa between 2 and 7,IUPAC Dissocation Constants,0,O=C(O)C[Se]CC(=O)O,3,"InChI=1S/C4H6O4Se/c5-3(6)1-9-2-4(7)8/h1-2H2,(H,5,6)(H,7,8)",0,pKa Data
O=NN(CC(=O)O)CC(=O)O,O=NN(CC(=O)O)CC(=O)O,sour,pKa between 2 and 7,IUPAC Dissocation Constants,0,O=NN(CC(=O)O)CC(=O)O,3,"InChI=1S/C4H6N2O5/c7-3(8)1-6(5-11)2-4(9)10/h1-2H2,(H,7,8)(H,9,10)",0,pKa Data
O=C(O)CN(CC(=O)O)[N+](=O)[O-],O=C(O)CN(CC(=O)O)[N+](=O)[O-],sour,pKa between 2 and 7,IUPAC Dissocation Constants,0,O=C(O)CN(CC(=O)O)[N+](=O)[O-],3,"InChI=1S/C4H6N2O6/c7-3(8)1-5(6(11)12)2-4(9)10/h1-2H2,(H,7,8)(H,9,10)",0,pKa Data
COC(=O)CC([N+](=O)[O-])[N+](=O)[O-],COC(=O)CC([N+](=O)[O-])[N+](=O)[O-],sour,pKa between 2 and 7,IUPAC Dissocation Constants,0,COC(=O)CC([N+](=O)[O-])[N+](=O)[O-],3,"InChI=1S/C4H6N2O6/c1-12-4(7)2-3(5(8)9)6(10)11/h2H2,1H3,(H,8,9)",0,pKa Data
CC(C(O)C(=O)O)([N+](=O)[O-])[N+](=O)[O-],CC(C(O)C(=O)O)([N+](=O)[O-])[N+](=O)[O-],sour,pKa between 2 and 7,IUPAC Dissocation Constants,0,CC(C(O)C(=O)O)([N+](=O)[O-])[N+](=O)[O-],3,"InChI=1S/C4H6N2O7/c1-4(5(10)11,6(12)13)2(7)3(8)9/h2,7H,1H3,(H,8,9)",0,pKa Data
CC(Cl)CC(=O)O,CC(Cl)CC(=O)O,sour,pKa between 2 and 7,IUPAC Dissocation Constants,0,CC(Cl)CC(=O)O,3,"InChI=1S/C4H7ClO2/c1-3(5)2-4(6)7/h3H,2H2,1H3,(H,6,7)",0,pKa Data
CCOC(=O)C[N+](=O)[O-],CCOC(=O)C[N+](=O)[O-],sour,pKa between 2 and 7,IUPAC Dissocation Constants,0,CCOC(=O)C[N+](=O)[O-],3,"InChI=1S/C4H7NO4/c1-2-9-4(6)3-5(7)8/h2-3H2,1H3",0,pKa Data
CC(=O)NCC([N+](=O)[O-])[N+](=O)[O-],CC(=O)NCC([N+](=O)[O-])[N+](=O)[O-],sour,pKa between 2 and 7,IUPAC Dissocation Constants,0,CC(=O)NCC([N+](=O)[O-])[N+](=O)[O-],3,"InChI=1S/C4H7N3O5/c1-3(8)5-2-4(6(9)10)7(11)12/h2H2,1H3,(H,5,8)(H,9,10)",0,pKa Data
NC(=O)CCC([N+](=O)[O-])[N+](=O)[O-],NC(=O)CCC([N+](=O)[O-])[N+](=O)[O-],sour,pKa between 2 and 7,IUPAC Dissocation Constants,0,NC(=O)CCC([N+](=O)[O-])[N+](=O)[O-],3,"InChI=1S/C4H7N3O5/c5-3(8)1-2-4(6(9)10)7(11)12/h1-2H2,(H2,5,8)(H,9,10)",0,pKa Data
CC(CC([N+](=O)[O-])[N+](=O)[O-])[N+](=O)[O-],CC(CC([N+](=O)[O-])[N+](=O)[O-])[N+](=O)[O-],sour,pKa between 2 and 7,IUPAC Dissocation Constants,0,CC(CC([N+](=O)[O-])[N+](=O)[O-])[N+](=O)[O-],3,"InChI=1S/C4H7N3O6/c1-3(5(8)9)2-4(6(10)11)7(12)13/h3H,2H2,1H3,(H,10,11)",0,pKa Data
CCSCC(=O)O,CCSCC(=O)O,sour,pKa between 2 and 7,IUPAC Dissocation Constants,0,CCSCC(=O)O,3,"InChI=1S/C4H8O2S/c1-2-7-3-4(5)6/h2-3H2,1H3,(H,5,6)",0,pKa Data
CCCC([N+](=O)[O-])[N+](=O)[O-],CCCC([N+](=O)[O-])[N+](=O)[O-],sour,pKa between 2 and 7,IUPAC Dissocation Constants,0,CCCC([N+](=O)[O-])[N+](=O)[O-],3,"InChI=1S/C4H8N2O4/c1-2-3-4(5(7)8)6(9)10/h2-3H2,1H3,(H,7,8)",0,pKa Data
CC(C)C([N+](=O)[O-])[N+](=O)[O-],CC(C)C([N+](=O)[O-])[N+](=O)[O-],sour,pKa between 2 and 7,IUPAC Dissocation Constants,0,CC(C)C([N+](=O)[O-])[N+](=O)[O-],3,"InChI=1S/C4H8N2O4/c1-3(2)4(5(7)8)6(9)10/h3H,1-2H3,(H,7,8)",0,pKa Data
O=[N+]([O-])C(CCCO)[N+](=O)[O-],O=[N+]([O-])C(CCCO)[N+](=O)[O-],sour,pKa between 2 and 7,IUPAC Dissocation Constants,0,O=[N+]([O-])C(CCCO)[N+](=O)[O-],3,"InChI=1S/C4H8N2O5/c7-3-1-2-4(5(8)9)6(10)11/h7H,1-3H2,(H,8,9)",0,pKa Data
NNC(=O)CCC([N+](=O)[O-])[N+](=O)[O-],NNC(=O)CCC([N+](=O)[O-])[N+](=O)[O-],sour,pKa between 2 and 7,IUPAC Dissocation Constants,0,NNC(=O)CCC([N+](=O)[O-])[N+](=O)[O-],3,"InChI=1S/C4H8N4O5/c5-6-3(9)1-2-4(7(10)11)8(12)13/h1-2,5H2,(H,6,9)(H,10,11)",0,pKa Data
CCN(CC([N+](=O)[O-])[N+](=O)[O-])[N+](=O)[O-],CCN(CC([N+](=O)[O-])[N+](=O)[O-])[N+](=O)[O-],sour,pKa between 2 and 7,IUPAC Dissocation Constants,0,CCN(CC([N+](=O)[O-])[N+](=O)[O-])[N+](=O)[O-],3,"InChI=1S/C4H8N4O6/c1-2-5(8(13)14)3-4(6(9)10)7(11)12/h2-3H2,1H3,(H,9,10)",0,pKa Data
CN(CCC([N+](=O)[O-])[N+](=O)[O-])[N+](=O)[O-],CN(CCC([N+](=O)[O-])[N+](=O)[O-])[N+](=O)[O-],sour,pKa between 2 and 7,IUPAC Dissocation Constants,0,CN(CCC([N+](=O)[O-])[N+](=O)[O-])[N+](=O)[O-],3,"InChI=1S/C4H8N4O6/c1-5(8(13)14)3-2-4(6(9)10)7(11)12/h2-3H2,1H3,(H,9,10)",0,pKa Data
NCC(O)CC(=O)O,NCC(O)CC(=O)O,sour,pKa between 2 and 7,IUPAC Dissocation Constants,0,NCC(O)CC(=O)O,3,"InChI=1S/C4H9NO3/c5-2-3(6)1-4(7)8/h3,6H,1-2,5H2,(H,7,8)",0,pKa Data
NCCCC([N+](=O)[O-])[N+](=O)[O-],NCCCC([N+](=O)[O-])[N+](=O)[O-],sour,pKa between 2 and 7,IUPAC Dissocation Constants,0,NCCCC([N+](=O)[O-])[N+](=O)[O-],3,"InChI=1S/C4H9N3O4/c5-3-1-2-4(6(8)9)7(10)11/h1-3,5H2,(H,8,9)",0,pKa Data
CC(C)NC(=S)S,CC(C)NC(=S)S,sour,pKa between 2 and 7,IUPAC Dissocation Constants,0,CC(C)NC(=S)S,3,"InChI=1S/C4H9NS2/c1-3(2)5-4(6)7/h3H,1-2H3,(H2,5,6,7)",0,pKa Data
CCCNC(=S)S,CCCNC(=S)S,sour,pKa between 2 and 7,IUPAC Dissocation Constants,0,CCCNC(=S)S,3,"InChI=1S/C4H9NS2/c1-2-3-5-4(6)7/h2-3H2,1H3,(H2,5,6,7)",0,pKa Data
CCCCS(=O)O,CCCCS(=O)O,sour,pKa between 2 and 7,IUPAC Dissocation Constants,0,CCCCS(=O)O,3,"InChI=1S/C4H10O2S/c1-2-3-4-7(5)6/h2-4H2,1H3,(H,5,6)",0,pKa Data
CCP(=O)(O)CC,CCP(=O)(O)CC,sour,pKa between 2 and 7,IUPAC Dissocation Constants,0,CCP(=O)(O)CC,3,"InChI=1S/C4H11O2P/c1-3-7(5,6)4-2/h3-4H2,1-2H3,(H,5,6)",0,pKa Data
CCCOP(C)(=O)O,CCCOP(C)(=O)O,sour,pKa between 2 and 7,IUPAC Dissocation Constants,0,CCCOP(C)(=O)O,3,"InChI=1S/C4H11O3P/c1-3-4-7-8(2,5)6/h3-4H2,1-2H3,(H,5,6)",0,pKa Data
Nc1ncc(Sc2ccccc2N)c(O)n1,Nc1ncc(Sc2ccccc2N)c(O)n1,sour,pKa between 2 and 7,IUPAC Dissocation Constants,0,Nc1ncc(Sc2ccccc2N)c(O)n1,3,"InChI=1S/C10H10N4OS/c11-6-3-1-2-4-7(6)16-8-5-13-10(12)14-9(8)15/h1-5H,11H2,(H3,12,13,14,15)",0,pKa Data
O=[N+]([O-])C(F)(F)C(O)(C(F)(F)F)C(F)(F)F,O=[N+]([O-])C(F)(F)C(O)(C(F)(F)F)C(F)(F)F,sour,pKa between 2 and 7,IUPAC Dissocation Constants,0,O=[N+]([O-])C(F)(F)C(O)(C(F)(F)F)C(F)(F)F,3,"InChI=1S/C4HF8NO3/c5-2(6,7)1(14,3(8,9)10)4(11,12)13(15)16/h14H",0,pKa Data
Cn1ncc(=S)[nH]c1=O,Cn1ncc(=S)[nH]c1=O,sour,pKa between 2 and 7,IUPAC Dissocation Constants,0,Cn1ncc(=S)[nH]c1=O,3,"InChI=1S/C4H5N3OS/c1-7-4(8)6-3(9)2-5-7/h2H,1H3,(H,6,8,9)",0,pKa Data
Cn1ncc(=O)[nH]c1=S,Cn1ncc(=O)[nH]c1=S,sour,pKa between 2 and 7,IUPAC Dissocation Constants,0,Cn1ncc(=O)[nH]c1=S,3,"InChI=1S/C4H5N3OS/c1-7-4(9)6-3(8)2-5-7/h2H,1H3,(H,6,8,9)",0,pKa Data
Cc1n[nH]c(=S)[nH]c1=O,Cc1n[nH]c(=S)[nH]c1=O,sour,pKa between 2 and 7,IUPAC Dissocation Constants,0,Cc1n[nH]c(=S)[nH]c1=O,3,"InChI=1S/C4H5N3OS/c1-2-3(8)5-4(9)7-6-2/h1H3,(H2,5,7,8,9)",0,pKa Data
CSc1nc(=O)cn[nH]1,CSc1nc(=O)cn[nH]1,sour,pKa between 2 and 7,IUPAC Dissocation Constants,0,CSc1nc(=O)cn[nH]1,3,"InChI=1S/C4H5N3OS/c1-9-4-6-3(8)2-5-7-4/h2H,1H3,(H,6,7,8)",0,pKa Data
O=C1NC(C(=O)O)CS1,O=C1NC(C(=O)O)CS1,sour,pKa between 2 and 7,IUPAC Dissocation Constants,0,O=C1NC(C(=O)O)CS1,3,"InChI=1S/C4H5NO3S/c6-3(7)2-1-9-4(8)5-2/h2H,1H2,(H,5,8)(H,6,7)",0,pKa Data
NS(=O)(=O)c1cc(=O)[nH]c(=O)[nH]1,NS(=O)(=O)c1cc(=O)[nH]c(=O)[nH]1,sour,pKa between 2 and 7,IUPAC Dissocation Constants,0,NS(=O)(=O)c1cc(=O)[nH]c(=O)[nH]1,3,"InChI=1S/C4H5N3O4S/c5-12(10,11)3-1-2(8)6-4(9)7-3/h1H,(H2,5,10,11)(H2,6,7,8,9)",0,pKa Data
CCc1nc(=O)s[nH]1,CCc1nc(=O)s[nH]1,sour,pKa between 2 and 7,IUPAC Dissocation Constants,0,CCc1nc(=O)s[nH]1,3,"InChI=1S/C4H6N2OS/c1-2-3-5-4(7)8-6-3/h2H2,1H3,(H,5,6,7)",0,pKa Data
CCOC(=O)C(Cl)[N+](=O)[O-],CCOC(=O)C(Cl)[N+](=O)[O-],sour,pKa between 2 and 7,IUPAC Dissocation Constants,0,CCOC(=O)C(Cl)[N+](=O)[O-],3,"InChI=1S/C4H6ClNO4/c1-2-10-4(7)3(5)6(8)9/h2H2,1H3,(H,8,9)",0,pKa Data
CCOC(=O)C(F)[N+](=O)[O-],CCOC(=O)C(F)[N+](=O)[O-],sour,pKa between 2 and 7,IUPAC Dissocation Constants,0,CCOC(=O)C(F)[N+](=O)[O-],3,"InChI=1S/C4H6FNO4/c1-2-10-4(7)3(5)6(8)9/h2H2,1H3,(H,8,9)",0,pKa Data
CC(Cl)(CC([N+](=O)[O-])[N+](=O)[O-])[N+](=O)[O-],CC(Cl)(CC([N+](=O)[O-])[N+](=O)[O-])[N+](=O)[O-],sour,pKa between 2 and 7,IUPAC Dissocation Constants,0,CC(Cl)(CC([N+](=O)[O-])[N+](=O)[O-])[N+](=O)[O-],3,"InChI=1S/C4H6ClN3O6/c1-4(5,8(13)14)2-3(6(9)10)7(11)12/h2H2,1H3,(H,9,10)",0,pKa Data
CSC(=S)NCC(=O)O,CSC(=S)NCC(=O)O,sour,pKa between 2 and 7,IUPAC Dissocation Constants,0,CSC(=S)NCC(=O)O,3,"InChI=1S/C4H7NO2S2/c1-9-4(8)5-2-3(6)7/h2H2,1H3,(H,5,8)(H,6,7)",0,pKa Data
CCP(O)(=S)CC,CCP(O)(=S)CC,sour,pKa between 2 and 7,IUPAC Dissocation Constants,0,CCP(O)(=S)CC,3,"InChI=1S/C4H11OPS/c1-3-6(5,7)4-2/h3-4H2,1-2H3,(H,5,7)",0,pKa Data
CC(C)SP(C)(=O)O,CC(C)SP(C)(=O)O,sour,pKa between 2 and 7,IUPAC Dissocation Constants,0,CC(C)SP(C)(=O)O,3,"InChI=1S/C4H11O2PS/c1-4(2)8-7(3,5)6/h4H,1-3H3,(H,5,6)",0,pKa Data
CCCSP(C)(=O)O,CCCSP(C)(=O)O,sour,pKa between 2 and 7,IUPAC Dissocation Constants,0,CCCSP(C)(=O)O,3,"InChI=1S/C4H11O2PS/c1-3-4-8-7(2,5)6/h3-4H2,1-2H3,(H,5,6)",0,pKa Data
O=C(O)CN(CP(=O)(O)O)CP(=O)(O)O,O=C(O)CN(CP(=O)(O)O)CP(=O)(O)O,sour,pKa between 2 and 7,IUPAC Dissocation Constants,0,O=C(O)CN(CP(=O)(O)O)CP(=O)(O)O,3,"InChI=1S/C4H11NO8P2/c6-4(7)1-5(2-14(8,9)10)3-15(11,12)13/h1-3H2,(H,6,7)(H2,8,9,10)(H2,11,12,13)",0,pKa Data
C#C/C=C/C(=O)O,C#C/C=C/C(=O)O,sour,pKa between 2 and 7,IUPAC Dissocation Constants,0,C#C/C=C/C(=O)O,3,"InChI=1S/C5H4O2/c1-2-3-4-5(6)7/h1,3-4H,(H,6,7)",0,pKa Data
CCC#CC(=O)O,CCC#CC(=O)O,sour,pKa between 2 and 7,IUPAC Dissocation Constants,0,CCC#CC(=O)O,3,"InChI=1S/C5H6O2/c1-2-3-4-5(6)7/h2H2,1H3,(H,6,7)",0,pKa Data
CC#CCC(=O)O,CC#CCC(=O)O,sour,pKa between 2 and 7,IUPAC Dissocation Constants,0,CC#CCC(=O)O,3,"InChI=1S/C5H6O2/c1-2-3-4-5(6)7/h4H2,1H3,(H,6,7)",0,pKa Data
C#CCCC(=O)O,C#CCCC(=O)O,sour,pKa between 2 and 7,IUPAC Dissocation Constants,0,C#CCCC(=O)O,3,"InChI=1S/C5H6O2/c1-2-3-4-5(6)7/h1H,3-4H2,(H,6,7)",0,pKa Data
CC1=C(O)COC1=O,CC1=C(O)COC1=O,sour,pKa between 2 and 7,IUPAC Dissocation Constants,0,CC1=C(O)COC1=O,3,"InChI=1S/C5H6O3/c1-3-4(6)2-8-5(3)7/h2,6-7H,1H3",0,pKa Data
CC(=O)/C=C/C(=O)O,CC(=O)/C=C/C(=O)O,sour,pKa between 2 and 7,IUPAC Dissocation Constants,0,CC(=O)/C=C/C(=O)O,3,"InChI=1S/C5H6O3/c1-4(6)2-3-5(7)8/h2-3H,1H3,(H,7,8)",0,pKa Data
C=C(CC(=O)O)C(=O)O,C=C(CC(=O)O)C(=O)O,sour,pKa between 2 and 7,IUPAC Dissocation Constants,0,C=C(CC(=O)O)C(=O)O,3,"InChI=1S/C5H6O4/c1-3(5(8)9)2-4(6)7/h1-2H2,(H,6,7)(H,8,9)",0,pKa Data
C/C(=C/C(=O)O)C(=O)O,C/C(=C/C(=O)O)C(=O)O,sour,pKa between 2 and 7,IUPAC Dissocation Constants,0,C/C(=C/C(=O)O)C(=O)O,3,"InChI=1S/C5H6O4/c1-3(5(8)9)2-4(6)7/h2H,1H3,(H,6,7)(H,8,9)",0,pKa Data
O=C(O)[C@H]1C[C@H]1C(=O)O,O=C(O)[C@H]1C[C@H]1C(=O)O,sour,pKa between 2 and 7,IUPAC Dissocation Constants,0,O=C(O)[C@H]1C[C@H]1C(=O)O,3,"InChI=1S/C5H6O4/c6-4(7)2-1-3(2)5(8)9/h2-3H,1H2,(H,6,7)(H,8,9)",0,pKa Data
O=C(O)[C@@H]1C[C@H]1C(=O)O,O=C(O)[C@@H]1C[C@H]1C(=O)O,sour,pKa between 2 and 7,IUPAC Dissocation Constants,0,O=C(O)[C@@H]1C[C@H]1C(=O)O,3,"InChI=1S/C5H6O4/c6-4(7)2-1-3(2)5(8)9/h2-3H,1H2,(H,6,7)(H,8,9)",0,pKa Data
O=C(O)C1CCOC1=O,O=C(O)C1CCOC1=O,sour,pKa between 2 and 7,IUPAC Dissocation Constants,0,O=C(O)C1CCOC1=O,3,"InChI=1S/C5H6O4/c6-4(7)3-1-2-9-5(3)8/h3H,1-2H2,(H,6,7)",0,pKa Data
C[C@H]1C[C@H]1C(=O)O,C[C@H]1C[C@H]1C(=O)O,sour,pKa between 2 and 7,IUPAC Dissocation Constants,0,C[C@H]1C[C@H]1C(=O)O,3,"InChI=1S/C5H8O2/c1-3-2-4(3)5(6)7/h3-4H,2H2,1H3,(H,6,7)",0,pKa Data
C[C@@H]1C[C@H]1C(=O)O,C[C@@H]1C[C@H]1C(=O)O,sour,pKa between 2 and 7,IUPAC Dissocation Constants,0,C[C@@H]1C[C@H]1C(=O)O,3,"InChI=1S/C5H8O2/c1-3-2-4(3)5(6)7/h3-4H,2H2,1H3,(H,6,7)",0,pKa Data
CC/C=C\C(=O)O,CC/C=C\C(=O)O,sour,pKa between 2 and 7,IUPAC Dissocation Constants,0,CC/C=C\C(=O)O,3,"InChI=1S/C5H8O2/c1-2-3-4-5(6)7/h3-4H,2H2,1H3,(H,6,7)",0,pKa Data
CC/C=C/C(=O)O,CC/C=C/C(=O)O,sour,pKa between 2 and 7,IUPAC Dissocation Constants,0,CC/C=C/C(=O)O,3,"InChI=1S/C5H8O2/c1-2-3-4-5(6)7/h3-4H,2H2,1H3,(H,6,7)",0,pKa Data
CCOC(=O)CC(=O)O,CCOC(=O)CC(=O)O,sour,pKa between 2 and 7,IUPAC Dissocation Constants,0,CCOC(=O)CC(=O)O,3,"InChI=1S/C5H8O4/c1-2-9-5(8)3-4(6)7/h2-3H2,1H3,(H,6,7)",0,pKa Data
CC(CC(=O)O)C(=O)O,CC(CC(=O)O)C(=O)O,sour,pKa between 2 and 7,IUPAC Dissocation Constants,0,CC(CC(=O)O)C(=O)O,3,"InChI=1S/C5H8O4/c1-3(5(8)9)2-4(6)7/h3H,2H2,1H3,(H,6,7)(H,8,9)",0,pKa Data
CC(C)(C(=O)O)C(=O)O,CC(C)(C(=O)O)C(=O)O,sour,pKa between 2 and 7,IUPAC Dissocation Constants,0,CC(C)(C(=O)O)C(=O)O,3,"InChI=1S/C5H8O4/c1-5(2,3(6)7)4(8)9/h1-2H3,(H,6,7)(H,8,9)",0,pKa Data
CCC(C(=O)O)C(=O)O,CCC(C(=O)O)C(=O)O,sour,pKa between 2 and 7,IUPAC Dissocation Constants,0,CCC(C(=O)O)C(=O)O,3,"InChI=1S/C5H8O4/c1-2-3(4(6)7)5(8)9/h3H,2H2,1H3,(H,6,7)(H,8,9)",0,pKa Data
CC(OCC(=O)O)C(=O)O,CC(OCC(=O)O)C(=O)O,sour,pKa between 2 and 7,IUPAC Dissocation Constants,0,CC(OCC(=O)O)C(=O)O,3,"InChI=1S/C5H8O5/c1-3(5(8)9)10-2-4(6)7/h3H,2H2,1H3,(H,6,7)(H,8,9)",0,pKa Data
O=C(O)C(O)C(O)C(O)C(=O)O,O=C(O)C(O)C(O)C(O)C(=O)O,sour,pKa between 2 and 7,IUPAC Dissocation Constants,0,O=C(O)C(O)C(O)C(O)C(=O)O,3,"InChI=1S/C5H8O7/c6-1(2(7)4(9)10)3(8)5(11)12/h1-3,6-8H,(H,9,10)(H,11,12)",0,pKa Data
CC(C)(C)C(=O)O,CC(C)(C)C(=O)O,sour,pKa between 2 and 7,IUPAC Dissocation Constants,0,CC(C)(C)C(=O)O,3,"InChI=1S/C5H10O2/c1-5(2,3)4(6)7/h1-3H3,(H,6,7)",0,pKa Data
CCC(C)(O)C(=O)O,CCC(C)(O)C(=O)O,sour,pKa between 2 and 7,IUPAC Dissocation Constants,0,CCC(C)(O)C(=O)O,3,"InChI=1S/C5H10O3/c1-3-5(2,8)4(6)7/h8H,3H2,1-2H3,(H,6,7)",0,pKa Data
CCCC(O)C(=O)O,CCCC(O)C(=O)O,sour,pKa between 2 and 7,IUPAC Dissocation Constants,0,CCCC(O)C(=O)O,3,"InChI=1S/C5H10O3/c1-2-3-4(6)5(7)8/h4,6H,2-3H2,1H3,(H,7,8)",0,pKa Data
CC(CO)(CO)C(=O)O,CC(CO)(CO)C(=O)O,sour,pKa between 2 and 7,IUPAC Dissocation Constants,0,CC(CO)(CO)C(=O)O,3,"InChI=1S/C5H10O4/c1-5(2-6,3-7)4(8)9/h6-7H,2-3H2,1H3,(H,8,9)",0,pKa Data
O=c1ncnc2[nH]ncnc1-2,O=c1ncnc2[nH]ncnc1-2,sour,pKa between 2 and 7,IUPAC Dissocation Constants,0,O=c1ncnc2[nH]ncnc1-2,3,"InChI=1S/C5H3N5O/c11-5-3-4(7-1-8-5)10-9-2-6-3/h1-2H,(H,7,8,10,11)",0,pKa Data
O=C(O)c1cccs1,O=C(O)c1cccs1,sour,pKa between 2 and 7,IUPAC Dissocation Constants,0,O=C(O)c1cccs1,3,"InChI=1S/C5H4O2S/c6-5(7)4-2-1-3-8-4/h1-3H,(H,6,7)",0,pKa Data
O=C(O)c1ccc[se]1,O=C(O)c1ccc[se]1,sour,pKa between 2 and 7,IUPAC Dissocation Constants,0,O=C(O)c1ccc[se]1,3,"InChI=1S/C5H4O2Se/c6-5(7)4-2-1-3-8-4/h1-3H,(H,6,7)",0,pKa Data
O=C(O)c1c[nH]c(=O)[nH]c1=O,O=C(O)c1c[nH]c(=O)[nH]c1=O,sour,pKa between 2 and 7,IUPAC Dissocation Constants,0,O=C(O)c1c[nH]c(=O)[nH]c1=O,3,"InChI=1S/C5H4N2O4/c8-3-2(4(9)10)1-6-5(11)7-3/h1H,(H,9,10)(H2,6,7,8,11)",0,pKa Data
O=C(O)c1cc([N+](=O)[O-])c[nH]1,O=C(O)c1cc([N+](=O)[O-])c[nH]1,sour,pKa between 2 and 7,IUPAC Dissocation Constants,0,O=C(O)c1cc([N+](=O)[O-])c[nH]1,3,"InChI=1S/C5H4N2O4/c8-5(9)4-1-3(2-6-4)7(10)11/h1-2,6H,(H,8,9)",0,pKa Data
O=C(O)c1ccc([N+](=O)[O-])[nH]1,O=C(O)c1ccc([N+](=O)[O-])[nH]1,sour,pKa between 2 and 7,IUPAC Dissocation Constants,0,O=C(O)c1ccc([N+](=O)[O-])[nH]1,3,"InChI=1S/C5H4N2O4/c8-5(9)3-1-2-4(6-3)7(10)11/h1-2,6H,(H,8,9)",0,pKa Data
Oc1cccnc1,Oc1cccnc1,sour,pKa between 2 and 7,IUPAC Dissocation Constants,0,Oc1cccnc1,3,"InChI=1S/C5H5NO/c7-5-2-1-3-6-4-5/h1-4,7H",0,pKa Data
Cc1nn2cn[nH]c2nc1=O,Cc1nn2cn[nH]c2nc1=O,sour,pKa between 2 and 7,IUPAC Dissocation Constants,0,Cc1nn2cn[nH]c2nc1=O,3,"InChI=1S/C5H5N5O/c1-3-4(11)7-5-8-6-2-10(5)9-3/h2H,1H3,(H,7,8,11)",0,pKa Data
O=c1ccccn1O,O=c1ccccn1O,sour,pKa between 2 and 7,IUPAC Dissocation Constants,0,O=c1ccccn1O,3,"InChI=1S/C5H5NO2/c7-5-3-1-2-4-6(5)8/h1-4,8H",0,pKa Data
O=C(O)c1ccc[nH]1,O=C(O)c1ccc[nH]1,sour,pKa between 2 and 7,IUPAC Dissocation Constants,0,O=C(O)c1ccc[nH]1,3,"InChI=1S/C5H5NO2/c7-5(8)4-2-1-3-6-4/h1-3,6H,(H,7,8)",0,pKa Data
O=C(O)c1cc[nH]c1,O=C(O)c1cc[nH]c1,sour,pKa between 2 and 7,IUPAC Dissocation Constants,0,O=C(O)c1cc[nH]c1,3,"InChI=1S/C5H5NO2/c7-5(8)4-1-2-6-3-4/h1-3,6H,(H,7,8)",0,pKa Data
Nc1[nH]c(=O)cnc1C=O,Nc1[nH]c(=O)cnc1C=O,sour,pKa between 2 and 7,IUPAC Dissocation Constants,0,Nc1[nH]c(=O)cnc1C=O,3,"InChI=1S/C5H5N3O2/c6-5-3(2-9)7-1-4(10)8-5/h1-2H,(H3,6,8,10)",0,pKa Data
CC(=O)CC(=O)C(F)(F)F,CC(=O)CC(=O)C(F)(F)F,sour,pKa between 2 and 7,IUPAC Dissocation Constants,0,CC(=O)CC(=O)C(F)(F)F,3,"InChI=1S/C5H5F3O2/c1-3(9)2-4(10)5(6,7)8/h2H2,1H3",0,pKa Data
O=c1cc(O)cc(O)[nH]1,O=c1cc(O)cc(O)[nH]1,sour,pKa between 2 and 7,IUPAC Dissocation Constants,0,O=c1cc(O)cc(O)[nH]1,3,"InChI=1S/C5H5NO3/c7-3-1-4(8)6-5(9)2-3/h1-2H,(H3,6,7,8,9)",0,pKa Data
Cn1c(=O)[nH]cc([N+](=O)[O-])c1=O,Cn1c(=O)[nH]cc([N+](=O)[O-])c1=O,sour,pKa between 2 and 7,IUPAC Dissocation Constants,0,Cn1c(=O)[nH]cc([N+](=O)[O-])c1=O,3,"InChI=1S/C5H5N3O4/c1-7-4(9)3(8(11)12)2-6-5(7)10/h2H,1H3,(H,6,10)",0,pKa Data
Cc1c(O)[nH]c(=O)[nH]c1=O,Cc1c(O)[nH]c(=O)[nH]c1=O,sour,pKa between 2 and 7,IUPAC Dissocation Constants,0,Cc1c(O)[nH]c(=O)[nH]c1=O,3,"InChI=1S/C5H6N2O3/c1-2-3(8)6-5(10)7-4(2)9/h1H3,(H3,6,7,8,9,10)",0,pKa Data
Cc1o[nH]c(=O)c1C,Cc1o[nH]c(=O)c1C,sour,pKa between 2 and 7,IUPAC Dissocation Constants,0,Cc1o[nH]c(=O)c1C,3,"InChI=1S/C5H7NO2/c1-3-4(2)8-6-5(3)7/h1-2H3,(H,6,7)",0,pKa Data
CC(C)(C#N)C(=O)O,CC(C)(C#N)C(=O)O,sour,pKa between 2 and 7,IUPAC Dissocation Constants,0,CC(C)(C#N)C(=O)O,3,"InChI=1S/C5H7NO2/c1-5(2,3-6)4(7)8/h1-2H3,(H,7,8)",0,pKa Data
CC(C#N)CC([N+](=O)[O-])[N+](=O)[O-],CC(C#N)CC([N+](=O)[O-])[N+](=O)[O-],sour,pKa between 2 and 7,IUPAC Dissocation Constants,0,CC(C#N)CC([N+](=O)[O-])[N+](=O)[O-],3,"InChI=1S/C5H7N3O4/c1-4(3-6)2-5(7(9)10)8(11)12/h4H,2H2,1H3,(H,9,10)",0,pKa Data
N#CCCCC([N+](=O)[O-])[N+](=O)[O-],N#CCCCC([N+](=O)[O-])[N+](=O)[O-],sour,pKa between 2 and 7,IUPAC Dissocation Constants,0,N#CCCCC([N+](=O)[O-])[N+](=O)[O-],3,"InChI=1S/C5H7N3O4/c6-4-2-1-3-5(7(9)10)8(11)12/h1-3H2,(H,9,10)",0,pKa Data
CNc1nc(=O)c(C)n[nH]1,CNc1nc(=O)c(C)n[nH]1,sour,pKa between 2 and 7,IUPAC Dissocation Constants,0,CNc1nc(=O)c(C)n[nH]1,3,"InChI=1S/C5H8N4O/c1-3-4(10)7-5(6-2)9-8-3/h1-2H3,(H2,6,7,9,10)",0,pKa Data
Cc1nnc(N)n(C)c1=O,Cc1nnc(N)n(C)c1=O,sour,pKa between 2 and 7,IUPAC Dissocation Constants,0,Cc1nnc(N)n(C)c1=O,3,"InChI=1S/C5H8N4O/c1-3-4(10)9(2)5(6)8-7-3/h1-2H3,(H2,6,8)",0,pKa Data
CC1(CCC(=O)O)N=N1,CC1(CCC(=O)O)N=N1,sour,pKa between 2 and 7,IUPAC Dissocation Constants,0,CC1(CCC(=O)O)N=N1,3,"InChI=1S/C5H8N2O2/c1-5(6-7-5)3-2-4(8)9/h2-3H2,1H3,(H,8,9)",0,pKa Data
CONC1NC(=O)Nc2nn[nH]c21,CONC1NC(=O)Nc2nn[nH]c21,sour,pKa between 2 and 7,IUPAC Dissocation Constants,0,CONC1NC(=O)Nc2nn[nH]c21,3,"InChI=1S/C5H8N6O2/c1-13-10-4-2-3(9-11-8-2)6-5(12)7-4/h4,10H,1H3,(H3,6,7,8,9,11,12)",0,pKa Data
C=CCSCC(=O)O,C=CCSCC(=O)O,sour,pKa between 2 and 7,IUPAC Dissocation Constants,0,C=CCSCC(=O)O,3,"InChI=1S/C5H8O2S/c1-2-3-8-4-5(6)7/h2H,1,3-4H2,(H,6,7)",0,pKa Data
CCSC(=S)SCC(=O)O,CCSC(=S)SCC(=O)O,sour,pKa between 2 and 7,IUPAC Dissocation Constants,0,CCSC(=S)SCC(=O)O,3,"InChI=1S/C5H8O2S3/c1-2-9-5(8)10-3-4(6)7/h2-3H2,1H3,(H,6,7)",0,pKa Data
CCOC(=S)SCC(=O)O,CCOC(=S)SCC(=O)O,sour,pKa between 2 and 7,IUPAC Dissocation Constants,0,CCOC(=S)SCC(=O)O,3,"InChI=1S/C5H8O3S2/c1-2-8-5(9)10-3-4(6)7/h2-3H2,1H3,(H,6,7)",0,pKa Data
CC=CCC([N+](=O)[O-])[N+](=O)[O-],CC=CCC([N+](=O)[O-])[N+](=O)[O-],sour,pKa between 2 and 7,IUPAC Dissocation Constants,0,CC=CCC([N+](=O)[O-])[N+](=O)[O-],3,"InChI=1S/C5H8N2O4/c1-2-3-4-5(6(8)9)7(10)11/h2-3H,4H2,1H3,(H,8,9)",0,pKa Data
O=C(O)CCSCC(=O)O,O=C(O)CCSCC(=O)O,sour,pKa between 2 and 7,IUPAC Dissocation Constants,0,O=C(O)CCSCC(=O)O,3,"InChI=1S/C5H8O4S/c6-4(7)1-2-10-3-5(8)9/h1-3H2,(H,6,7)(H,8,9)",0,pKa Data
CC(SCC(=O)O)C(=O)O,CC(SCC(=O)O)C(=O)O,sour,pKa between 2 and 7,IUPAC Dissocation Constants,0,CC(SCC(=O)O)C(=O)O,3,"InChI=1S/C5H8O4S/c1-3(5(8)9)10-2-4(6)7/h3H,2H2,1H3,(H,6,7)(H,8,9)",0,pKa Data
O=C(O)CSCSCC(=O)O,O=C(O)CSCSCC(=O)O,sour,pKa between 2 and 7,IUPAC Dissocation Constants,0,O=C(O)CSCSCC(=O)O,3,"InChI=1S/C5H8O4S2/c6-4(7)1-10-3-11-2-5(8)9/h1-3H2,(H,6,7)(H,8,9)",0,pKa Data
CC(=O)OCCC([N+](=O)[O-])[N+](=O)[O-],CC(=O)OCCC([N+](=O)[O-])[N+](=O)[O-],sour,pKa between 2 and 7,IUPAC Dissocation Constants,0,CC(=O)OCCC([N+](=O)[O-])[N+](=O)[O-],3,"InChI=1S/C5H8N2O6/c1-4(8)13-3-2-5(6(9)10)7(11)12/h2-3H2,1H3,(H,9,10)",0,pKa Data
COC(=O)CCC([N+](=O)[O-])[N+](=O)[O-],COC(=O)CCC([N+](=O)[O-])[N+](=O)[O-],sour,pKa between 2 and 7,IUPAC Dissocation Constants,0,COC(=O)CCC([N+](=O)[O-])[N+](=O)[O-],3,"InChI=1S/C5H8N2O6/c1-13-5(8)3-2-4(6(9)10)7(11)12/h2-3H2,1H3,(H,9,10)",0,pKa Data
CC(CCC(=O)O)([N+](=O)[O-])[N+](=O)[O-],CC(CCC(=O)O)([N+](=O)[O-])[N+](=O)[O-],sour,pKa between 2 and 7,IUPAC Dissocation Constants,0,CC(CCC(=O)O)([N+](=O)[O-])[N+](=O)[O-],3,"InChI=1S/C5H8N2O6/c1-5(6(10)11,7(12)13)3-2-4(8)9/h2-3H2,1H3,(H,8,9)",0,pKa Data
CC(=O)C(O)CC([N+](=O)[O-])[N+](=O)[O-],CC(=O)C(O)CC([N+](=O)[O-])[N+](=O)[O-],sour,pKa between 2 and 7,IUPAC Dissocation Constants,0,CC(=O)C(O)CC([N+](=O)[O-])[N+](=O)[O-],3,"InChI=1S/C5H8N2O6/c1-3(8)4(9)2-5(6(10)11)7(12)13/h4,9H,2H2,1H3,(H,10,11)",0,pKa Data
CC(CCC([N+](=O)[O-])[N+](=O)[O-])([N+](=O)[O-])[N+](=O)[O-],CC(CCC([N+](=O)[O-])[N+](=O)[O-])([N+](=O)[O-])[N+](=O)[O-],sour,pKa between 2 and 7,IUPAC Dissocation Constants,0,CC(CCC([N+](=O)[O-])[N+](=O)[O-])([N+](=O)[O-])[N+](=O)[O-],3,"InChI=1S/C5H8N4O8/c1-5(8(14)15,9(16)17)3-2-4(6(10)11)7(12)13/h2-3H2,1H3,(H,10,11)",0,pKa Data
CC(Cl)CCC(=O)O,CC(Cl)CCC(=O)O,sour,pKa between 2 and 7,IUPAC Dissocation Constants,0,CC(Cl)CCC(=O)O,3,"InChI=1S/C5H9ClO2/c1-4(6)2-3-5(7)8/h4H,2-3H2,1H3,(H,7,8)",0,pKa Data
CN(C)C(=O)OCC(=O)O,CN(C)C(=O)OCC(=O)O,sour,pKa between 2 and 7,IUPAC Dissocation Constants,0,CN(C)C(=O)OCC(=O)O,3,"InChI=1S/C5H9NO4/c1-6(2)5(9)10-3-4(7)8/h3H2,1-2H3,(H,7,8)",0,pKa Data
CC(=O)NCCC([N+](=O)[O-])[N+](=O)[O-],CC(=O)NCCC([N+](=O)[O-])[N+](=O)[O-],sour,pKa between 2 and 7,IUPAC Dissocation Constants,0,CC(=O)NCCC([N+](=O)[O-])[N+](=O)[O-],3,"InChI=1S/C5H9N3O5/c1-4(9)6-3-2-5(7(10)11)8(12)13/h2-3H2,1H3,(H,6,9)(H,10,11)",0,pKa Data
CC(CC([N+](=O)[O-])[N+](=O)[O-])C(N)=O,CC(CC([N+](=O)[O-])[N+](=O)[O-])C(N)=O,sour,pKa between 2 and 7,IUPAC Dissocation Constants,0,CC(CC([N+](=O)[O-])[N+](=O)[O-])C(N)=O,3,"InChI=1S/C5H9N3O5/c1-3(5(6)9)2-4(7(10)11)8(12)13/h3H,2H2,1H3,(H2,6,9)(H,10,11)",0,pKa Data
NC(=O)CCCC([N+](=O)[O-])[N+](=O)[O-],NC(=O)CCCC([N+](=O)[O-])[N+](=O)[O-],sour,pKa between 2 and 7,IUPAC Dissocation Constants,0,NC(=O)CCCC([N+](=O)[O-])[N+](=O)[O-],3,"InChI=1S/C5H9N3O5/c6-4(9)2-1-3-5(7(10)11)8(12)13/h1-3H2,(H2,6,9)(H,10,11)",0,pKa Data
CC(CCC([N+](=O)[O-])[N+](=O)[O-])=NO,CC(CCC([N+](=O)[O-])[N+](=O)[O-])=NO,sour,pKa between 2 and 7,IUPAC Dissocation Constants,0,CC(CCC([N+](=O)[O-])[N+](=O)[O-])=NO,3,"InChI=1S/C5H9N3O5/c1-4(6-9)2-3-5(7(10)11)8(12)13/h9H,2-3H2,1H3,(H,10,11)",0,pKa Data
CNC(=O)NCCC([N+](=O)[O-])[N+](=O)[O-],CNC(=O)NCCC([N+](=O)[O-])[N+](=O)[O-],sour,pKa between 2 and 7,IUPAC Dissocation Constants,0,CNC(=O)NCCC([N+](=O)[O-])[N+](=O)[O-],3,"InChI=1S/C5H10N4O5/c1-6-5(10)7-3-2-4(8(11)12)9(13)14/h2-3H2,1H3,(H,11,12)(H2,6,7,10)",0,pKa Data
CCC(CC([N+](=O)[O-])[N+](=O)[O-])[N+](=O)[O-],CCC(CC([N+](=O)[O-])[N+](=O)[O-])[N+](=O)[O-],sour,pKa between 2 and 7,IUPAC Dissocation Constants,0,CCC(CC([N+](=O)[O-])[N+](=O)[O-])[N+](=O)[O-],3,"InChI=1S/C5H9N3O6/c1-2-4(6(9)10)3-5(7(11)12)8(13)14/h4H,2-3H2,1H3,(H,11,12)",0,pKa Data
S=C(S)N1CCCC1,S=C(S)N1CCCC1,sour,pKa between 2 and 7,IUPAC Dissocation Constants,0,S=C(S)N1CCCC1,3,"InChI=1S/C5H9NS2/c7-5(8)6-3-1-2-4-6/h1-4H2,(H,7,8)",0,pKa Data
S=C(S)N1CCSCC1,S=C(S)N1CCSCC1,sour,pKa between 2 and 7,IUPAC Dissocation Constants,0,S=C(S)N1CCSCC1,3,"InChI=1S/C5H9NS3/c7-5(8)6-1-3-9-4-2-6/h1-4H2,(H,7,8)",0,pKa Data
CCCSCC(=O)O,CCCSCC(=O)O,sour,pKa between 2 and 7,IUPAC Dissocation Constants,0,CCCSCC(=O)O,3,"InChI=1S/C5H10O2S/c1-2-3-8-4-5(6)7/h2-4H2,1H3,(H,6,7)",0,pKa Data
CC(C)CC([N+](=O)[O-])[N+](=O)[O-],CC(C)CC([N+](=O)[O-])[N+](=O)[O-],sour,pKa between 2 and 7,IUPAC Dissocation Constants,0,CC(C)CC([N+](=O)[O-])[N+](=O)[O-],3,"InChI=1S/C5H10N2O4/c1-4(2)3-5(6(8)9)7(10)11/h4H,3H2,1-2H3,(H,8,9)",0,pKa Data
CCCCC([N+](=O)[O-])[N+](=O)[O-],CCCCC([N+](=O)[O-])[N+](=O)[O-],sour,pKa between 2 and 7,IUPAC Dissocation Constants,0,CCCCC([N+](=O)[O-])[N+](=O)[O-],3,"InChI=1S/C5H10N2O4/c1-2-3-4-5(6(8)9)7(10)11/h2-4H2,1H3,(H,8,9)",0,pKa Data
CCCCC[PH](=O)O,CCCCC[PH](=O)O,sour,pKa between 2 and 7,IUPAC Dissocation Constants,0,CCCCC[PH](=O)O,3,"InChI=1S/C5H13O2P/c1-2-3-4-5-8(6)7/h8H,2-5H2,1H3,(H,6,7)",0,pKa Data
CCCCNC(=S)S,CCCCNC(=S)S,sour,pKa between 2 and 7,IUPAC Dissocation Constants,0,CCCCNC(=S)S,3,"InChI=1S/C5H11NS2/c1-2-3-4-6-5(7)8/h2-4H2,1H3,(H2,6,7,8)",0,pKa Data
CC(C(=O)NO)N(C)C,CC(C(=O)NO)N(C)C,sour,pKa between 2 and 7,IUPAC Dissocation Constants,0,CC(C(=O)NO)N(C)C,3,"InChI=1S/C5H12N2O2/c1-4(7(2)3)5(8)6-9/h4,9H,1-3H3,(H,6,8)",0,pKa Data
O=C1N=C(O)C(Cl)=CC1(Cl)Cl,O=C1N=C(O)C(Cl)=CC1(Cl)Cl,sour,pKa between 2 and 7,IUPAC Dissocation Constants,0,O=C1N=C(O)C(Cl)=CC1(Cl)Cl,3,"InChI=1S/C5H2Cl3NO2/c6-2-1-5(7,8)4(11)9-3(2)10/h1H,(H,9,10,11)",0,pKa Data
O=C1N=C(O)C(Br)=CC1(Br)Br,O=C1N=C(O)C(Br)=CC1(Br)Br,sour,pKa between 2 and 7,IUPAC Dissocation Constants,0,O=C1N=C(O)C(Br)=CC1(Br)Br,3,"InChI=1S/C5H2Br3NO2/c6-2-1-5(7,8)4(11)9-3(2)10/h1H,(H,9,10,11)",0,pKa Data
O=C(O)c1ccc(Cl)s1,O=C(O)c1ccc(Cl)s1,sour,pKa between 2 and 7,IUPAC Dissocation Constants,0,O=C(O)c1ccc(Cl)s1,3,"InChI=1S/C5H3ClO2S/c6-4-2-1-3(9-4)5(7)8/h1-2H,(H,7,8)",0,pKa Data
O=C(O)c1ccc(Cl)[se]1,O=C(O)c1ccc(Cl)[se]1,sour,pKa between 2 and 7,IUPAC Dissocation Constants,0,O=C(O)c1ccc(Cl)[se]1,3,"InChI=1S/C5H3ClO2Se/c6-4-2-1-3(9-4)5(7)8/h1-2H,(H,7,8)",0,pKa Data
O=C(O)c1cc(Br)cs1,O=C(O)c1cc(Br)cs1,sour,pKa between 2 and 7,IUPAC Dissocation Constants,0,O=C(O)c1cc(Br)cs1,3,"InChI=1S/C5H3BrO2S/c6-3-1-4(5(7)8)9-2-3/h1-2H,(H,7,8)",0,pKa Data
O=C(O)c1ccc(Br)s1,O=C(O)c1ccc(Br)s1,sour,pKa between 2 and 7,IUPAC Dissocation Constants,0,O=C(O)c1ccc(Br)s1,3,"InChI=1S/C5H3BrO2S/c6-4-2-1-3(9-4)5(7)8/h1-2H,(H,7,8)",0,pKa Data
O=C(O)c1cc(Br)c[se]1,O=C(O)c1cc(Br)c[se]1,sour,pKa between 2 and 7,IUPAC Dissocation Constants,0,O=C(O)c1cc(Br)c[se]1,3,"InChI=1S/C5H3BrO2Se/c6-3-1-4(5(7)8)9-2-3/h1-2H,(H,7,8)",0,pKa Data
O=C(O)c1ccc(Br)[se]1,O=C(O)c1ccc(Br)[se]1,sour,pKa between 2 and 7,IUPAC Dissocation Constants,0,O=C(O)c1ccc(Br)[se]1,3,"InChI=1S/C5H3BrO2Se/c6-4-2-1-3(9-4)5(7)8/h1-2H,(H,7,8)",0,pKa Data
O=C(O)c1cc([N+](=O)[O-])cs1,O=C(O)c1cc([N+](=O)[O-])cs1,sour,pKa between 2 and 7,IUPAC Dissocation Constants,0,O=C(O)c1cc([N+](=O)[O-])cs1,3,"InChI=1S/C5H3NO4S/c7-5(8)4-1-3(2-11-4)6(9)10/h1-2H,(H,7,8)",0,pKa Data
O=C(O)c1ccc([N+](=O)[O-])s1,O=C(O)c1ccc([N+](=O)[O-])s1,sour,pKa between 2 and 7,IUPAC Dissocation Constants,0,O=C(O)c1ccc([N+](=O)[O-])s1,3,"InChI=1S/C5H3NO4S/c7-5(8)3-1-2-4(11-3)6(9)10/h1-2H,(H,7,8)",0,pKa Data
O=C(O)c1cc([N+](=O)[O-])c[se]1,O=C(O)c1cc([N+](=O)[O-])c[se]1,sour,pKa between 2 and 7,IUPAC Dissocation Constants,0,O=C(O)c1cc([N+](=O)[O-])c[se]1,3,"InChI=1S/C5H3NO4Se/c7-5(8)4-1-3(2-11-4)6(9)10/h1-2H,(H,7,8)",0,pKa Data
O=C(O)c1ccc([N+](=O)[O-])[se]1,O=C(O)c1ccc([N+](=O)[O-])[se]1,sour,pKa between 2 and 7,IUPAC Dissocation Constants,0,O=C(O)c1ccc([N+](=O)[O-])[se]1,3,"InChI=1S/C5H3NO4Se/c7-5(8)3-1-2-4(11-3)6(9)10/h1-2H,(H,7,8)",0,pKa Data
O=C(O)c1cc(Cl)c[nH]1,O=C(O)c1cc(Cl)c[nH]1,sour,pKa between 2 and 7,IUPAC Dissocation Constants,0,O=C(O)c1cc(Cl)c[nH]1,3,"InChI=1S/C5H4ClNO2/c6-3-1-4(5(8)9)7-2-3/h1-2,7H,(H,8,9)",0,pKa Data
O=C(O)c1ccc(Cl)[nH]1,O=C(O)c1ccc(Cl)[nH]1,sour,pKa between 2 and 7,IUPAC Dissocation Constants,0,O=C(O)c1ccc(Cl)[nH]1,3,"InChI=1S/C5H4ClNO2/c6-4-2-1-3(7-4)5(8)9/h1-2,7H,(H,8,9)",0,pKa Data
O=C(O)c1cc(Br)c[nH]1,O=C(O)c1cc(Br)c[nH]1,sour,pKa between 2 and 7,IUPAC Dissocation Constants,0,O=C(O)c1cc(Br)c[nH]1,3,"InChI=1S/C5H4BrNO2/c6-3-1-4(5(8)9)7-2-3/h1-2,7H,(H,8,9)",0,pKa Data
O=C(O)c1ccc(Br)[nH]1,O=C(O)c1ccc(Br)[nH]1,sour,pKa between 2 and 7,IUPAC Dissocation Constants,0,O=C(O)c1ccc(Br)[nH]1,3,"InChI=1S/C5H4BrNO2/c6-4-2-1-3(7-4)5(8)9/h1-2,7H,(H,8,9)",0,pKa Data
On1ccccc1=S,On1ccccc1=S,sour,pKa between 2 and 7,IUPAC Dissocation Constants,0,On1ccccc1=S,3,"InChI=1S/C5H5NOS/c7-6-4-2-1-3-5(6)8/h1-4,7H",0,pKa Data
Cn1nnc2[nH]c(=S)[nH]c(=O)c21,Cn1nnc2[nH]c(=S)[nH]c(=O)c21,sour,pKa between 2 and 7,IUPAC Dissocation Constants,0,Cn1nnc2[nH]c(=S)[nH]c(=O)c21,3,"InChI=1S/C5H5N5OS/c1-10-2-3(8-9-10)6-5(12)7-4(2)11/h1H3,(H2,6,7,11,12)",0,pKa Data
O=P(O)(O)Oc1cccnc1,O=P(O)(O)Oc1cccnc1,sour,pKa between 2 and 7,IUPAC Dissocation Constants,0,O=P(O)(O)Oc1cccnc1,3,"InChI=1S/C5H6NO4P/c7-11(8,9)10-5-2-1-3-6-4-5/h1-4H,(H2,7,8,9)",0,pKa Data
CS(=O)(=O)c1cc(=O)[nH]c(=O)[nH]1,CS(=O)(=O)c1cc(=O)[nH]c(=O)[nH]1,sour,pKa between 2 and 7,IUPAC Dissocation Constants,0,CS(=O)(=O)c1cc(=O)[nH]c(=O)[nH]1,3,"InChI=1S/C5H6N2O4S/c1-12(10,11)4-2-3(8)6-5(9)7-4/h2H,1H3,(H2,6,7,8,9)",0,pKa Data
O=[N+]([O-])C(CCCC(Cl)(Cl)Cl)[N+](=O)[O-],O=[N+]([O-])C(CCCC(Cl)(Cl)Cl)[N+](=O)[O-],sour,pKa between 2 and 7,IUPAC Dissocation Constants,0,O=[N+]([O-])C(CCCC(Cl)(Cl)Cl)[N+](=O)[O-],3,"InChI=1S/C5H7Cl3N2O4/c6-5(7,8)3-1-2-4(9(11)12)10(13)14/h1-3H2,(H,11,12)",0,pKa Data
CC(CCC(=O)O)(N(F)F)N(F)F,CC(CCC(=O)O)(N(F)F)N(F)F,sour,pKa between 2 and 7,IUPAC Dissocation Constants,0,CC(CCC(=O)O)(N(F)F)N(F)F,3,"InChI=1S/C5H8F4N2O2/c1-5(10(6)7,11(8)9)3-2-4(12)13/h2-3H2,1H3,(H,12,13)",0,pKa Data
CC(CCC([N+](=O)[O-])[N+](=O)[O-])(N(F)F)N(F)F,CC(CCC([N+](=O)[O-])[N+](=O)[O-])(N(F)F)N(F)F,sour,pKa between 2 and 7,IUPAC Dissocation Constants,0,CC(CCC([N+](=O)[O-])[N+](=O)[O-])(N(F)F)N(F)F,3,"InChI=1S/C5H8F4N4O4/c1-5(12(6)7,13(8)9)3-2-4(10(14)15)11(16)17/h2-3H2,1H3,(H,14,15)",0,pKa Data
S=C(S)N1CCOCC1,S=C(S)N1CCOCC1,sour,pKa between 2 and 7,IUPAC Dissocation Constants,0,S=C(S)N1CCOCC1,3,"InChI=1S/C5H9NOS2/c8-5(9)6-1-3-7-4-2-6/h1-4H2,(H,8,9)",0,pKa Data
CN(C)C(=S)SCC(=O)O,CN(C)C(=S)SCC(=O)O,sour,pKa between 2 and 7,IUPAC Dissocation Constants,0,CN(C)C(=S)SCC(=O)O,3,"InChI=1S/C5H9NO2S2/c1-6(2)5(9)10-3-4(7)8/h3H2,1-2H3,(H,7,8)",0,pKa Data
CSC(=S)N(C)CC(=O)O,CSC(=S)N(C)CC(=O)O,sour,pKa between 2 and 7,IUPAC Dissocation Constants,0,CSC(=S)N(C)CC(=O)O,3,"InChI=1S/C5H9NO2S2/c1-6(3-4(7)8)5(9)10-2/h3H2,1-2H3,(H,7,8)",0,pKa Data
CN(C)C(=S)OCC(=O)O,CN(C)C(=S)OCC(=O)O,sour,pKa between 2 and 7,IUPAC Dissocation Constants,0,CN(C)C(=S)OCC(=O)O,3,"InChI=1S/C5H9NO3S/c1-6(2)5(10)9-3-4(7)8/h3H2,1-2H3,(H,7,8)",0,pKa Data
CN(C)C(=O)SCC(=O)O,CN(C)C(=O)SCC(=O)O,sour,pKa between 2 and 7,IUPAC Dissocation Constants,0,CN(C)C(=O)SCC(=O)O,3,"InChI=1S/C5H9NO3S/c1-6(2)5(9)10-3-4(7)8/h3H2,1-2H3,(H,7,8)",0,pKa Data
CN(C)C(=S)NCC(=O)O,CN(C)C(=S)NCC(=O)O,sour,pKa between 2 and 7,IUPAC Dissocation Constants,0,CN(C)C(=S)NCC(=O)O,3,"InChI=1S/C5H10N2O2S/c1-7(2)5(10)6-3-4(8)9/h3H2,1-2H3,(H,6,10)(H,8,9)",0,pKa Data
O=C(O)CN(CC(=O)O)CP(=O)(O)O,O=C(O)CN(CC(=O)O)CP(=O)(O)O,sour,pKa between 2 and 7,IUPAC Dissocation Constants,0,O=C(O)CN(CC(=O)O)CP(=O)(O)O,3,"InChI=1S/C5H10NO7P/c7-4(8)1-6(2-5(9)10)3-14(11,12)13/h1-3H2,(H,7,8)(H,9,10)(H2,11,12,13)",0,pKa Data
CSCCC(N)C(=O)NO,CSCCC(N)C(=O)NO,sour,pKa between 2 and 7,IUPAC Dissocation Constants,0,CSCCC(N)C(=O)NO,3,"InChI=1S/C5H12N2O2S/c1-10-3-2-4(6)5(8)7-9/h4,9H,2-3,6H2,1H3,(H,7,8)",0,pKa Data
CCCSP(=O)(O)CC,CCCSP(=O)(O)CC,sour,pKa between 2 and 7,IUPAC Dissocation Constants,0,CCCSP(=O)(O)CC,3,"InChI=1S/C5H13O2PS/c1-3-5-9-8(6,7)4-2/h3-5H2,1-2H3,(H,6,7)",0,pKa Data
O=P(O)(O)CN(CCO)CCO,O=P(O)(O)CN(CCO)CCO,sour,pKa between 2 and 7,IUPAC Dissocation Constants,0,O=P(O)(O)CN(CCO)CCO,3,"InChI=1S/C5H14NO5P/c7-3-1-6(2-4-8)5-12(9,10)11/h7-8H,1-5H2,(H2,9,10,11)",0,pKa Data
O=c1c(O)c(O)c(=O)c(=O)c1=O,O=c1c(O)c(O)c(=O)c(=O)c1=O,sour,pKa between 2 and 7,IUPAC Dissocation Constants,0,O=c1c(O)c(O)c(=O)c(=O)c1=O,3,InChI=1S/C6H2O6/c7-1-2(8)4(10)6(12)5(11)3(1)9/h7-8H,0,pKa Data
O=C1C=C(O)C(=O)C=C1O,O=C1C=C(O)C(=O)C=C1O,sour,pKa between 2 and 7,IUPAC Dissocation Constants,0,O=C1C=C(O)C(=O)C=C1O,3,"InChI=1S/C6H4O4/c7-3-1-4(8)6(10)2-5(3)9/h1-2,7,10H",0,pKa Data
O=C(O)c1ccc(=O)oc1,O=C(O)c1ccc(=O)oc1,sour,pKa between 2 and 7,IUPAC Dissocation Constants,0,O=C(O)c1ccc(=O)oc1,3,"InChI=1S/C6H4O4/c7-5-2-1-4(3-10-5)6(8)9/h1-3H,(H,8,9)",0,pKa Data
O=C1C(O)=C(O)C(=O)C(O)=C1O,O=C1C(O)=C(O)C(=O)C(O)=C1O,sour,pKa between 2 and 7,IUPAC Dissocation Constants,0,O=C1C(O)=C(O)C(=O)C(O)=C1O,3,"InChI=1S/C6H4O6/c7-1-2(8)4(10)6(12)5(11)3(1)9/h7-8,11-12H",0,pKa Data
N#Cc1cc2[nH]nnc2nc1N,N#Cc1cc2[nH]nnc2nc1N,sour,pKa between 2 and 7,IUPAC Dissocation Constants,0,N#Cc1cc2[nH]nnc2nc1N,3,"InChI=1S/C6H4N6/c7-2-3-1-4-6(9-5(3)8)11-12-10-4/h1H,(H3,8,9,10,11,12)",0,pKa Data
CC#C/C=C/C(=O)O,CC#C/C=C/C(=O)O,sour,pKa between 2 and 7,IUPAC Dissocation Constants,0,CC#C/C=C/C(=O)O,3,"InChI=1S/C6H6O2/c1-2-3-4-5-6(7)8/h4-5H,1H3,(H,7,8)",0,pKa Data
CC=CC#CC(=O)O,CC=CC#CC(=O)O,sour,pKa between 2 and 7,IUPAC Dissocation Constants,0,CC=CC#CC(=O)O,3,"InChI=1S/C6H6O2/c1-2-3-4-5-6(7)8/h2-3H,1H3,(H,7,8)",0,pKa Data
C=CC#CCC(=O)O,C=CC#CCC(=O)O,sour,pKa between 2 and 7,IUPAC Dissocation Constants,0,C=CC#CCC(=O)O,3,"InChI=1S/C6H6O2/c1-2-3-4-5-6(7)8/h2H,1,5H2,(H,7,8)",0,pKa Data
O=C1C[C@H](C(=O)O)[C@H](C(=O)O)O1,O=C1C[C@H](C(=O)O)[C@H](C(=O)O)O1,sour,pKa between 2 and 7,IUPAC Dissocation Constants,0,O=C1C[C@H](C(=O)O)[C@H](C(=O)O)O1,3,"InChI=1S/C6H6O6/c7-3-1-2(5(8)9)4(12-3)6(10)11/h1,7-11H",0,pKa Data
O=C1C[C@@H](C(=O)O)[C@H](C(=O)O)O1,O=C1C[C@@H](C(=O)O)[C@H](C(=O)O)O1,sour,pKa between 2 and 7,IUPAC Dissocation Constants,0,O=C1C[C@@H](C(=O)O)[C@H](C(=O)O)O1,3,"InChI=1S/C6H6O6/c7-3-1-2(5(8)9)4(12-3)6(10)11/h1,7-11H",0,pKa Data
O=C(O)C12CC(C1)C2,O=C(O)C12CC(C1)C2,sour,pKa between 2 and 7,IUPAC Dissocation Constants,0,O=C(O)C12CC(C1)C2,3,"InChI=1S/C6H8O2/c7-5(8)6-1-4(2-6)3-6/h4H,1-3H2,(H,7,8)",0,pKa Data
O=C1CCCC(=O)C1,O=C1CCCC(=O)C1,sour,pKa between 2 and 7,IUPAC Dissocation Constants,0,O=C1CCCC(=O)C1,3,InChI=1S/C6H8O2/c7-5-2-1-3-6(8)4-5/h1-4H2,0,pKa Data
O=CC1CCCC1=O,O=CC1CCCC1=O,sour,pKa between 2 and 7,IUPAC Dissocation Constants,0,O=CC1CCCC1=O,3,"InChI=1S/C6H8O2/c7-4-5-2-1-3-6(5)8/h4-5H,1-3H2",0,pKa Data
C[C@]1(C(=O)O)C[C@H]1C(=O)O,C[C@]1(C(=O)O)C[C@H]1C(=O)O,sour,pKa between 2 and 7,IUPAC Dissocation Constants,0,C[C@]1(C(=O)O)C[C@H]1C(=O)O,3,"InChI=1S/C6H8O4/c1-6(5(9)10)2-3(6)4(7)8/h3H,2H2,1H3,(H,7,8)(H,9,10)",0,pKa Data
C[C@@]1(C(=O)O)C[C@H]1C(=O)O,C[C@@]1(C(=O)O)C[C@H]1C(=O)O,sour,pKa between 2 and 7,IUPAC Dissocation Constants,0,C[C@@]1(C(=O)O)C[C@H]1C(=O)O,3,"InChI=1S/C6H8O4/c1-6(5(9)10)2-3(6)4(7)8/h3H,2H2,1H3,(H,7,8)(H,9,10)",0,pKa Data
C#CCCCC(=O)O,C#CCCCC(=O)O,sour,pKa between 2 and 7,IUPAC Dissocation Constants,0,C#CCCCC(=O)O,3,"InChI=1S/C6H8O2/c1-2-3-4-5-6(7)8/h1H,3-5H2,(H,7,8)",0,pKa Data
O=C1CCC(C(=O)O)C1,O=C1CCC(C(=O)O)C1,sour,pKa between 2 and 7,IUPAC Dissocation Constants,0,O=C1CCC(C(=O)O)C1,3,"InChI=1S/C6H8O3/c7-5-2-1-4(3-5)6(8)9/h4H,1-3H2,(H,8,9)",0,pKa Data
CCC1=C(O)COC1=O,CCC1=C(O)COC1=O,sour,pKa between 2 and 7,IUPAC Dissocation Constants,0,CCC1=C(O)COC1=O,3,"InChI=1S/C6H8O3/c1-2-4-5(7)3-9-6(4)8/h3,7-8H,2H2,1H3",0,pKa Data
O=C(O)[C@H]1CC[C@H]1C(=O)O,O=C(O)[C@H]1CC[C@H]1C(=O)O,sour,pKa between 2 and 7,IUPAC Dissocation Constants,0,O=C(O)[C@H]1CC[C@H]1C(=O)O,3,"InChI=1S/C6H8O4/c7-5(8)3-1-2-4(3)6(9)10/h3-4H,1-2H2,(H,7,8)(H,9,10)",0,pKa Data
O=C(O)[C@@H]1CC[C@H]1C(=O)O,O=C(O)[C@@H]1CC[C@H]1C(=O)O,sour,pKa between 2 and 7,IUPAC Dissocation Constants,0,O=C(O)[C@@H]1CC[C@H]1C(=O)O,3,"InChI=1S/C6H8O4/c7-5(8)3-1-2-4(3)6(9)10/h3-4H,1-2H2,(H,7,8)(H,9,10)",0,pKa Data
O=C(O)[C@H]1C[C@@H](C(=O)O)C1,O=C(O)[C@H]1C[C@@H](C(=O)O)C1,sour,pKa between 2 and 7,IUPAC Dissocation Constants,0,O=C(O)[C@H]1C[C@@H](C(=O)O)C1,3,"InChI=1S/C6H8O4/c7-5(8)3-1-4(2-3)6(9)10/h3-4H,1-2H2,(H,7,8)(H,9,10)",0,pKa Data
O=C(O)[C@H]1C[C@H](C(=O)O)C1,O=C(O)[C@H]1C[C@H](C(=O)O)C1,sour,pKa between 2 and 7,IUPAC Dissocation Constants,0,O=C(O)[C@H]1C[C@H](C(=O)O)C1,3,"InChI=1S/C6H8O4/c7-5(8)3-1-4(2-3)6(9)10/h3-4H,1-2H2,(H,7,8)(H,9,10)",0,pKa Data
CC(=O)C(CC(=O)O)C(=O)O,CC(=O)C(CC(=O)O)C(=O)O,sour,pKa between 2 and 7,IUPAC Dissocation Constants,0,CC(=O)C(CC(=O)O)C(=O)O,3,"InChI=1S/C6H8O5/c1-3(7)4(6(10)11)2-5(8)9/h4H,2H2,1H3,(H,8,9)(H,10,11)",0,pKa Data
O=C1O[C@H]([C@@H](O)CO)C(O)=C1O,O=C1O[C@H]([C@@H](O)CO)C(O)=C1O,sour,pKa between 2 and 7,IUPAC Dissocation Constants,0,O=C1O[C@H]([C@@H](O)CO)C(O)=C1O,3,"InChI=1S/C6H8O6/c7-1-2(8)5-3(9)4(10)6(11)12-5/h2,7-11H,1H2",0,pKa Data
O=C(O)CC(CC(=O)O)C(=O)O,O=C(O)CC(CC(=O)O)C(=O)O,sour,pKa between 2 and 7,IUPAC Dissocation Constants,0,O=C(O)CC(CC(=O)O)C(=O)O,3,"InChI=1S/C6H8O6/c7-4(8)1-3(6(11)12)2-5(9)10/h3H,1-2H2,(H,7,8)(H,9,10)(H,11,12)",0,pKa Data
O=C(O)CC(C(=O)O)C(O)C(=O)O,O=C(O)CC(C(=O)O)C(O)C(=O)O,sour,pKa between 2 and 7,IUPAC Dissocation Constants,0,O=C(O)CC(C(=O)O)C(O)C(=O)O,3,"InChI=1S/C6H8O7/c7-3(8)1-2(5(10)11)4(9)6(12)13/h2,4,9H,1H2,(H,7,8)(H,10,11)(H,12,13)",0,pKa Data
CCC/C=C\C(=O)O,CCC/C=C\C(=O)O,sour,pKa between 2 and 7,IUPAC Dissocation Constants,0,CCC/C=C\C(=O)O,3,"InChI=1S/C6H10O2/c1-2-3-4-5-6(7)8/h4-5H,2-3H2,1H3,(H,7,8)",0,pKa Data
O=C(O)C1(O)CCCC1,O=C(O)C1(O)CCCC1,sour,pKa between 2 and 7,IUPAC Dissocation Constants,0,O=C(O)C1(O)CCCC1,3,"InChI=1S/C6H10O3/c7-5(8)6(9)3-1-2-4-6/h9H,1-4H2,(H,7,8)",0,pKa Data
CC(=O)CCCC(=O)O,CC(=O)CCCC(=O)O,sour,pKa between 2 and 7,IUPAC Dissocation Constants,0,CC(=O)CCCC(=O)O,3,"InChI=1S/C6H10O3/c1-5(7)3-2-4-6(8)9/h2-4H2,1H3,(H,8,9)",0,pKa Data
O=C(O)C1CCCCO1,O=C(O)C1CCCCO1,sour,pKa between 2 and 7,IUPAC Dissocation Constants,0,O=C(O)C1CCCCO1,3,"InChI=1S/C6H10O3/c7-6(8)5-3-1-2-4-9-5/h5H,1-4H2,(H,7,8)",0,pKa Data
CC(CCC(=O)O)C(=O)O,CC(CCC(=O)O)C(=O)O,sour,pKa between 2 and 7,IUPAC Dissocation Constants,0,CC(CCC(=O)O)C(=O)O,3,"InChI=1S/C6H10O4/c1-4(6(9)10)2-3-5(7)8/h4H,2-3H2,1H3,(H,7,8)(H,9,10)",0,pKa Data
CC(CC(=O)O)CC(=O)O,CC(CC(=O)O)CC(=O)O,sour,pKa between 2 and 7,IUPAC Dissocation Constants,0,CC(CC(=O)O)CC(=O)O,3,"InChI=1S/C6H10O4/c1-4(2-5(7)8)3-6(9)10/h4H,2-3H2,1H3,(H,7,8)(H,9,10)",0,pKa Data
CCC(C)(C(=O)O)C(=O)O,CCC(C)(C(=O)O)C(=O)O,sour,pKa between 2 and 7,IUPAC Dissocation Constants,0,CCC(C)(C(=O)O)C(=O)O,3,"InChI=1S/C6H10O4/c1-3-6(2,4(7)8)5(9)10/h3H2,1-2H3,(H,7,8)(H,9,10)",0,pKa Data
CC(C)C(C(=O)O)C(=O)O,CC(C)C(C(=O)O)C(=O)O,sour,pKa between 2 and 7,IUPAC Dissocation Constants,0,CC(C)C(C(=O)O)C(=O)O,3,"InChI=1S/C6H10O4/c1-3(2)4(5(7)8)6(9)10/h3-4H,1-2H3,(H,7,8)(H,9,10)",0,pKa Data
CCCC(C(=O)O)C(=O)O,CCCC(C(=O)O)C(=O)O,sour,pKa between 2 and 7,IUPAC Dissocation Constants,0,CCCC(C(=O)O)C(=O)O,3,"InChI=1S/C6H10O4/c1-2-3-4(5(7)8)6(9)10/h4H,2-3H2,1H3,(H,7,8)(H,9,10)",0,pKa Data
CC(C)(OCC(=O)O)C(=O)O,CC(C)(OCC(=O)O)C(=O)O,sour,pKa between 2 and 7,IUPAC Dissocation Constants,0,CC(C)(OCC(=O)O)C(=O)O,3,"InChI=1S/C6H10O5/c1-6(2,5(9)10)11-3-4(7)8/h3H2,1-2H3,(H,7,8)(H,9,10)",0,pKa Data
O=C(O)COCCOCC(=O)O,O=C(O)COCCOCC(=O)O,sour,pKa between 2 and 7,IUPAC Dissocation Constants,0,O=C(O)COCCOCC(=O)O,3,"InChI=1S/C6H10O6/c7-5(8)3-11-1-2-12-4-6(9)10/h1-4H2,(H,7,8)(H,9,10)",0,pKa Data
O=C(O)[C@@H](O)[C@H](O)[C@H](O)[C@@H](O)C(=O)O,O=C(O)[C@@H](O)[C@H](O)[C@H](O)[C@@H](O)C(=O)O,sour,pKa between 2 and 7,IUPAC Dissocation Constants,0,O=C(O)[C@@H](O)[C@H](O)[C@H](O)[C@@H](O)C(=O)O,3,"InChI=1S/C6H10O8/c7-1(3(9)5(11)12)2(8)4(10)6(13)14/h1-4,7-10H,(H,11,12)(H,13,14)",0,pKa Data
O=C(O)[C@@H](O)[C@H](O)[C@@H](O)[C@H](O)C(=O)O,O=C(O)[C@@H](O)[C@H](O)[C@@H](O)[C@H](O)C(=O)O,sour,pKa between 2 and 7,IUPAC Dissocation Constants,0,O=C(O)[C@@H](O)[C@H](O)[C@@H](O)[C@H](O)C(=O)O,3,"InChI=1S/C6H10O8/c7-1(3(9)5(11)12)2(8)4(10)6(13)14/h1-4,7-10H,(H,11,12)(H,13,14)",0,pKa Data
CCC(C)(C)C(=O)O,CCC(C)(C)C(=O)O,sour,pKa between 2 and 7,IUPAC Dissocation Constants,0,CCC(C)(C)C(=O)O,3,"InChI=1S/C6H12O2/c1-4-6(2,3)5(7)8/h4H2,1-3H3,(H,7,8)",0,pKa Data
O=C(O)[C@H](O)[C@@H](O)[C@H](O)[C@H](O)CO,O=C(O)[C@H](O)[C@@H](O)[C@H](O)[C@H](O)CO,sour,pKa between 2 and 7,IUPAC Dissocation Constants,0,O=C(O)[C@H](O)[C@@H](O)[C@H](O)[C@H](O)CO,3,"InChI=1S/C6H12O7/c7-1-2(8)3(9)4(10)5(11)6(12)13/h2-5,7-11H,1H2,(H,12,13)",0,pKa Data
Oc1c(F)c(F)c(F)c(F)c1F,Oc1c(F)c(F)c(F)c(F)c1F,sour,pKa between 2 and 7,IUPAC Dissocation Constants,0,Oc1c(F)c(F)c(F)c(F)c1F,3,InChI=1S/C6HF5O/c7-1-2(8)4(10)6(12)5(11)3(1)9/h12H,0,pKa Data
Oc1c(O)c(Cl)c(Cl)c(Cl)c1Cl,Oc1c(O)c(Cl)c(Cl)c(Cl)c1Cl,sour,pKa between 2 and 7,IUPAC Dissocation Constants,0,Oc1c(O)c(Cl)c(Cl)c(Cl)c1Cl,3,InChI=1S/C6H2Cl4O2/c7-1-2(8)4(10)6(12)5(11)3(1)9/h11-12H,0,pKa Data
Oc1c(Cl)cc(Cl)cc1Cl,Oc1c(Cl)cc(Cl)cc1Cl,sour,pKa between 2 and 7,IUPAC Dissocation Constants,0,Oc1c(Cl)cc(Cl)cc1Cl,3,"InChI=1S/C6H3Cl3O/c7-3-1-4(8)6(10)5(9)2-3/h1-2,10H",0,pKa Data
Oc1c(Cl)cccc1Cl,Oc1c(Cl)cccc1Cl,sour,pKa between 2 and 7,IUPAC Dissocation Constants,0,Oc1c(Cl)cccc1Cl,3,"InChI=1S/C6H4Cl2O/c7-4-2-1-3-5(8)6(4)9/h1-3,9H",0,pKa Data
Oc1c(Br)cccc1Br,Oc1c(Br)cccc1Br,sour,pKa between 2 and 7,IUPAC Dissocation Constants,0,Oc1c(Br)cccc1Br,3,"InChI=1S/C6H4Br2O/c7-4-2-1-3-5(8)6(4)9/h1-3,9H",0,pKa Data
O=c1cccc2[nH]onc1-2,O=c1cccc2[nH]onc1-2,sour,pKa between 2 and 7,IUPAC Dissocation Constants,0,O=c1cccc2[nH]onc1-2,3,"InChI=1S/C6H4N2O2/c9-5-3-1-2-4-6(5)8-10-7-4/h1-3,9H",0,pKa Data
O=c1cnc2[nH]c(=O)ncc2[nH]1,O=c1cnc2[nH]c(=O)ncc2[nH]1,sour,pKa between 2 and 7,IUPAC Dissocation Constants,0,O=c1cnc2[nH]c(=O)ncc2[nH]1,3,"InChI=1S/C6H4N4O2/c11-4-2-7-5-3(9-4)1-8-6(12)10-5/h1-2H,(H,9,11)(H,7,8,10,12)",0,pKa Data
O=c1cnc2c[nH]c(=O)[nH]c-2n1,O=c1cnc2c[nH]c(=O)[nH]c-2n1,sour,pKa between 2 and 7,IUPAC Dissocation Constants,0,O=c1cnc2c[nH]c(=O)[nH]c-2n1,3,"InChI=1S/C6H4N4O2/c11-4-2-7-3-1-8-6(12)10-5(3)9-4/h1-2H,(H2,8,9,10,11,12)",0,pKa Data
O=c1cnc2[nH]cnc(=O)c2[nH]1,O=c1cnc2[nH]cnc(=O)c2[nH]1,sour,pKa between 2 and 7,IUPAC Dissocation Constants,0,O=c1cnc2[nH]cnc(=O)c2[nH]1,3,"InChI=1S/C6H4N4O2/c11-3-1-7-5-4(10-3)6(12)9-2-8-5/h1-2H,(H,10,11)(H,7,8,9,12)",0,pKa Data
O=c1cnc2c(=O)nc[nH]c2[nH]1,O=c1cnc2c(=O)nc[nH]c2[nH]1,sour,pKa between 2 and 7,IUPAC Dissocation Constants,0,O=c1cnc2c(=O)nc[nH]c2[nH]1,3,"InChI=1S/C6H4N4O2/c11-3-1-7-4-5(10-3)8-2-9-6(4)12/h1-2H,(H2,8,9,10,11,12)",0,pKa Data
O=c1cnc2[nH]c(=O)[nH]c(=O)c2[nH]1,O=c1cnc2[nH]c(=O)[nH]c(=O)c2[nH]1,sour,pKa between 2 and 7,IUPAC Dissocation Constants,0,O=c1cnc2[nH]c(=O)[nH]c(=O)c2[nH]1,3,"InChI=1S/C6H4N4O3/c11-2-1-7-4-3(8-2)5(12)10-6(13)9-4/h1H,(H,8,11)(H2,7,9,10,12,13)",0,pKa Data
O=c1cnc2c(=O)[nH]c(=O)[nH]c2[nH]1,O=c1cnc2c(=O)[nH]c(=O)[nH]c2[nH]1,sour,pKa between 2 and 7,IUPAC Dissocation Constants,0,O=c1cnc2c(=O)[nH]c(=O)[nH]c2[nH]1,3,"InChI=1S/C6H4N4O3/c11-2-1-7-3-4(8-2)9-6(13)10-5(3)12/h1H,(H3,8,9,10,11,12,13)",0,pKa Data
O=C(O)c1csccc1=O,O=C(O)c1csccc1=O,sour,pKa between 2 and 7,IUPAC Dissocation Constants,0,O=C(O)c1csccc1=O,3,"InChI=1S/C6H4O3S/c7-5-1-2-10-3-4(5)6(8)9/h1-3H,(H,8,9)",0,pKa Data
O=[N+]([O-])c1cccc(O)c1[N+](=O)[O-],O=[N+]([O-])c1cccc(O)c1[N+](=O)[O-],sour,pKa between 2 and 7,IUPAC Dissocation Constants,0,O=[N+]([O-])c1cccc(O)c1[N+](=O)[O-],3,"InChI=1S/C6H4N2O5/c9-5-3-1-2-4(7(10)11)6(5)8(12)13/h1-3,9H",0,pKa Data
O=[N+]([O-])c1ccc(O)c([N+](=O)[O-])c1,O=[N+]([O-])c1ccc(O)c([N+](=O)[O-])c1,sour,pKa between 2 and 7,IUPAC Dissocation Constants,0,O=[N+]([O-])c1ccc(O)c([N+](=O)[O-])c1,3,"InChI=1S/C6H4N2O5/c9-6-2-1-4(7(10)11)3-5(6)8(12)13/h1-3,9H",0,pKa Data
O=[N+]([O-])c1ccc([N+](=O)[O-])c(O)c1,O=[N+]([O-])c1ccc([N+](=O)[O-])c(O)c1,sour,pKa between 2 and 7,IUPAC Dissocation Constants,0,O=[N+]([O-])c1ccc([N+](=O)[O-])c(O)c1,3,"InChI=1S/C6H4N2O5/c9-6-3-4(7(10)11)1-2-5(6)8(12)13/h1-3,9H",0,pKa Data
O=[N+]([O-])c1cccc([N+](=O)[O-])c1O,O=[N+]([O-])c1cccc([N+](=O)[O-])c1O,sour,pKa between 2 and 7,IUPAC Dissocation Constants,0,O=[N+]([O-])c1cccc([N+](=O)[O-])c1O,3,"InChI=1S/C6H4N2O5/c9-6-4(7(10)11)2-1-3-5(6)8(12)13/h1-3,9H",0,pKa Data
O=[N+]([O-])c1ccc(O)cc1[N+](=O)[O-],O=[N+]([O-])c1ccc(O)cc1[N+](=O)[O-],sour,pKa between 2 and 7,IUPAC Dissocation Constants,0,O=[N+]([O-])c1ccc(O)cc1[N+](=O)[O-],3,"InChI=1S/C6H4N2O5/c9-4-1-2-5(7(10)11)6(3-4)8(12)13/h1-3,9H",0,pKa Data
O=[N+]([O-])c1cc(O)cc([N+](=O)[O-])c1,O=[N+]([O-])c1cc(O)cc([N+](=O)[O-])c1,sour,pKa between 2 and 7,IUPAC Dissocation Constants,0,O=[N+]([O-])c1cc(O)cc([N+](=O)[O-])c1,3,"InChI=1S/C6H4N2O5/c9-6-2-4(7(10)11)1-5(3-6)8(12)13/h1-3,9H",0,pKa Data
O=[N+]([O-])c1ccc(O)c(O)c1[N+](=O)[O-],O=[N+]([O-])c1ccc(O)c(O)c1[N+](=O)[O-],sour,pKa between 2 and 7,IUPAC Dissocation Constants,0,O=[N+]([O-])c1ccc(O)c(O)c1[N+](=O)[O-],3,"InChI=1S/C6H4N2O6/c9-4-2-1-3(7(11)12)5(6(4)10)8(13)14/h1-2,9-10H",0,pKa Data
O=[N+]([O-])c1cc(O)c(O)c([N+](=O)[O-])c1,O=[N+]([O-])c1cc(O)c(O)c([N+](=O)[O-])c1,sour,pKa between 2 and 7,IUPAC Dissocation Constants,0,O=[N+]([O-])c1cc(O)c(O)c([N+](=O)[O-])c1,3,"InChI=1S/C6H4N2O6/c9-5-2-3(7(11)12)1-4(6(5)10)8(13)14/h1-2,9-10H",0,pKa Data
S=c1nc[nH]c2nccnc12,S=c1nc[nH]c2nccnc12,sour,pKa between 2 and 7,IUPAC Dissocation Constants,0,S=c1nc[nH]c2nccnc12,3,"InChI=1S/C6H4N4S/c11-6-4-5(9-3-10-6)8-2-1-7-4/h1-3H,(H,8,9,10,11)",0,pKa Data
S=c1cnc2cnc[nH]c-2n1,S=c1cnc2cnc[nH]c-2n1,sour,pKa between 2 and 7,IUPAC Dissocation Constants,0,S=c1cnc2cnc[nH]c-2n1,3,"InChI=1S/C6H4N4S/c11-5-2-8-4-1-7-3-9-6(4)10-5/h1-3H,(H,7,9,10,11)",0,pKa Data
O=Nc1ccc(O)cc1,O=Nc1ccc(O)cc1,sour,pKa between 2 and 7,IUPAC Dissocation Constants,0,O=Nc1ccc(O)cc1,3,"InChI=1S/C6H5NO2/c8-6-3-1-5(7-9)2-4-6/h1-4,8H",0,pKa Data
Nc1nc(=O)c2[nH]c(=O)cnc2[nH]1,Nc1nc(=O)c2[nH]c(=O)cnc2[nH]1,sour,pKa between 2 and 7,IUPAC Dissocation Constants,0,Nc1nc(=O)c2[nH]c(=O)cnc2[nH]1,3,"InChI=1S/C6H5N5O2/c7-6-10-4-3(5(13)11-6)9-2(12)1-8-4/h1H,(H,9,12)(H3,7,8,10,11,13)",0,pKa Data
O=[N+]([O-])c1ccc(O)cc1,O=[N+]([O-])c1ccc(O)cc1,sour,pKa between 2 and 7,IUPAC Dissocation Constants,0,O=[N+]([O-])c1ccc(O)cc1,3,"InChI=1S/C6H5NO3/c8-6-3-1-5(2-4-6)7(9)10/h1-4,8H",0,pKa Data
O=C(O)c1ccc(O)nc1,O=C(O)c1ccc(O)nc1,sour,pKa between 2 and 7,IUPAC Dissocation Constants,0,O=C(O)c1ccc(O)nc1,3,"InChI=1S/C6H5NO3/c8-5-2-1-4(3-7-5)6(9)10/h1-3H,(H,7,8)(H,9,10)",0,pKa Data
O=C(O)c1ccncc1O,O=C(O)c1ccncc1O,sour,pKa between 2 and 7,IUPAC Dissocation Constants,0,O=C(O)c1ccncc1O,3,"InChI=1S/C6H5NO3/c8-5-3-7-2-1-4(5)6(9)10/h1-3,8H,(H,9,10)",0,pKa Data
O=[N+]([O-])c1cccc(O)c1O,O=[N+]([O-])c1cccc(O)c1O,sour,pKa between 2 and 7,IUPAC Dissocation Constants,0,O=[N+]([O-])c1cccc(O)c1O,3,"InChI=1S/C6H5NO4/c8-5-3-1-2-4(6(5)9)7(10)11/h1-3,8-9H",0,pKa Data
O=[N+]([O-])c1ccc(O)c(O)c1,O=[N+]([O-])c1ccc(O)c(O)c1,sour,pKa between 2 and 7,IUPAC Dissocation Constants,0,O=[N+]([O-])c1ccc(O)c(O)c1,3,"InChI=1S/C6H5NO4/c8-5-2-1-4(7(10)11)3-6(5)9/h1-3,8-9H",0,pKa Data
O=[N+]([O-])c1c(O)cccc1O,O=[N+]([O-])c1c(O)cccc1O,sour,pKa between 2 and 7,IUPAC Dissocation Constants,0,O=[N+]([O-])c1c(O)cccc1O,3,"InChI=1S/C6H5NO4/c8-4-2-1-3-5(9)6(4)7(10)11/h1-3,8-9H",0,pKa Data
O=[N+]([O-])c1ccc(O)cc1O,O=[N+]([O-])c1ccc(O)cc1O,sour,pKa between 2 and 7,IUPAC Dissocation Constants,0,O=[N+]([O-])c1ccc(O)cc1O,3,"InChI=1S/C6H5NO4/c8-4-1-2-5(7(10)11)6(9)3-4/h1-3,8-9H",0,pKa Data
O=[N+]([O-])c1cc(O)cc(O)c1,O=[N+]([O-])c1cc(O)cc(O)c1,sour,pKa between 2 and 7,IUPAC Dissocation Constants,0,O=[N+]([O-])c1cc(O)cc(O)c1,3,"InChI=1S/C6H5NO4/c8-5-1-4(7(10)11)2-6(9)3-5/h1-3,8-9H",0,pKa Data
Sc1cccc(Cl)c1,Sc1cccc(Cl)c1,sour,pKa between 2 and 7,IUPAC Dissocation Constants,0,Sc1cccc(Cl)c1,3,"InChI=1S/C6H5ClS/c7-5-2-1-3-6(8)4-5/h1-4,8H",0,pKa Data
Sc1ccc(Cl)cc1,Sc1ccc(Cl)cc1,sour,pKa between 2 and 7,IUPAC Dissocation Constants,0,Sc1ccc(Cl)cc1,3,"InChI=1S/C6H5ClS/c7-5-1-3-6(8)4-2-5/h1-4,8H",0,pKa Data
Sc1ccc(Br)cc1,Sc1ccc(Br)cc1,sour,pKa between 2 and 7,IUPAC Dissocation Constants,0,Sc1ccc(Br)cc1,3,"InChI=1S/C6H5BrS/c7-5-1-3-6(8)4-2-5/h1-4,8H",0,pKa Data
Cc1cc(=O)n2[nH]cnc2n1,Cc1cc(=O)n2[nH]cnc2n1,sour,pKa between 2 and 7,IUPAC Dissocation Constants,0,Cc1cc(=O)n2[nH]cnc2n1,3,"InChI=1S/C6H6N4O/c1-4-2-5(11)10-6(9-4)7-3-8-10/h2-3H,1H3,(H,7,8,9)",0,pKa Data
Cc1n[nH]c2nc(N)nc(=O)c-2n1,Cc1n[nH]c2nc(N)nc(=O)c-2n1,sour,pKa between 2 and 7,IUPAC Dissocation Constants,0,Cc1n[nH]c2nc(N)nc(=O)c-2n1,3,"InChI=1S/C6H6N6O/c1-2-8-3-4(12-11-2)9-6(7)10-5(3)13/h1H3,(H3,7,9,10,12,13)",0,pKa Data
NC(=O)c1cc2[nH]nnc2nc1N,NC(=O)c1cc2[nH]nnc2nc1N,sour,pKa between 2 and 7,IUPAC Dissocation Constants,0,NC(=O)c1cc2[nH]nnc2nc1N,3,"InChI=1S/C6H6N6O/c7-4-2(5(8)13)1-3-6(9-4)11-12-10-3/h1H,(H2,8,13)(H3,7,9,10,11,12)",0,pKa Data
O=C1CNC2=CNC(=O)NC2=N1,O=C1CNC2=CNC(=O)NC2=N1,sour,pKa between 2 and 7,IUPAC Dissocation Constants,0,O=C1CNC2=CNC(=O)NC2=N1,3,"InChI=1S/C6H6N4O2/c11-4-2-7-3-1-8-6(12)10-5(3)9-4/h1,7H,2H2,(H2,8,9,10,11,12)",0,pKa Data
Cn1cnc2c(=O)[nH]c(=O)[nH]c21,Cn1cnc2c(=O)[nH]c(=O)[nH]c21,sour,pKa between 2 and 7,IUPAC Dissocation Constants,0,Cn1cnc2c(=O)[nH]c(=O)[nH]c21,3,"InChI=1S/C6H6N4O2/c1-10-2-7-3-4(10)8-6(12)9-5(3)11/h2H,1H3,(H2,8,9,11,12)",0,pKa Data
O=C(O)Cc1cccs1,O=C(O)Cc1cccs1,sour,pKa between 2 and 7,IUPAC Dissocation Constants,0,O=C(O)Cc1cccs1,3,"InChI=1S/C6H6O2S/c7-6(8)4-5-2-1-3-9-5/h1-3H,4H2,(H,7,8)",0,pKa Data
O=S(O)c1ccccc1,O=S(O)c1ccccc1,sour,pKa between 2 and 7,IUPAC Dissocation Constants,0,O=S(O)c1ccccc1,3,"InChI=1S/C6H6O2S/c7-9(8)6-4-2-1-3-5-6/h1-5H,(H,7,8)",0,pKa Data
Cc1csc(C(=O)O)c1,Cc1csc(C(=O)O)c1,sour,pKa between 2 and 7,IUPAC Dissocation Constants,0,Cc1csc(C(=O)O)c1,3,"InChI=1S/C6H6O2S/c1-4-2-5(6(7)8)9-3-4/h2-3H,1H3,(H,7,8)",0,pKa Data
Cc1ccc(C(=O)O)s1,Cc1ccc(C(=O)O)s1,sour,pKa between 2 and 7,IUPAC Dissocation Constants,0,Cc1ccc(C(=O)O)s1,3,"InChI=1S/C6H6O2S/c1-4-2-3-5(9-4)6(7)8/h2-3H,1H3,(H,7,8)",0,pKa Data
Cc1ccc(C(=O)O)[se]1,Cc1ccc(C(=O)O)[se]1,sour,pKa between 2 and 7,IUPAC Dissocation Constants,0,Cc1ccc(C(=O)O)[se]1,3,"InChI=1S/C6H6O2Se/c1-4-2-3-5(9-4)6(7)8/h2-3H,1H3,(H,7,8)",0,pKa Data
COc1ccc(C(=O)O)s1,COc1ccc(C(=O)O)s1,sour,pKa between 2 and 7,IUPAC Dissocation Constants,0,COc1ccc(C(=O)O)s1,3,"InChI=1S/C6H6O3S/c1-9-5-3-2-4(10-5)6(7)8/h2-3H,1H3,(H,7,8)",0,pKa Data
Cc1nn2c(C)n[nH]c2nc1=O,Cc1nn2c(C)n[nH]c2nc1=O,sour,pKa between 2 and 7,IUPAC Dissocation Constants,0,Cc1nn2c(C)n[nH]c2nc1=O,3,"InChI=1S/C6H7N5O/c1-3-5(12)7-6-9-8-4(2)11(6)10-3/h1-2H3,(H,7,9,12)",0,pKa Data
Cc1ccc(C(=O)O)[nH]1,Cc1ccc(C(=O)O)[nH]1,sour,pKa between 2 and 7,IUPAC Dissocation Constants,0,Cc1ccc(C(=O)O)[nH]1,3,"InChI=1S/C6H7NO2/c1-4-2-3-5(7-4)6(8)9/h2-3,7H,1H3,(H,8,9)",0,pKa Data
CNc1[nH]c(=O)cnc1C=O,CNc1[nH]c(=O)cnc1C=O,sour,pKa between 2 and 7,IUPAC Dissocation Constants,0,CNc1[nH]c(=O)cnc1C=O,3,"InChI=1S/C6H7N3O2/c1-7-6-4(3-10)8-2-5(11)9-6/h2-3H,1H3,(H2,7,9,11)",0,pKa Data
O=[As](O)(O)c1ccccc1,O=[As](O)(O)c1ccccc1,sour,pKa between 2 and 7,IUPAC Dissocation Constants,0,O=[As](O)(O)c1ccccc1,3,"InChI=1S/C6H7AsO3/c8-7(9,10)6-4-2-1-3-5-6/h1-5H,(H2,8,9,10)",0,pKa Data
CCOC(=O)c1n[nH]c(=O)[nH]c1=O,CCOC(=O)c1n[nH]c(=O)[nH]c1=O,sour,pKa between 2 and 7,IUPAC Dissocation Constants,0,CCOC(=O)c1n[nH]c(=O)[nH]c1=O,3,"InChI=1S/C6H7N3O4/c1-2-13-5(11)3-4(10)7-6(12)9-8-3/h2H2,1H3,(H2,7,9,10,12)",0,pKa Data
CCOc1nc(=O)[nH]cc1[N+](=O)[O-],CCOc1nc(=O)[nH]cc1[N+](=O)[O-],sour,pKa between 2 and 7,IUPAC Dissocation Constants,0,CCOc1nc(=O)[nH]cc1[N+](=O)[O-],3,"InChI=1S/C6H7N3O4/c1-2-13-5-4(9(11)12)3-7-6(10)8-5/h3H,2H2,1H3,(H,7,8,10)",0,pKa Data
CCOc1nc(=O)c([N+](=O)[O-])c[nH]1,CCOc1nc(=O)c([N+](=O)[O-])c[nH]1,sour,pKa between 2 and 7,IUPAC Dissocation Constants,0,CCOc1nc(=O)c([N+](=O)[O-])c[nH]1,3,"InChI=1S/C6H7N3O4/c1-2-13-6-7-3-4(9(11)12)5(10)8-6/h3H,2H2,1H3,(H,7,8,10)",0,pKa Data
C[C@@]1(C(=O)O)C[C@@]1(Cl)C(=O)O,C[C@@]1(C(=O)O)C[C@@]1(Cl)C(=O)O,sour,pKa between 2 and 7,IUPAC Dissocation Constants,0,C[C@@]1(C(=O)O)C[C@@]1(Cl)C(=O)O,3,"InChI=1S/C6H7ClO4/c1-5(3(8)9)2-6(5,7)4(10)11/h2H2,1H3,(H,8,9)(H,10,11)",0,pKa Data
C[C@@]1(C(=O)O)C[C@]1(Cl)C(=O)O,C[C@@]1(C(=O)O)C[C@]1(Cl)C(=O)O,sour,pKa between 2 and 7,IUPAC Dissocation Constants,0,C[C@@]1(C(=O)O)C[C@]1(Cl)C(=O)O,3,"InChI=1S/C6H7ClO4/c1-5(3(8)9)2-6(5,7)4(10)11/h2H2,1H3,(H,8,9)(H,10,11)",0,pKa Data
O=[As](O)(O)c1ccccc1O,O=[As](O)(O)c1ccccc1O,sour,pKa between 2 and 7,IUPAC Dissocation Constants,0,O=[As](O)(O)c1ccccc1O,3,"InChI=1S/C6H7AsO4/c8-6-4-2-1-3-5(6)7(9,10)11/h1-4,8H,(H2,9,10,11)",0,pKa Data
O=[As](O)(O)c1ccc(O)cc1,O=[As](O)(O)c1ccc(O)cc1,sour,pKa between 2 and 7,IUPAC Dissocation Constants,0,O=[As](O)(O)c1ccc(O)cc1,3,"InChI=1S/C6H7AsO4/c8-6-3-1-5(2-4-6)7(9,10)11/h1-4,8H,(H2,9,10,11)",0,pKa Data
O=[As](O)(O)c1ccc(O)cc1O,O=[As](O)(O)c1ccc(O)cc1O,sour,pKa between 2 and 7,IUPAC Dissocation Constants,0,O=[As](O)(O)c1ccc(O)cc1O,3,"InChI=1S/C6H7AsO5/c8-4-1-2-5(6(9)3-4)7(10,11)12/h1-3,8-9H,(H2,10,11,12)",0,pKa Data
O=C1CCC(=O)N1CC([N+](=O)[O-])[N+](=O)[O-],O=C1CCC(=O)N1CC([N+](=O)[O-])[N+](=O)[O-],sour,pKa between 2 and 7,IUPAC Dissocation Constants,0,O=C1CCC(=O)N1CC([N+](=O)[O-])[N+](=O)[O-],3,"InChI=1S/C6H7N3O6/c10-5-1-2-6(11)7(5)3-4(8(12)13)9(14)15/h1-2,10-11H,3H2,(H,12,13)",0,pKa Data
O=C(O)CC(CC([N+](=O)[O-])([N+](=O)[O-])[N+](=O)[O-])C(=O)O,O=C(O)CC(CC([N+](=O)[O-])([N+](=O)[O-])[N+](=O)[O-])C(=O)O,sour,pKa between 2 and 7,IUPAC Dissocation Constants,0,O=C(O)CC(CC([N+](=O)[O-])([N+](=O)[O-])[N+](=O)[O-])C(=O)O,3,"InChI=1S/C6H7N3O10/c10-4(11)1-3(5(12)13)2-6(7(14)15,8(16)17)9(18)19/h3H,1-2H2,(H,10,11)(H,12,13)",0,pKa Data
CC(=O)OC(CC([N+](=O)[O-])([N+](=O)[O-])[N+](=O)[O-])C(=O)O,CC(=O)OC(CC([N+](=O)[O-])([N+](=O)[O-])[N+](=O)[O-])C(=O)O,sour,pKa between 2 and 7,IUPAC Dissocation Constants,0,CC(=O)OC(CC([N+](=O)[O-])([N+](=O)[O-])[N+](=O)[O-])C(=O)O,3,"InChI=1S/C6H7N3O10/c1-3(10)19-4(5(11)12)2-6(7(13)14,8(15)16)9(17)18/h4H,2H2,1H3,(H,11,12)",0,pKa Data
O=C(O)[C@@H]1CC[C@H](C(=O)O)[Se]1,O=C(O)[C@@H]1CC[C@H](C(=O)O)[Se]1,sour,pKa between 2 and 7,IUPAC Dissocation Constants,0,O=C(O)[C@@H]1CC[C@H](C(=O)O)[Se]1,3,"InChI=1S/C6H8O4Se/c7-5(8)3-1-2-4(11-3)6(9)10/h3-4H,1-2H2,(H,7,8)(H,9,10)",0,pKa Data
CC(=O)NC(CC([N+](=O)[O-])([N+](=O)[O-])[N+](=O)[O-])C(=O)O,CC(=O)NC(CC([N+](=O)[O-])([N+](=O)[O-])[N+](=O)[O-])C(=O)O,sour,pKa between 2 and 7,IUPAC Dissocation Constants,0,CC(=O)NC(CC([N+](=O)[O-])([N+](=O)[O-])[N+](=O)[O-])C(=O)O,3,"InChI=1S/C6H8N4O9/c1-3(11)7-4(5(12)13)2-6(8(14)15,9(16)17)10(18)19/h4H,2H2,1H3,(H,7,11)(H,12,13)",0,pKa Data
CNc1ccn(C)c(=O)n1,CNc1ccn(C)c(=O)n1,sour,pKa between 2 and 7,IUPAC Dissocation Constants,0,CNc1ccn(C)c(=O)n1,3,"InChI=1S/C6H9N3O/c1-7-5-3-4-9(2)6(10)8-5/h3-4H,1-2H3,(H,7,8,10)",0,pKa Data
CC(C)C(C#N)C(=O)O,CC(C)C(C#N)C(=O)O,sour,pKa between 2 and 7,IUPAC Dissocation Constants,0,CC(C)C(C#N)C(=O)O,3,"InChI=1S/C6H9NO2/c1-4(2)5(3-7)6(8)9/h4-5H,1-2H3,(H,8,9)",0,pKa Data
N#CCCCCC([N+](=O)[O-])[N+](=O)[O-],N#CCCCCC([N+](=O)[O-])[N+](=O)[O-],sour,pKa between 2 and 7,IUPAC Dissocation Constants,0,N#CCCCCC([N+](=O)[O-])[N+](=O)[O-],3,"InChI=1S/C6H9N3O4/c7-5-3-1-2-4-6(8(10)11)9(12)13/h1-4H2,(H,10,11)",0,pKa Data
CC(CC(=O)O)C1(C)N=N1,CC(CC(=O)O)C1(C)N=N1,sour,pKa between 2 and 7,IUPAC Dissocation Constants,0,CC(CC(=O)O)C1(C)N=N1,3,"InChI=1S/C6H10N2O2/c1-4(3-5(9)10)6(2)7-8-6/h4H,3H2,1-2H3,(H,9,10)",0,pKa Data
C=CCCSCC(=O)O,C=CCCSCC(=O)O,sour,pKa between 2 and 7,IUPAC Dissocation Constants,0,C=CCCSCC(=O)O,3,"InChI=1S/C6H10O2S/c1-2-3-4-9-5-6(7)8/h2H,1,3-5H2,(H,7,8)",0,pKa Data
O=C(O)CCSCCC(=O)O,O=C(O)CCSCCC(=O)O,sour,pKa between 2 and 7,IUPAC Dissocation Constants,0,O=C(O)CCSCCC(=O)O,3,"InChI=1S/C6H10O4S/c7-5(8)1-3-11-4-2-6(9)10/h1-4H2,(H,7,8)(H,9,10)",0,pKa Data
CC(C)(SCC(=O)O)C(=O)O,CC(C)(SCC(=O)O)C(=O)O,sour,pKa between 2 and 7,IUPAC Dissocation Constants,0,CC(C)(SCC(=O)O)C(=O)O,3,"InChI=1S/C6H10O4S/c1-6(2,5(9)10)11-3-4(7)8/h3H2,1-2H3,(H,7,8)(H,9,10)",0,pKa Data
CC(SC(C)C(=O)O)C(=O)O,CC(SC(C)C(=O)O)C(=O)O,sour,pKa between 2 and 7,IUPAC Dissocation Constants,0,CC(SC(C)C(=O)O)C(=O)O,3,"InChI=1S/C6H10O4S/c1-3(5(7)8)11-4(2)6(9)10/h3-4H,1-2H3,(H,7,8)(H,9,10)",0,pKa Data
CCOC(=O)CSCC(=O)O,CCOC(=O)CSCC(=O)O,sour,pKa between 2 and 7,IUPAC Dissocation Constants,0,CCOC(=O)CSCC(=O)O,3,"InChI=1S/C6H10O4S/c1-2-10-6(9)4-11-3-5(7)8/h2-4H2,1H3,(H,7,8)",0,pKa Data
O=C(O)CSCCSCC(=O)O,O=C(O)CSCCSCC(=O)O,sour,pKa between 2 and 7,IUPAC Dissocation Constants,0,O=C(O)CSCCSCC(=O)O,3,"InChI=1S/C6H10O4S2/c7-5(8)3-11-1-2-12-4-6(9)10/h1-4H2,(H,7,8)(H,9,10)",0,pKa Data
O=C(O)CCSSCCC(=O)O,O=C(O)CCSSCCC(=O)O,sour,pKa between 2 and 7,IUPAC Dissocation Constants,0,O=C(O)CCSSCCC(=O)O,3,"InChI=1S/C6H10O4S2/c7-5(8)1-3-11-12-4-2-6(9)10/h1-4H2,(H,7,8)(H,9,10)",0,pKa Data
O=C(O)CCN(CCC(=O)O)[N+](=O)[O-],O=C(O)CCN(CCC(=O)O)[N+](=O)[O-],sour,pKa between 2 and 7,IUPAC Dissocation Constants,0,O=C(O)CCN(CCC(=O)O)[N+](=O)[O-],3,"InChI=1S/C6H10N2O6/c9-5(10)1-3-7(8(13)14)4-2-6(11)12/h1-4H2,(H,9,10)(H,11,12)",0,pKa Data
CC(Cl)CCCC(=O)O,CC(Cl)CCCC(=O)O,sour,pKa between 2 and 7,IUPAC Dissocation Constants,0,CC(Cl)CCCC(=O)O,3,"InChI=1S/C6H11ClO2/c1-5(7)3-2-4-6(8)9/h5H,2-4H2,1H3,(H,8,9)",0,pKa Data
CN(C)C(=O)CCC([N+](=O)[O-])[N+](=O)[O-],CN(C)C(=O)CCC([N+](=O)[O-])[N+](=O)[O-],sour,pKa between 2 and 7,IUPAC Dissocation Constants,0,CN(C)C(=O)CCC([N+](=O)[O-])[N+](=O)[O-],3,"InChI=1S/C6H11N3O5/c1-7(2)6(10)4-3-5(8(11)12)9(13)14/h3-4H2,1-2H3,(H,11,12)",0,pKa Data
S=C(S)NC1CCCC1,S=C(S)NC1CCCC1,sour,pKa between 2 and 7,IUPAC Dissocation Constants,0,S=C(S)NC1CCCC1,3,"InChI=1S/C6H11NS2/c8-6(9)7-5-3-1-2-4-5/h5H,1-4H2,(H2,7,8,9)",0,pKa Data
S=C(S)N1CCCCC1,S=C(S)N1CCCCC1,sour,pKa between 2 and 7,IUPAC Dissocation Constants,0,S=C(S)N1CCCCC1,3,"InChI=1S/C6H11NS2/c8-6(9)7-4-2-1-3-5-7/h1-5H2,(H,8,9)",0,pKa Data
CCCCSCC(=O)O,CCCCSCC(=O)O,sour,pKa between 2 and 7,IUPAC Dissocation Constants,0,CCCCSCC(=O)O,3,"InChI=1S/C6H12O2S/c1-2-3-4-9-5-6(7)8/h2-5H2,1H3,(H,7,8)",0,pKa Data
CCC(C)SCC(=O)O,CCC(C)SCC(=O)O,sour,pKa between 2 and 7,IUPAC Dissocation Constants,0,CCC(C)SCC(=O)O,3,"InChI=1S/C6H12O2S/c1-3-5(2)9-4-6(7)8/h5H,3-4H2,1-2H3,(H,7,8)",0,pKa Data
CC(C)(C)CC([N+](=O)[O-])[N+](=O)[O-],CC(C)(C)CC([N+](=O)[O-])[N+](=O)[O-],sour,pKa between 2 and 7,IUPAC Dissocation Constants,0,CC(C)(C)CC([N+](=O)[O-])[N+](=O)[O-],3,"InChI=1S/C6H12N2O4/c1-6(2,3)4-5(7(9)10)8(11)12/h4H2,1-3H3,(H,9,10)",0,pKa Data
CCCCCC([N+](=O)[O-])[N+](=O)[O-],CCCCCC([N+](=O)[O-])[N+](=O)[O-],sour,pKa between 2 and 7,IUPAC Dissocation Constants,0,CCCCCC([N+](=O)[O-])[N+](=O)[O-],3,"InChI=1S/C6H12N2O4/c1-2-3-4-5-6(7(9)10)8(11)12/h2-5H2,1H3,(H,9,10)",0,pKa Data
CN1CCN(C(=S)S)CC1,CN1CCN(C(=S)S)CC1,sour,pKa between 2 and 7,IUPAC Dissocation Constants,0,CN1CCN(C(=S)S)CC1,3,"InChI=1S/C6H12N2S2/c1-7-2-4-8(5-3-7)6(9)10/h2-5H2,1H3,(H,9,10)",0,pKa Data
CN(C)CC(O)CC(=O)O,CN(C)CC(O)CC(=O)O,sour,pKa between 2 and 7,IUPAC Dissocation Constants,0,CN(C)CC(O)CC(=O)O,3,"InChI=1S/C6H13NO3/c1-7(2)4-5(8)3-6(9)10/h5,8H,3-4H2,1-2H3,(H,9,10)",0,pKa Data
O=P(O)(O)C1CCCCC1,O=P(O)(O)C1CCCCC1,sour,pKa between 2 and 7,IUPAC Dissocation Constants,0,O=P(O)(O)C1CCCCC1,3,"InChI=1S/C6H13O3P/c7-10(8,9)6-4-2-1-3-5-6/h6H,1-5H2,(H2,7,8,9)",0,pKa Data
CCOP(=O)(CC(=O)O)OCC,CCOP(=O)(CC(=O)O)OCC,sour,pKa between 2 and 7,IUPAC Dissocation Constants,0,CCOP(=O)(CC(=O)O)OCC,3,"InChI=1S/C6H13O5P/c1-3-10-12(9,11-4-2)5-6(7)8/h3-5H2,1-2H3,(H,7,8)",0,pKa Data
O=C(CO)[C@@H](O)[C@H](O)[C@H](O)COP(=O)(O)O,O=C(CO)[C@@H](O)[C@H](O)[C@H](O)COP(=O)(O)O,sour,pKa between 2 and 7,IUPAC Dissocation Constants,0,O=C(CO)[C@@H](O)[C@H](O)[C@H](O)COP(=O)(O)O,3,"InChI=1S/C6H13O9P/c7-1-3(8)5(10)6(11)4(9)2-15-16(12,13)14/h3-4,6-9,11H,1-2H2,(H2,12,13,14)",0,pKa Data
CC(C)CCNC(=S)S,CC(C)CCNC(=S)S,sour,pKa between 2 and 7,IUPAC Dissocation Constants,0,CC(C)CCNC(=S)S,3,"InChI=1S/C6H13NS2/c1-5(2)3-4-7-6(8)9/h5H,3-4H2,1-2H3,(H2,7,8,9)",0,pKa Data
CCCP(=O)(O)CCC,CCCP(=O)(O)CCC,sour,pKa between 2 and 7,IUPAC Dissocation Constants,0,CCCP(=O)(O)CCC,3,"InChI=1S/C6H15O2P/c1-3-5-9(7,8)6-4-2/h3-6H2,1-2H3,(H,7,8)",0,pKa Data
CCCCCCP(=O)(O)O,CCCCCCP(=O)(O)O,sour,pKa between 2 and 7,IUPAC Dissocation Constants,0,CCCCCCP(=O)(O)O,3,"InChI=1S/C6H15O3P/c1-2-3-4-5-6-10(7,8)9/h2-6H2,1H3,(H2,7,8,9)",0,pKa Data
O=c1nc2nc(C(F)(F)F)[nH]c2c[nH]1,O=c1nc2nc(C(F)(F)F)[nH]c2c[nH]1,sour,pKa between 2 and 7,IUPAC Dissocation Constants,0,O=c1nc2nc(C(F)(F)F)[nH]c2c[nH]1,3,"InChI=1S/C6H3F3N4O/c7-6(8,9)4-11-2-1-10-5(14)13-3(2)12-4/h1H,(H2,10,11,12,13,14)",0,pKa Data
Oc1c(Cl)cc(Br)cc1Cl,Oc1c(Cl)cc(Br)cc1Cl,sour,pKa between 2 and 7,IUPAC Dissocation Constants,0,Oc1c(Cl)cc(Br)cc1Cl,3,"InChI=1S/C6H3BrCl2O/c7-3-1-4(8)6(10)5(9)2-3/h1-2,10H",0,pKa Data
O=[N+]([O-])c1cc(Cl)c(O)c(Cl)c1,O=[N+]([O-])c1cc(Cl)c(O)c(Cl)c1,sour,pKa between 2 and 7,IUPAC Dissocation Constants,0,O=[N+]([O-])c1cc(Cl)c(O)c(Cl)c1,3,"InChI=1S/C6H3Cl2NO3/c7-4-1-3(9(11)12)2-5(8)6(4)10/h1-2,10H",0,pKa Data
O=[N+]([O-])c1cc(Br)cc(Br)c1O,O=[N+]([O-])c1cc(Br)cc(Br)c1O,sour,pKa between 2 and 7,IUPAC Dissocation Constants,0,O=[N+]([O-])c1cc(Br)cc(Br)c1O,3,"InChI=1S/C6H3Br2NO3/c7-3-1-4(8)6(10)5(2-3)9(11)12/h1-2,10H",0,pKa Data
O=[N+]([O-])c1cc(Br)c(O)c(Br)c1,O=[N+]([O-])c1cc(Br)c(O)c(Br)c1,sour,pKa between 2 and 7,IUPAC Dissocation Constants,0,O=[N+]([O-])c1cc(Br)c(O)c(Br)c1,3,"InChI=1S/C6H3Br2NO3/c7-4-1-3(9(11)12)2-5(8)6(4)10/h1-2,10H",0,pKa Data
O=[N+]([O-])c1cc(I)c(O)c(I)c1,O=[N+]([O-])c1cc(I)c(O)c(I)c1,sour,pKa between 2 and 7,IUPAC Dissocation Constants,0,O=[N+]([O-])c1cc(I)c(O)c(I)c1,3,"InChI=1S/C6H3I2NO3/c7-4-1-3(9(11)12)2-5(8)6(4)10/h1-2,10H",0,pKa Data
O=[N+]([O-])c1cc(Cl)c(O)c([N+](=O)[O-])c1,O=[N+]([O-])c1cc(Cl)c(O)c([N+](=O)[O-])c1,sour,pKa between 2 and 7,IUPAC Dissocation Constants,0,O=[N+]([O-])c1cc(Cl)c(O)c([N+](=O)[O-])c1,3,"InChI=1S/C6H3ClN2O5/c7-4-1-3(8(11)12)2-5(6(4)10)9(13)14/h1-2,10H",0,pKa Data
O=[N+]([O-])c1cc(Cl)cc([N+](=O)[O-])c1O,O=[N+]([O-])c1cc(Cl)cc([N+](=O)[O-])c1O,sour,pKa between 2 and 7,IUPAC Dissocation Constants,0,O=[N+]([O-])c1cc(Cl)cc([N+](=O)[O-])c1O,3,"InChI=1S/C6H3ClN2O5/c7-3-1-4(8(11)12)6(10)5(2-3)9(13)14/h1-2,10H",0,pKa Data
O=[N+]([O-])c1cc(Br)c(O)c([N+](=O)[O-])c1,O=[N+]([O-])c1cc(Br)c(O)c([N+](=O)[O-])c1,sour,pKa between 2 and 7,IUPAC Dissocation Constants,0,O=[N+]([O-])c1cc(Br)c(O)c([N+](=O)[O-])c1,3,"InChI=1S/C6H3BrN2O5/c7-4-1-3(8(11)12)2-5(6(4)10)9(13)14/h1-2,10H",0,pKa Data
O=[N+]([O-])c1ccc(O)c(Cl)c1,O=[N+]([O-])c1ccc(O)c(Cl)c1,sour,pKa between 2 and 7,IUPAC Dissocation Constants,0,O=[N+]([O-])c1ccc(O)c(Cl)c1,3,"InChI=1S/C6H4ClNO3/c7-5-3-4(8(10)11)1-2-6(5)9/h1-3,9H",0,pKa Data
O=[N+]([O-])c1cccc(Cl)c1O,O=[N+]([O-])c1cccc(Cl)c1O,sour,pKa between 2 and 7,IUPAC Dissocation Constants,0,O=[N+]([O-])c1cccc(Cl)c1O,3,"InChI=1S/C6H4ClNO3/c7-4-2-1-3-5(6(4)9)8(10)11/h1-3,9H",0,pKa Data
O=[N+]([O-])c1ccc(Cl)cc1O,O=[N+]([O-])c1ccc(Cl)cc1O,sour,pKa between 2 and 7,IUPAC Dissocation Constants,0,O=[N+]([O-])c1ccc(Cl)cc1O,3,"InChI=1S/C6H4ClNO3/c7-4-1-2-5(8(10)11)6(9)3-4/h1-3,9H",0,pKa Data
O=[N+]([O-])c1cc(Cl)ccc1O,O=[N+]([O-])c1cc(Cl)ccc1O,sour,pKa between 2 and 7,IUPAC Dissocation Constants,0,O=[N+]([O-])c1cc(Cl)ccc1O,3,"InChI=1S/C6H4ClNO3/c7-4-1-2-6(9)5(3-4)8(10)11/h1-3,9H",0,pKa Data
O=[N+]([O-])c1ccc(F)cc1O,O=[N+]([O-])c1ccc(F)cc1O,sour,pKa between 2 and 7,IUPAC Dissocation Constants,0,O=[N+]([O-])c1ccc(F)cc1O,3,"InChI=1S/C6H4FNO3/c7-4-1-2-5(8(10)11)6(9)3-4/h1-3,9H",0,pKa Data
O=[N+]([O-])c1cccc(S)c1,O=[N+]([O-])c1cccc(S)c1,sour,pKa between 2 and 7,IUPAC Dissocation Constants,0,O=[N+]([O-])c1cccc(S)c1,3,"InChI=1S/C6H5NO2S/c8-7(9)5-2-1-3-6(10)4-5/h1-4,10H",0,pKa Data
O=[N+]([O-])c1ccc(S)cc1,O=[N+]([O-])c1ccc(S)cc1,sour,pKa between 2 and 7,IUPAC Dissocation Constants,0,O=[N+]([O-])c1ccc(S)cc1,3,"InChI=1S/C6H5NO2S/c8-7(9)5-1-3-6(10)4-2-5/h1-4,10H",0,pKa Data
Cn1c(Br)nc2c(=O)[nH]c(=O)[nH]c21,Cn1c(Br)nc2c(=O)[nH]c(=O)[nH]c21,sour,pKa between 2 and 7,IUPAC Dissocation Constants,0,Cn1c(Br)nc2c(=O)[nH]c(=O)[nH]c21,3,"InChI=1S/C6H5BrN4O2/c1-11-3-2(8-5(11)7)4(12)10-6(13)9-3/h1H3,(H2,9,10,12,13)",0,pKa Data
O=C(O)Cc1ccc(Cl)s1,O=C(O)Cc1ccc(Cl)s1,sour,pKa between 2 and 7,IUPAC Dissocation Constants,0,O=C(O)Cc1ccc(Cl)s1,3,"InChI=1S/C6H5ClO2S/c7-5-2-1-4(10-5)3-6(8)9/h1-2H,3H2,(H,8,9)",0,pKa Data
O=S(O)c1cccc(Cl)c1,O=S(O)c1cccc(Cl)c1,sour,pKa between 2 and 7,IUPAC Dissocation Constants,0,O=S(O)c1cccc(Cl)c1,3,"InChI=1S/C6H5ClO2S/c7-5-2-1-3-6(4-5)10(8)9/h1-4H,(H,8,9)",0,pKa Data
O=S(O)c1ccc(Cl)cc1,O=S(O)c1ccc(Cl)cc1,sour,pKa between 2 and 7,IUPAC Dissocation Constants,0,O=S(O)c1ccc(Cl)cc1,3,"InChI=1S/C6H5ClO2S/c7-5-1-3-6(4-2-5)10(8)9/h1-4H,(H,8,9)",0,pKa Data
O=S(O)c1ccc(Br)cc1,O=S(O)c1ccc(Br)cc1,sour,pKa between 2 and 7,IUPAC Dissocation Constants,0,O=S(O)c1ccc(Br)cc1,3,"InChI=1S/C6H5BrO2S/c7-5-1-3-6(4-2-5)10(8)9/h1-4H,(H,8,9)",0,pKa Data
O=[N+]([O-])c1cccc(S(=O)O)c1,O=[N+]([O-])c1cccc(S(=O)O)c1,sour,pKa between 2 and 7,IUPAC Dissocation Constants,0,O=[N+]([O-])c1cccc(S(=O)O)c1,3,"InChI=1S/C6H5NO4S/c8-7(9)5-2-1-3-6(4-5)12(10)11/h1-4H,(H,10,11)",0,pKa Data
O=[N+]([O-])c1ccc(S(=O)O)cc1,O=[N+]([O-])c1ccc(S(=O)O)cc1,sour,pKa between 2 and 7,IUPAC Dissocation Constants,0,O=[N+]([O-])c1ccc(S(=O)O)cc1,3,"InChI=1S/C6H5NO4S/c8-7(9)5-1-3-6(4-2-5)12(10)11/h1-4H,(H,10,11)",0,pKa Data
Cn1cc2[nH]c(S)nc2nc1=O,Cn1cc2[nH]c(S)nc2nc1=O,sour,pKa between 2 and 7,IUPAC Dissocation Constants,0,Cn1cc2[nH]c(S)nc2nc1=O,3,"InChI=1S/C6H6N4OS/c1-10-2-3-4(9-6(10)11)8-5(12)7-3/h2H,1H3,(H2,7,8,9,11,12)",0,pKa Data
Cn1nnc2[nH]c(S(C)(=O)=O)nc(=O)c21,Cn1nnc2[nH]c(S(C)(=O)=O)nc(=O)c21,sour,pKa between 2 and 7,IUPAC Dissocation Constants,0,Cn1nnc2[nH]c(S(C)(=O)=O)nc(=O)c21,3,"InChI=1S/C6H7N5O3S/c1-11-3-4(9-10-11)7-6(8-5(3)12)15(2,13)14/h1-2H3,(H,7,8,12)",0,pKa Data
Cn1nc2nc(S(C)(=O)=O)[nH]c(=O)c2n1,Cn1nc2nc(S(C)(=O)=O)[nH]c(=O)c2n1,sour,pKa between 2 and 7,IUPAC Dissocation Constants,0,Cn1nc2nc(S(C)(=O)=O)[nH]c(=O)c2n1,3,"InChI=1S/C6H7N5O3S/c1-11-9-3-4(10-11)7-6(8-5(3)12)15(2,13)14/h1-2H3,(H,7,8,10,12)",0,pKa Data
O=S(=O)(O)C(O)c1ccccn1,O=S(=O)(O)C(O)c1ccccn1,sour,pKa between 2 and 7,IUPAC Dissocation Constants,0,O=S(=O)(O)C(O)c1ccccn1,3,"InChI=1S/C6H7NO4S/c8-6(12(9,10)11)5-3-1-2-4-7-5/h1-4,6,8H,(H,9,10,11)",0,pKa Data
O=S(=O)(O)C(O)c1cccnc1,O=S(=O)(O)C(O)c1cccnc1,sour,pKa between 2 and 7,IUPAC Dissocation Constants,0,O=S(=O)(O)C(O)c1cccnc1,3,"InChI=1S/C6H7NO4S/c8-6(12(9,10)11)5-2-1-3-7-4-5/h1-4,6,8H,(H,9,10,11)",0,pKa Data
O=S(=O)(O)C(O)c1ccncc1,O=S(=O)(O)C(O)c1ccncc1,sour,pKa between 2 and 7,IUPAC Dissocation Constants,0,O=S(=O)(O)C(O)c1ccncc1,3,"InChI=1S/C6H7NO4S/c8-6(12(9,10)11)5-1-3-7-4-2-5/h1-4,6,8H,(H,9,10,11)",0,pKa Data
O=P(O)(O)OCc1ccccn1,O=P(O)(O)OCc1ccccn1,sour,pKa between 2 and 7,IUPAC Dissocation Constants,0,O=P(O)(O)OCc1ccccn1,3,"InChI=1S/C6H8NO4P/c8-12(9,10)11-5-6-3-1-2-4-7-6/h1-4H,5H2,(H2,8,9,10)",0,pKa Data
O=P(O)(O)OCc1ccncc1,O=P(O)(O)OCc1ccncc1,sour,pKa between 2 and 7,IUPAC Dissocation Constants,0,O=P(O)(O)OCc1ccncc1,3,"InChI=1S/C6H8NO4P/c8-12(9,10)11-5-6-1-3-7-4-2-6/h1-4H,5H2,(H2,8,9,10)",0,pKa Data
CC(CCCC(=O)O)(N(F)F)N(F)F,CC(CCCC(=O)O)(N(F)F)N(F)F,sour,pKa between 2 and 7,IUPAC Dissocation Constants,0,CC(CCCC(=O)O)(N(F)F)N(F)F,3,"InChI=1S/C6H10F4N2O2/c1-6(11(7)8,12(9)10)4-2-3-5(13)14/h2-4H2,1H3,(H,13,14)",0,pKa Data
CC(C)(CCC(=O)O)N(F)F,CC(C)(CCC(=O)O)N(F)F,sour,pKa between 2 and 7,IUPAC Dissocation Constants,0,CC(C)(CCC(=O)O)N(F)F,3,"InChI=1S/C6H11F2NO2/c1-6(2,9(7)8)4-3-5(10)11/h3-4H2,1-2H3,(H,10,11)",0,pKa Data
O=C(O)CCN(CC(=O)O)CP(=O)(O)O,O=C(O)CCN(CC(=O)O)CP(=O)(O)O,sour,pKa between 2 and 7,IUPAC Dissocation Constants,0,O=C(O)CCN(CC(=O)O)CP(=O)(O)O,3,"InChI=1S/C6H12NO7P/c8-5(9)1-2-7(3-6(10)11)4-15(12,13)14/h1-4H2,(H,8,9)(H,10,11)(H2,12,13,14)",0,pKa Data
CCCP(O)(=S)CCC,CCCP(O)(=S)CCC,sour,pKa between 2 and 7,IUPAC Dissocation Constants,0,CCCP(O)(=S)CCC,3,"InChI=1S/C6H15OPS/c1-3-5-8(7,9)6-4-2/h3-6H2,1-2H3,(H,7,9)",0,pKa Data
O=S(=O)(NBr)c1ccccc1,O=S(=O)(NBr)c1ccccc1,sour,pKa between 2 and 7,IUPAC Dissocation Constants,0,O=S(=O)(NBr)c1ccccc1,3,"InChI=1S/C6H6BrNO2S/c7-8-11(9,10)6-4-2-1-3-5-6/h1-5,8H",0,pKa Data
O=c1cccccc1O,O=c1cccccc1O,sour,pKa between 2 and 7,IUPAC Dissocation Constants,0,O=c1cccccc1O,3,"InChI=1S/C7H6O2/c8-6-4-2-1-3-5-7(6)9/h1-5H,(H,8,9)",0,pKa Data
CC#CC#CCC(=O)O,CC#CC#CCC(=O)O,sour,pKa between 2 and 7,IUPAC Dissocation Constants,0,CC#CC#CCC(=O)O,3,"InChI=1S/C7H6O2/c1-2-3-4-5-6-7(8)9/h6H2,1H3,(H,8,9)",0,pKa Data
CC1=CC(=O)C=C(O)C1=O,CC1=CC(=O)C=C(O)C1=O,sour,pKa between 2 and 7,IUPAC Dissocation Constants,0,CC1=CC(=O)C=C(O)C1=O,3,"InChI=1S/C7H6O3/c1-4-2-5(8)3-6(9)7(4)10/h2-3,9H,1H3",0,pKa Data
O=c1ccccc(O)c1O,O=c1ccccc(O)c1O,sour,pKa between 2 and 7,IUPAC Dissocation Constants,0,O=c1ccccc(O)c1O,3,"InChI=1S/C7H6O3/c8-5-3-1-2-4-6(9)7(5)10/h1-4H,(H2,8,9,10)",0,pKa Data
O=c1cccc(O)cc1O,O=c1cccc(O)cc1O,sour,pKa between 2 and 7,IUPAC Dissocation Constants,0,O=c1cccc(O)cc1O,3,"InChI=1S/C7H6O3/c8-5-2-1-3-6(9)7(10)4-5/h1-4,8H,(H,9,10)",0,pKa Data
O=c1ccc(O)ccc1O,O=c1ccc(O)ccc1O,sour,pKa between 2 and 7,IUPAC Dissocation Constants,0,O=c1ccc(O)ccc1O,3,"InChI=1S/C7H6O3/c8-5-1-3-6(9)7(10)4-2-5/h1-4,9-10H",0,pKa Data
O=C(O)c1cccc(O)c1O,O=C(O)c1cccc(O)c1O,sour,pKa between 2 and 7,IUPAC Dissocation Constants,0,O=C(O)c1cccc(O)c1O,3,"InChI=1S/C7H6O4/c8-5-3-1-2-4(6(5)9)7(10)11/h1-3,8-9H,(H,10,11)",0,pKa Data
COC(=O)c1cocc1C(=O)O,COC(=O)c1cocc1C(=O)O,sour,pKa between 2 and 7,IUPAC Dissocation Constants,0,COC(=O)c1cocc1C(=O)O,3,"InChI=1S/C7H6O5/c1-11-7(10)5-3-12-2-4(5)6(8)9/h2-3H,1H3,(H,8,9)",0,pKa Data
COC(=O)C1=C(C(=O)O)CC1,COC(=O)C1=C(C(=O)O)CC1,sour,pKa between 2 and 7,IUPAC Dissocation Constants,0,COC(=O)C1=C(C(=O)O)CC1,3,"InChI=1S/C7H8O4/c1-11-7(10)5-3-2-4(5)6(8)9/h2-3H2,1H3,(H,8,9)",0,pKa Data
O=C(O)C1=C(C(=O)O)CCC1,O=C(O)C1=C(C(=O)O)CCC1,sour,pKa between 2 and 7,IUPAC Dissocation Constants,0,O=C(O)C1=C(C(=O)O)CCC1,3,"InChI=1S/C7H8O4/c8-6(9)4-2-1-3-5(4)7(10)11/h1-3H2,(H,8,9)(H,10,11)",0,pKa Data
O=C(O)C1=CCC(C(=O)O)C1,O=C(O)C1=CCC(C(=O)O)C1,sour,pKa between 2 and 7,IUPAC Dissocation Constants,0,O=C(O)C1=CCC(C(=O)O)C1,3,"InChI=1S/C7H8O4/c8-6(9)4-1-2-5(3-4)7(10)11/h1,5H,2-3H2,(H,8,9)(H,10,11)",0,pKa Data
O=C(O)C1=CCCC1C(=O)O,O=C(O)C1=CCCC1C(=O)O,sour,pKa between 2 and 7,IUPAC Dissocation Constants,0,O=C(O)C1=CCCC1C(=O)O,3,"InChI=1S/C7H8O4/c8-6(9)4-2-1-3-5(4)7(10)11/h2,5H,1,3H2,(H,8,9)(H,10,11)",0,pKa Data
O=C1C[C@H](C(=O)O)[C@H](C(=O)O)C1,O=C1C[C@H](C(=O)O)[C@H](C(=O)O)C1,sour,pKa between 2 and 7,IUPAC Dissocation Constants,0,O=C1C[C@H](C(=O)O)[C@H](C(=O)O)C1,3,"InChI=1S/C7H8O5/c8-3-1-4(6(9)10)5(2-3)7(11)12/h4-5H,1-2H2,(H,9,10)(H,11,12)",0,pKa Data
O=C1C[C@@H](C(=O)O)[C@H](C(=O)O)C1,O=C1C[C@@H](C(=O)O)[C@H](C(=O)O)C1,sour,pKa between 2 and 7,IUPAC Dissocation Constants,0,O=C1C[C@@H](C(=O)O)[C@H](C(=O)O)C1,3,"InChI=1S/C7H8O5/c8-3-1-4(6(9)10)5(2-3)7(11)12/h4-5H,1-2H2,(H,9,10)(H,11,12)",0,pKa Data
Cc1cccc(S)c1,Cc1cccc(S)c1,sour,pKa between 2 and 7,IUPAC Dissocation Constants,0,Cc1cccc(S)c1,3,"InChI=1S/C7H8S/c1-6-3-2-4-7(8)5-6/h2-5,8H,1H3",0,pKa Data
Cc1ccc(S)cc1,Cc1ccc(S)cc1,sour,pKa between 2 and 7,IUPAC Dissocation Constants,0,Cc1ccc(S)cc1,3,"InChI=1S/C7H8S/c1-6-2-4-7(8)5-3-6/h2-5,8H,1H3",0,pKa Data
O=C(O)C12CCC(C1)C2,O=C(O)C12CCC(C1)C2,sour,pKa between 2 and 7,IUPAC Dissocation Constants,0,O=C(O)C12CCC(C1)C2,3,"InChI=1S/C7H10O2/c8-6(9)7-2-1-5(3-7)4-7/h5H,1-4H2,(H,8,9)",0,pKa Data
O=CC1CCCCC1=O,O=CC1CCCCC1=O,sour,pKa between 2 and 7,IUPAC Dissocation Constants,0,O=CC1CCCCC1=O,3,"InChI=1S/C7H10O2/c8-5-6-3-1-2-4-7(6)9/h5-6H,1-4H2",0,pKa Data
CCCCC#CC(=O)O,CCCCC#CC(=O)O,sour,pKa between 2 and 7,IUPAC Dissocation Constants,0,CCCCC#CC(=O)O,3,"InChI=1S/C7H10O2/c1-2-3-4-5-6-7(8)9/h2-4H2,1H3,(H,8,9)",0,pKa Data
C#CCCCCC(=O)O,C#CCCCCC(=O)O,sour,pKa between 2 and 7,IUPAC Dissocation Constants,0,C#CCCCCC(=O)O,3,"InChI=1S/C7H10O2/c1-2-3-4-5-6-7(8)9/h1H,3-6H2,(H,8,9)",0,pKa Data
CC(C)(C)C#CC(=O)O,CC(C)(C)C#CC(=O)O,sour,pKa between 2 and 7,IUPAC Dissocation Constants,0,CC(C)(C)C#CC(=O)O,3,"InChI=1S/C7H10O2/c1-7(2,3)5-4-6(8)9/h1-3H3,(H,8,9)",0,pKa Data
O=C(O)CC1CCCC1=O,O=C(O)CC1CCCC1=O,sour,pKa between 2 and 7,IUPAC Dissocation Constants,0,O=C(O)CC1CCCC1=O,3,"InChI=1S/C7H10O3/c8-6-3-1-2-5(6)4-7(9)10/h5H,1-4H2,(H,9,10)",0,pKa Data
O=C(O)CC1CCC(=O)C1,O=C(O)CC1CCC(=O)C1,sour,pKa between 2 and 7,IUPAC Dissocation Constants,0,O=C(O)CC1CCC(=O)C1,3,"InChI=1S/C7H10O3/c8-6-2-1-5(3-6)4-7(9)10/h5H,1-4H2,(H,9,10)",0,pKa Data
O=C1CCC(C(=O)O)CC1,O=C1CCC(C(=O)O)CC1,sour,pKa between 2 and 7,IUPAC Dissocation Constants,0,O=C1CCC(C(=O)O)CC1,3,"InChI=1S/C7H10O3/c8-6-3-1-5(2-4-6)7(9)10/h5H,1-4H2,(H,9,10)",0,pKa Data
CCC(C(=O)O)=C(C)C(=O)O,CCC(C(=O)O)=C(C)C(=O)O,sour,pKa between 2 and 7,IUPAC Dissocation Constants,0,CCC(C(=O)O)=C(C)C(=O)O,3,"InChI=1S/C7H10O4/c1-3-5(7(10)11)4(2)6(8)9/h3H2,1-2H3,(H,8,9)(H,10,11)",0,pKa Data
O=C(O)[C@H]1CCC[C@H]1C(=O)O,O=C(O)[C@H]1CCC[C@H]1C(=O)O,sour,pKa between 2 and 7,IUPAC Dissocation Constants,0,O=C(O)[C@H]1CCC[C@H]1C(=O)O,3,"InChI=1S/C7H10O4/c8-6(9)4-2-1-3-5(4)7(10)11/h4-5H,1-3H2,(H,8,9)(H,10,11)",0,pKa Data
O=C(O)[C@@H]1CCC[C@H]1C(=O)O,O=C(O)[C@@H]1CCC[C@H]1C(=O)O,sour,pKa between 2 and 7,IUPAC Dissocation Constants,0,O=C(O)[C@@H]1CCC[C@H]1C(=O)O,3,"InChI=1S/C7H10O4/c8-6(9)4-2-1-3-5(4)7(10)11/h4-5H,1-3H2,(H,8,9)(H,10,11)",0,pKa Data
CC1(C(=O)O)CC1(C)C(=O)O,CC1(C(=O)O)CC1(C)C(=O)O,sour,pKa between 2 and 7,IUPAC Dissocation Constants,0,CC1(C(=O)O)CC1(C)C(=O)O,3,"InChI=1S/C7H10O4/c1-6(4(8)9)3-7(6,2)5(10)11/h3H2,1-2H3,(H,8,9)(H,10,11)",0,pKa Data
CC1(C)[C@H](C(=O)O)[C@@H]1C(=O)O,CC1(C)[C@H](C(=O)O)[C@@H]1C(=O)O,sour,pKa between 2 and 7,IUPAC Dissocation Constants,0,CC1(C)[C@H](C(=O)O)[C@@H]1C(=O)O,3,"InChI=1S/C7H10O4/c1-7(2)3(5(8)9)4(7)6(10)11/h3-4H,1-2H3,(H,8,9)(H,10,11)",0,pKa Data
O=C(O)CCC1CCOC1=O,O=C(O)CCC1CCOC1=O,sour,pKa between 2 and 7,IUPAC Dissocation Constants,0,O=C(O)CCC1CCOC1=O,3,"InChI=1S/C7H10O4/c8-6(9)2-1-5-3-4-11-7(5)10/h5H,1-4H2,(H,8,9)",0,pKa Data
CCCC/C=C\C(=O)O,CCCC/C=C\C(=O)O,sour,pKa between 2 and 7,IUPAC Dissocation Constants,0,CCCC/C=C\C(=O)O,3,"InChI=1S/C7H12O2/c1-2-3-4-5-6-7(8)9/h5-6H,2-4H2,1H3,(H,8,9)",0,pKa Data
CCCC/C=C/C(=O)O,CCCC/C=C/C(=O)O,sour,pKa between 2 and 7,IUPAC Dissocation Constants,0,CCCC/C=C/C(=O)O,3,"InChI=1S/C7H12O2/c1-2-3-4-5-6-7(8)9/h5-6H,2-4H2,1H3,(H,8,9)",0,pKa Data
O=C(O)C1(O)CCCCC1,O=C(O)C1(O)CCCCC1,sour,pKa between 2 and 7,IUPAC Dissocation Constants,0,O=C(O)C1(O)CCCCC1,3,"InChI=1S/C7H12O3/c8-6(9)7(10)4-2-1-3-5-7/h10H,1-5H2,(H,8,9)",0,pKa Data
O=C(O)C1CCCCC1O,O=C(O)C1CCCCC1O,sour,pKa between 2 and 7,IUPAC Dissocation Constants,0,O=C(O)C1CCCCC1O,3,"InChI=1S/C7H12O3/c8-6-4-2-1-3-5(6)7(9)10/h5-6,8H,1-4H2,(H,9,10)",0,pKa Data
O=C(O)[C@H]1CC[C@H](O)CC1,O=C(O)[C@H]1CC[C@H](O)CC1,sour,pKa between 2 and 7,IUPAC Dissocation Constants,0,O=C(O)[C@H]1CC[C@H](O)CC1,3,"InChI=1S/C7H12O3/c8-6-3-1-5(2-4-6)7(9)10/h5-6,8H,1-4H2,(H,9,10)",0,pKa Data
CCOC(=O)C(CC)C(=O)O,CCOC(=O)C(CC)C(=O)O,sour,pKa between 2 and 7,IUPAC Dissocation Constants,0,CCOC(=O)C(CC)C(=O)O,3,"InChI=1S/C7H12O4/c1-3-5(6(8)9)7(10)11-4-2/h5H,3-4H2,1-2H3,(H,8,9)",0,pKa Data
O=C(O)CCCCCC(=O)O,O=C(O)CCCCCC(=O)O,sour,pKa between 2 and 7,IUPAC Dissocation Constants,0,O=C(O)CCCCCC(=O)O,3,"InChI=1S/C7H12O4/c8-6(9)4-2-1-3-5-7(10)11/h1-5H2,(H,8,9)(H,10,11)",0,pKa Data
CC(C)(CC(=O)O)CC(=O)O,CC(C)(CC(=O)O)CC(=O)O,sour,pKa between 2 and 7,IUPAC Dissocation Constants,0,CC(C)(CC(=O)O)CC(=O)O,3,"InChI=1S/C7H12O4/c1-7(2,3-5(8)9)4-6(10)11/h3-4H2,1-2H3,(H,8,9)(H,10,11)",0,pKa Data
CC(C)(C)C(C(=O)O)C(=O)O,CC(C)(C)C(C(=O)O)C(=O)O,sour,pKa between 2 and 7,IUPAC Dissocation Constants,0,CC(C)(C)C(C(=O)O)C(=O)O,3,"InChI=1S/C7H12O4/c1-7(2,3)4(5(8)9)6(10)11/h4H,1-3H3,(H,8,9)(H,10,11)",0,pKa Data
CCC(CC)(C(=O)O)C(=O)O,CCC(CC)(C(=O)O)C(=O)O,sour,pKa between 2 and 7,IUPAC Dissocation Constants,0,CCC(CC)(C(=O)O)C(=O)O,3,"InChI=1S/C7H12O4/c1-3-7(4-2,5(8)9)6(10)11/h3-4H2,1-2H3,(H,8,9)(H,10,11)",0,pKa Data
CCOC(=O)C(C)(C)C(=O)O,CCOC(=O)C(C)(C)C(=O)O,sour,pKa between 2 and 7,IUPAC Dissocation Constants,0,CCOC(=O)C(C)(C)C(=O)O,3,"InChI=1S/C7H12O4/c1-4-11-6(10)7(2,3)5(8)9/h4H2,1-3H3,(H,8,9)",0,pKa Data
O=C(O)C1CC(O)C(O)C(O)C1,O=C(O)C1CC(O)C(O)C(O)C1,sour,pKa between 2 and 7,IUPAC Dissocation Constants,0,O=C(O)C1CC(O)C(O)C(O)C1,3,"InChI=1S/C7H12O5/c8-4-1-3(7(11)12)2-5(9)6(4)10/h3-6,8-10H,1-2H2,(H,11,12)",0,pKa Data
CC(OC(C)(C)C(=O)O)C(=O)O,CC(OC(C)(C)C(=O)O)C(=O)O,sour,pKa between 2 and 7,IUPAC Dissocation Constants,0,CC(OC(C)(C)C(=O)O)C(=O)O,3,"InChI=1S/C7H12O5/c1-4(5(8)9)12-7(2,3)6(10)11/h4H,1-3H3,(H,8,9)(H,10,11)",0,pKa Data
CCCC(C)(C)C(=O)O,CCCC(C)(C)C(=O)O,sour,pKa between 2 and 7,IUPAC Dissocation Constants,0,CCCC(C)(C)C(=O)O,3,"InChI=1S/C7H14O2/c1-4-5-7(2,3)6(8)9/h4-5H2,1-3H3,(H,8,9)",0,pKa Data
O=C(O)c1c(F)c(F)c(O)c(F)c1F,O=C(O)c1c(F)c(F)c(O)c(F)c1F,sour,pKa between 2 and 7,IUPAC Dissocation Constants,0,O=C(O)c1c(F)c(F)c(O)c(F)c1F,3,"InChI=1S/C7H2F4O3/c8-2-1(7(13)14)3(9)5(11)6(12)4(2)10/h12H,(H,13,14)",0,pKa Data
O=c1c(Br)cc(Br)cc(Br)c1O,O=c1c(Br)cc(Br)cc(Br)c1O,sour,pKa between 2 and 7,IUPAC Dissocation Constants,0,O=c1c(Br)cc(Br)cc(Br)c1O,3,"InChI=1S/C7H3Br3O2/c8-3-1-4(9)6(11)7(12)5(10)2-3/h1-2H,(H,11,12)",0,pKa Data
O=Cc1cc(Cl)c(O)c(Cl)c1,O=Cc1cc(Cl)c(O)c(Cl)c1,sour,pKa between 2 and 7,IUPAC Dissocation Constants,0,O=Cc1cc(Cl)c(O)c(Cl)c1,3,"InChI=1S/C7H4Cl2O2/c8-5-1-4(3-10)2-6(9)7(5)11/h1-3,11H",0,pKa Data
O=C(O)c1cccc(Cl)c1Cl,O=C(O)c1cccc(Cl)c1Cl,sour,pKa between 2 and 7,IUPAC Dissocation Constants,0,O=C(O)c1cccc(Cl)c1Cl,3,"InChI=1S/C7H4Cl2O2/c8-5-3-1-2-4(6(5)9)7(10)11/h1-3H,(H,10,11)",0,pKa Data
O=C(O)c1ccc(Cl)cc1Cl,O=C(O)c1ccc(Cl)cc1Cl,sour,pKa between 2 and 7,IUPAC Dissocation Constants,0,O=C(O)c1ccc(Cl)cc1Cl,3,"InChI=1S/C7H4Cl2O2/c8-4-1-2-5(7(10)11)6(9)3-4/h1-3H,(H,10,11)",0,pKa Data
O=C(O)c1cc(Cl)ccc1Cl,O=C(O)c1cc(Cl)ccc1Cl,sour,pKa between 2 and 7,IUPAC Dissocation Constants,0,O=C(O)c1cc(Cl)ccc1Cl,3,"InChI=1S/C7H4Cl2O2/c8-4-1-2-6(9)5(3-4)7(10)11/h1-3H,(H,10,11)",0,pKa Data
O=C(O)c1ccc(Cl)c(Cl)c1,O=C(O)c1ccc(Cl)c(Cl)c1,sour,pKa between 2 and 7,IUPAC Dissocation Constants,0,O=C(O)c1ccc(Cl)c(Cl)c1,3,"InChI=1S/C7H4Cl2O2/c8-5-2-1-4(7(10)11)3-6(5)9/h1-3H,(H,10,11)",0,pKa Data
O=C(O)c1cc(Cl)cc(Cl)c1,O=C(O)c1cc(Cl)cc(Cl)c1,sour,pKa between 2 and 7,IUPAC Dissocation Constants,0,O=C(O)c1cc(Cl)cc(Cl)c1,3,"InChI=1S/C7H4Cl2O2/c8-5-1-4(7(10)11)2-6(9)3-5/h1-3H,(H,10,11)",0,pKa Data
O=c1ccc(Br)cc(Br)c1O,O=c1ccc(Br)cc(Br)c1O,sour,pKa between 2 and 7,IUPAC Dissocation Constants,0,O=c1ccc(Br)cc(Br)c1O,3,"InChI=1S/C7H4Br2O2/c8-4-1-2-6(10)7(11)5(9)3-4/h1-3H,(H,10,11)",0,pKa Data
O=c1c(Br)cccc(Br)c1O,O=c1c(Br)cccc(Br)c1O,sour,pKa between 2 and 7,IUPAC Dissocation Constants,0,O=c1c(Br)cccc(Br)c1O,3,"InChI=1S/C7H4Br2O2/c8-4-2-1-3-5(9)7(11)6(4)10/h1-3H,(H,10,11)",0,pKa Data
N#Cc1cc([N+](=O)[O-])ccc1O,N#Cc1cc([N+](=O)[O-])ccc1O,sour,pKa between 2 and 7,IUPAC Dissocation Constants,0,N#Cc1cc([N+](=O)[O-])ccc1O,3,"InChI=1S/C7H4N2O3/c8-4-5-3-6(9(11)12)1-2-7(5)10/h1-3,10H",0,pKa Data
N#Cc1c(O)cccc1[N+](=O)[O-],N#Cc1c(O)cccc1[N+](=O)[O-],sour,pKa between 2 and 7,IUPAC Dissocation Constants,0,N#Cc1c(O)cccc1[N+](=O)[O-],3,"InChI=1S/C7H4N2O3/c8-4-5-6(9(11)12)2-1-3-7(5)10/h1-3,10H",0,pKa Data
O=Cc1nc2c(=O)nc[nH]c2[nH]c1=O,O=Cc1nc2c(=O)nc[nH]c2[nH]c1=O,sour,pKa between 2 and 7,IUPAC Dissocation Constants,0,O=Cc1nc2c(=O)nc[nH]c2[nH]c1=O,3,"InChI=1S/C7H4N4O3/c12-1-3-6(13)11-5-4(10-3)7(14)9-2-8-5/h1-2H,(H2,8,9,11,13,14)",0,pKa Data
O=C(O)c1cc(Cl)cc(Cl)c1O,O=C(O)c1cc(Cl)cc(Cl)c1O,sour,pKa between 2 and 7,IUPAC Dissocation Constants,0,O=C(O)c1cc(Cl)cc(Cl)c1O,3,"InChI=1S/C7H4Cl2O3/c8-3-1-4(7(11)12)6(10)5(9)2-3/h1-2,10H,(H,11,12)",0,pKa Data
O=C(O)c1cc(Br)cc(Br)c1O,O=C(O)c1cc(Br)cc(Br)c1O,sour,pKa between 2 and 7,IUPAC Dissocation Constants,0,O=C(O)c1cc(Br)cc(Br)c1O,3,"InChI=1S/C7H4Br2O3/c8-3-1-4(7(11)12)6(10)5(9)2-3/h1-2,10H,(H,11,12)",0,pKa Data
O=[N+]([O-])c1cc([N+](=O)[O-])c2cn[nH]c2c1O,O=[N+]([O-])c1cc([N+](=O)[O-])c2cn[nH]c2c1O,sour,pKa between 2 and 7,IUPAC Dissocation Constants,0,O=[N+]([O-])c1cc([N+](=O)[O-])c2cn[nH]c2c1O,3,"InChI=1S/C7H4N4O5/c12-7-5(11(15)16)1-4(10(13)14)3-2-8-9-6(3)7/h1-2,12H,(H,8,9)",0,pKa Data
O=C(O)c1nc2c(=O)[nH]c(=O)[nH]c2[nH]c1=O,O=C(O)c1nc2c(=O)[nH]c(=O)[nH]c2[nH]c1=O,sour,pKa between 2 and 7,IUPAC Dissocation Constants,0,O=C(O)c1nc2c(=O)[nH]c(=O)[nH]c2[nH]c1=O,3,"InChI=1S/C7H4N4O5/c12-4-1-3(10-7(16)11-4)9-5(13)2(8-1)6(14)15/h(H,14,15)(H3,9,10,11,12,13,16)",0,pKa Data
O=Cc1cc([N+](=O)[O-])cc([N+](=O)[O-])c1O,O=Cc1cc([N+](=O)[O-])cc([N+](=O)[O-])c1O,sour,pKa between 2 and 7,IUPAC Dissocation Constants,0,O=Cc1cc([N+](=O)[O-])cc([N+](=O)[O-])c1O,3,"InChI=1S/C7H4N2O6/c10-3-4-1-5(8(12)13)2-6(7(4)11)9(14)15/h1-3,11H",0,pKa Data
O=C(O)c1cc([N+](=O)[O-])cc([N+](=O)[O-])c1,O=C(O)c1cc([N+](=O)[O-])cc([N+](=O)[O-])c1,sour,pKa between 2 and 7,IUPAC Dissocation Constants,0,O=C(O)c1cc([N+](=O)[O-])cc([N+](=O)[O-])c1,3,"InChI=1S/C7H4N2O6/c10-7(11)4-1-5(8(12)13)3-6(2-4)9(14)15/h1-3H,(H,10,11)",0,pKa Data
N#Cc1ccccc1O,N#Cc1ccccc1O,sour,pKa between 2 and 7,IUPAC Dissocation Constants,0,N#Cc1ccccc1O,3,"InChI=1S/C7H5NO/c8-5-6-3-1-2-4-7(6)9/h1-4,9H",0,pKa Data
O=Cc1ccc(O)cc1Cl,O=Cc1ccc(O)cc1Cl,sour,pKa between 2 and 7,IUPAC Dissocation Constants,0,O=Cc1ccc(O)cc1Cl,3,"InChI=1S/C7H5ClO2/c8-7-3-6(10)2-1-5(7)4-9/h1-4,10H",0,pKa Data
O=Cc1cccc(Cl)c1O,O=Cc1cccc(Cl)c1O,sour,pKa between 2 and 7,IUPAC Dissocation Constants,0,O=Cc1cccc(Cl)c1O,3,"InChI=1S/C7H5ClO2/c8-6-3-1-2-5(4-9)7(6)10/h1-4,10H",0,pKa Data
O=C(O)c1ccccc1Cl,O=C(O)c1ccccc1Cl,sour,pKa between 2 and 7,IUPAC Dissocation Constants,0,O=C(O)c1ccccc1Cl,3,"InChI=1S/C7H5ClO2/c8-6-4-2-1-3-5(6)7(9)10/h1-4H,(H,9,10)",0,pKa Data
O=C(O)c1cccc(Cl)c1,O=C(O)c1cccc(Cl)c1,sour,pKa between 2 and 7,IUPAC Dissocation Constants,0,O=C(O)c1cccc(Cl)c1,3,"InChI=1S/C7H5ClO2/c8-6-3-1-2-5(4-6)7(9)10/h1-4H,(H,9,10)",0,pKa Data
O=C(O)c1ccc(Cl)cc1,O=C(O)c1ccc(Cl)cc1,sour,pKa between 2 and 7,IUPAC Dissocation Constants,0,O=C(O)c1ccc(Cl)cc1,3,"InChI=1S/C7H5ClO2/c8-6-3-1-5(2-4-6)7(9)10/h1-4H,(H,9,10)",0,pKa Data
O=c1ccc(Cl)ccc1O,O=c1ccc(Cl)ccc1O,sour,pKa between 2 and 7,IUPAC Dissocation Constants,0,O=c1ccc(Cl)ccc1O,3,"InChI=1S/C7H5ClO2/c8-5-1-3-6(9)7(10)4-2-5/h1-4H,(H,9,10)",0,pKa Data
O=C(O)c1cccc(Br)c1,O=C(O)c1cccc(Br)c1,sour,pKa between 2 and 7,IUPAC Dissocation Constants,0,O=C(O)c1cccc(Br)c1,3,"InChI=1S/C7H5BrO2/c8-6-3-1-2-5(4-6)7(9)10/h1-4H,(H,9,10)",0,pKa Data
O=C(O)c1ccc(Br)cc1,O=C(O)c1ccc(Br)cc1,sour,pKa between 2 and 7,IUPAC Dissocation Constants,0,O=C(O)c1ccc(Br)cc1,3,"InChI=1S/C7H5BrO2/c8-6-3-1-5(2-4-6)7(9)10/h1-4H,(H,9,10)",0,pKa Data
O=c1ccccc(Br)c1O,O=c1ccccc(Br)c1O,sour,pKa between 2 and 7,IUPAC Dissocation Constants,0,O=c1ccccc(Br)c1O,3,"InChI=1S/C7H5BrO2/c8-5-3-1-2-4-6(9)7(5)10/h1-4H,(H,9,10)",0,pKa Data
O=c1cccc(Br)cc1O,O=c1cccc(Br)cc1O,sour,pKa between 2 and 7,IUPAC Dissocation Constants,0,O=c1cccc(Br)cc1O,3,"InChI=1S/C7H5BrO2/c8-5-2-1-3-6(9)7(10)4-5/h1-4H,(H,9,10)",0,pKa Data
O=c1ccc(Br)ccc1O,O=c1ccc(Br)ccc1O,sour,pKa between 2 and 7,IUPAC Dissocation Constants,0,O=c1ccc(Br)ccc1O,3,"InChI=1S/C7H5BrO2/c8-5-1-3-6(9)7(10)4-2-5/h1-4H,(H,9,10)",0,pKa Data
O=C(O)c1ccc(I)cc1,O=C(O)c1ccc(I)cc1,sour,pKa between 2 and 7,IUPAC Dissocation Constants,0,O=C(O)c1ccc(I)cc1,3,"InChI=1S/C7H5IO2/c8-6-3-1-5(2-4-6)7(9)10/h1-4H,(H,9,10)",0,pKa Data
O=C(O)c1cccc(F)c1,O=C(O)c1cccc(F)c1,sour,pKa between 2 and 7,IUPAC Dissocation Constants,0,O=C(O)c1cccc(F)c1,3,"InChI=1S/C7H5FO2/c8-6-3-1-2-5(4-6)7(9)10/h1-4H,(H,9,10)",0,pKa Data
O=C(O)c1ccc(F)cc1,O=C(O)c1ccc(F)cc1,sour,pKa between 2 and 7,IUPAC Dissocation Constants,0,O=C(O)c1ccc(F)cc1,3,"InChI=1S/C7H5FO2/c8-6-3-1-5(2-4-6)7(9)10/h1-4H,(H,9,10)",0,pKa Data
O=C(O)c1c(O)cccc1Cl,O=C(O)c1c(O)cccc1Cl,sour,pKa between 2 and 7,IUPAC Dissocation Constants,0,O=C(O)c1c(O)cccc1Cl,3,"InChI=1S/C7H5ClO3/c8-4-2-1-3-5(9)6(4)7(10)11/h1-3,9H,(H,10,11)",0,pKa Data
O=C(O)c1cc(Cl)ccc1O,O=C(O)c1cc(Cl)ccc1O,sour,pKa between 2 and 7,IUPAC Dissocation Constants,0,O=C(O)c1cc(Cl)ccc1O,3,"InChI=1S/C7H5ClO3/c8-4-1-2-6(9)5(3-4)7(10)11/h1-3,9H,(H,10,11)",0,pKa Data
O=C(OO)c1ccccc1Cl,O=C(OO)c1ccccc1Cl,sour,pKa between 2 and 7,IUPAC Dissocation Constants,0,O=C(OO)c1ccccc1Cl,3,"InChI=1S/C7H5ClO3/c8-6-4-2-1-3-5(6)7(9)11-10/h1-4,10H",0,pKa Data
O=C(O)c1cccc(Br)c1O,O=C(O)c1cccc(Br)c1O,sour,pKa between 2 and 7,IUPAC Dissocation Constants,0,O=C(O)c1cccc(Br)c1O,3,"InChI=1S/C7H5BrO3/c8-5-3-1-2-4(6(5)9)7(10)11/h1-3,9H,(H,10,11)",0,pKa Data
O=C(O)c1cc(Br)ccc1O,O=C(O)c1cc(Br)ccc1O,sour,pKa between 2 and 7,IUPAC Dissocation Constants,0,O=C(O)c1cc(Br)ccc1O,3,"InChI=1S/C7H5BrO3/c8-4-1-2-6(9)5(3-4)7(10)11/h1-3,9H,(H,10,11)",0,pKa Data
O=C(O)c1ccc(Br)cc1O,O=C(O)c1ccc(Br)cc1O,sour,pKa between 2 and 7,IUPAC Dissocation Constants,0,O=C(O)c1ccc(Br)cc1O,3,"InChI=1S/C7H5BrO3/c8-4-1-2-5(7(10)11)6(9)3-4/h1-3,9H,(H,10,11)",0,pKa Data
O=C(O)c1cccc(I)c1O,O=C(O)c1cccc(I)c1O,sour,pKa between 2 and 7,IUPAC Dissocation Constants,0,O=C(O)c1cccc(I)c1O,3,"InChI=1S/C7H5IO3/c8-5-3-1-2-4(6(5)9)7(10)11/h1-3,9H,(H,10,11)",0,pKa Data
O=C(O)c1ccc(I)cc1O,O=C(O)c1ccc(I)cc1O,sour,pKa between 2 and 7,IUPAC Dissocation Constants,0,O=C(O)c1ccc(I)cc1O,3,"InChI=1S/C7H5IO3/c8-4-1-2-5(7(10)11)6(9)3-4/h1-3,9H,(H,10,11)",0,pKa Data
O=C(O)c1cc(I)ccc1O,O=C(O)c1cc(I)ccc1O,sour,pKa between 2 and 7,IUPAC Dissocation Constants,0,O=C(O)c1cc(I)ccc1O,3,"InChI=1S/C7H5IO3/c8-4-1-2-6(9)5(3-4)7(10)11/h1-3,9H,(H,10,11)",0,pKa Data
O=Cc1cccc([N+](=O)[O-])c1O,O=Cc1cccc([N+](=O)[O-])c1O,sour,pKa between 2 and 7,IUPAC Dissocation Constants,0,O=Cc1cccc([N+](=O)[O-])c1O,3,"InChI=1S/C7H5NO4/c9-4-5-2-1-3-6(7(5)10)8(11)12/h1-4,10H",0,pKa Data
O=Cc1cc([N+](=O)[O-])ccc1O,O=Cc1cc([N+](=O)[O-])ccc1O,sour,pKa between 2 and 7,IUPAC Dissocation Constants,0,O=Cc1cc([N+](=O)[O-])ccc1O,3,"InChI=1S/C7H5NO4/c9-4-5-3-6(8(11)12)1-2-7(5)10/h1-4,10H",0,pKa Data
O=Cc1ccc([N+](=O)[O-])c(O)c1,O=Cc1ccc([N+](=O)[O-])c(O)c1,sour,pKa between 2 and 7,IUPAC Dissocation Constants,0,O=Cc1ccc([N+](=O)[O-])c(O)c1,3,"InChI=1S/C7H5NO4/c9-4-5-1-2-6(8(11)12)7(10)3-5/h1-4,10H",0,pKa Data
O=C(O)c1ccccc1[N+](=O)[O-],O=C(O)c1ccccc1[N+](=O)[O-],sour,pKa between 2 and 7,IUPAC Dissocation Constants,0,O=C(O)c1ccccc1[N+](=O)[O-],3,"InChI=1S/C7H5NO4/c9-7(10)5-3-1-2-4-6(5)8(11)12/h1-4H,(H,9,10)",0,pKa Data
O=C(O)c1cccc([N+](=O)[O-])c1,O=C(O)c1cccc([N+](=O)[O-])c1,sour,pKa between 2 and 7,IUPAC Dissocation Constants,0,O=C(O)c1cccc([N+](=O)[O-])c1,3,"InChI=1S/C7H5NO4/c9-7(10)5-2-1-3-6(4-5)8(11)12/h1-4H,(H,9,10)",0,pKa Data
O=C(O)c1ccc([N+](=O)[O-])cc1,O=C(O)c1ccc([N+](=O)[O-])cc1,sour,pKa between 2 and 7,IUPAC Dissocation Constants,0,O=C(O)c1ccc([N+](=O)[O-])cc1,3,"InChI=1S/C7H5NO4/c9-7(10)5-1-3-6(4-2-5)8(11)12/h1-4H,(H,9,10)",0,pKa Data
O=c1ccc([N+](=O)[O-])ccc1O,O=c1ccc([N+](=O)[O-])ccc1O,sour,pKa between 2 and 7,IUPAC Dissocation Constants,0,O=c1ccc([N+](=O)[O-])ccc1O,3,"InChI=1S/C7H5NO4/c9-6-3-1-5(8(11)12)2-4-7(6)10/h1-4H,(H,9,10)",0,pKa Data
O=C(O)c1cccnc1C(=O)O,O=C(O)c1cccnc1C(=O)O,sour,pKa between 2 and 7,IUPAC Dissocation Constants,0,O=C(O)c1cccnc1C(=O)O,3,"InChI=1S/C7H5NO4/c9-6(10)4-2-1-3-8-5(4)7(11)12/h1-3H,(H,9,10)(H,11,12)",0,pKa Data
O=C(O)c1ccncc1C(=O)O,O=C(O)c1ccncc1C(=O)O,sour,pKa between 2 and 7,IUPAC Dissocation Constants,0,O=C(O)c1ccncc1C(=O)O,3,"InChI=1S/C7H5NO4/c9-6(10)4-1-2-8-3-5(4)7(11)12/h1-3H,(H,9,10)(H,11,12)",0,pKa Data
O=C(O)c1cccc([N+](=O)[O-])c1O,O=C(O)c1cccc([N+](=O)[O-])c1O,sour,pKa between 2 and 7,IUPAC Dissocation Constants,0,O=C(O)c1cccc([N+](=O)[O-])c1O,3,"InChI=1S/C7H5NO5/c9-6-4(7(10)11)2-1-3-5(6)8(12)13/h1-3,9H,(H,10,11)",0,pKa Data
O=C(O)c1ccc([N+](=O)[O-])cc1O,O=C(O)c1ccc([N+](=O)[O-])cc1O,sour,pKa between 2 and 7,IUPAC Dissocation Constants,0,O=C(O)c1ccc([N+](=O)[O-])cc1O,3,"InChI=1S/C7H5NO5/c9-6-3-4(8(12)13)1-2-5(6)7(10)11/h1-3,9H,(H,10,11)",0,pKa Data
O=C(O)c1cc([N+](=O)[O-])ccc1O,O=C(O)c1cc([N+](=O)[O-])ccc1O,sour,pKa between 2 and 7,IUPAC Dissocation Constants,0,O=C(O)c1cc([N+](=O)[O-])ccc1O,3,"InChI=1S/C7H5NO5/c9-6-2-1-4(8(12)13)3-5(6)7(10)11/h1-3,9H,(H,10,11)",0,pKa Data
O=C(O)c1c(O)cccc1[N+](=O)[O-],O=C(O)c1c(O)cccc1[N+](=O)[O-],sour,pKa between 2 and 7,IUPAC Dissocation Constants,0,O=C(O)c1c(O)cccc1[N+](=O)[O-],3,"InChI=1S/C7H5NO5/c9-5-3-1-2-4(8(12)13)6(5)7(10)11/h1-3,9H,(H,10,11)",0,pKa Data
O=C(O)c1cc(=O)cc(C(=O)O)[nH]1,O=C(O)c1cc(=O)cc(C(=O)O)[nH]1,sour,pKa between 2 and 7,IUPAC Dissocation Constants,0,O=C(O)c1cc(=O)cc(C(=O)O)[nH]1,3,"InChI=1S/C7H5NO5/c9-3-1-4(6(10)11)8-5(2-3)7(12)13/h1-2H,(H,8,9)(H,10,11)(H,12,13)",0,pKa Data
O=c1[nH]c2ccccc2s1,O=c1[nH]c2ccccc2s1,sour,pKa between 2 and 7,IUPAC Dissocation Constants,0,O=c1[nH]c2ccccc2s1,3,"InChI=1S/C7H5NOS/c9-7-8-5-3-1-2-4-6(5)10-7/h1-4H,(H,8,9)",0,pKa Data
Cc1nc2cnc[nH]c-2nc1=O,Cc1nc2cnc[nH]c-2nc1=O,sour,pKa between 2 and 7,IUPAC Dissocation Constants,0,Cc1nc2cnc[nH]c-2nc1=O,3,"InChI=1S/C7H6N4O/c1-4-7(12)11-6-5(10-4)2-8-3-9-6/h2-3H,1H3,(H,8,9,11,12)",0,pKa Data
O=c1cccccc1S,O=c1cccccc1S,sour,pKa between 2 and 7,IUPAC Dissocation Constants,0,O=c1cccccc1S,3,"InChI=1S/C7H6OS/c8-6-4-2-1-3-5-7(6)9/h1-5H,(H,8,9)",0,pKa Data
Cc1[nH]c(=O)[nH]c2nc(=O)cnc1-2,Cc1[nH]c(=O)[nH]c2nc(=O)cnc1-2,sour,pKa between 2 and 7,IUPAC Dissocation Constants,0,Cc1[nH]c(=O)[nH]c2nc(=O)cnc1-2,3,"InChI=1S/C7H6N4O2/c1-3-5-6(11-7(13)9-3)10-4(12)2-8-5/h2H,1H3,(H2,9,10,11,12,13)",0,pKa Data
Cn1cnc2ncc(=O)[nH]c2c1=O,Cn1cnc2ncc(=O)[nH]c2c1=O,sour,pKa between 2 and 7,IUPAC Dissocation Constants,0,Cn1cnc2ncc(=O)[nH]c2c1=O,3,"InChI=1S/C7H6N4O2/c1-11-3-9-6-5(7(11)13)10-4(12)2-8-6/h2-3H,1H3,(H,10,12)",0,pKa Data
Cn1cnc2[nH]c(=O)cnc2c1=O,Cn1cnc2[nH]c(=O)cnc2c1=O,sour,pKa between 2 and 7,IUPAC Dissocation Constants,0,Cn1cnc2[nH]c(=O)cnc2c1=O,3,"InChI=1S/C7H6N4O2/c1-11-3-9-6-5(7(11)13)8-2-4(12)10-6/h2-3H,1H3,(H,10,12)",0,pKa Data
Cc1nc2c(=O)[nH]cnc2[nH]c1=O,Cc1nc2c(=O)[nH]cnc2[nH]c1=O,sour,pKa between 2 and 7,IUPAC Dissocation Constants,0,Cc1nc2c(=O)[nH]cnc2[nH]c1=O,3,"InChI=1S/C7H6N4O2/c1-3-6(12)11-5-4(10-3)7(13)9-2-8-5/h2H,1H3,(H2,8,9,11,12,13)",0,pKa Data
O=C(O)c1cccc(S)c1,O=C(O)c1cccc(S)c1,sour,pKa between 2 and 7,IUPAC Dissocation Constants,0,O=C(O)c1cccc(S)c1,3,"InChI=1S/C7H6O2S/c8-7(9)5-2-1-3-6(10)4-5/h1-4,10H,(H,8,9)",0,pKa Data
Cn1c(=O)[nH]c(=O)c2[nH]c(=O)cnc21,Cn1c(=O)[nH]c(=O)c2[nH]c(=O)cnc21,sour,pKa between 2 and 7,IUPAC Dissocation Constants,0,Cn1c(=O)[nH]c(=O)c2[nH]c(=O)cnc21,3,"InChI=1S/C7H6N4O3/c1-11-5-4(6(13)10-7(11)14)9-3(12)2-8-5/h2H,1H3,(H,9,12)(H,10,13,14)",0,pKa Data
Cn1c(=O)[nH]c(=O)c2ncc(=O)[nH]c21,Cn1c(=O)[nH]c(=O)c2ncc(=O)[nH]c21,sour,pKa between 2 and 7,IUPAC Dissocation Constants,0,Cn1c(=O)[nH]c(=O)c2ncc(=O)[nH]c21,3,"InChI=1S/C7H6N4O3/c1-11-5-4(6(13)10-7(11)14)8-2-3(12)9-5/h2H,1H3,(H,9,12)(H,10,13,14)",0,pKa Data
Cn1c(=O)[nH]c2[nH]c(=O)cnc2c1=O,Cn1c(=O)[nH]c2[nH]c(=O)cnc2c1=O,sour,pKa between 2 and 7,IUPAC Dissocation Constants,0,Cn1c(=O)[nH]c2[nH]c(=O)cnc2c1=O,3,"InChI=1S/C7H6N4O3/c1-11-6(13)4-5(10-7(11)14)9-3(12)2-8-4/h2H,1H3,(H2,9,10,12,14)",0,pKa Data
Cc1nc2c(=O)[nH]c(=O)[nH]c2[nH]c1=O,Cc1nc2c(=O)[nH]c(=O)[nH]c2[nH]c1=O,sour,pKa between 2 and 7,IUPAC Dissocation Constants,0,Cc1nc2c(=O)[nH]c(=O)[nH]c2[nH]c1=O,3,"InChI=1S/C7H6N4O3/c1-2-5(12)9-4-3(8-2)6(13)11-7(14)10-4/h1H3,(H3,9,10,11,12,13,14)",0,pKa Data
Nc1cc(C(=O)O)cc([N+](=O)[O-])c1,Nc1cc(C(=O)O)cc([N+](=O)[O-])c1,sour,pKa between 2 and 7,IUPAC Dissocation Constants,0,Nc1cc(C(=O)O)cc([N+](=O)[O-])c1,3,"InChI=1S/C7H6N2O4/c8-5-1-4(7(10)11)2-6(3-5)9(12)13/h1-3H,8H2,(H,10,11)",0,pKa Data
Cn1c(=O)[nH]c(=O)c2[nH]c(=O)c(=O)[nH]c21,Cn1c(=O)[nH]c(=O)c2[nH]c(=O)c(=O)[nH]c21,sour,pKa between 2 and 7,IUPAC Dissocation Constants,0,Cn1c(=O)[nH]c(=O)c2[nH]c(=O)c(=O)[nH]c21,3,"InChI=1S/C7H6N4O4/c1-11-3-2(4(12)10-7(11)15)8-5(13)6(14)9-3/h1H3,(H,8,13)(H,9,14)(H,10,12,15)",0,pKa Data
Cn1c(=O)[nH]c2[nH]c(=O)c(=O)[nH]c2c1=O,Cn1c(=O)[nH]c2[nH]c(=O)c(=O)[nH]c2c1=O,sour,pKa between 2 and 7,IUPAC Dissocation Constants,0,Cn1c(=O)[nH]c2[nH]c(=O)c(=O)[nH]c2c1=O,3,"InChI=1S/C7H6N4O4/c1-11-6(14)2-3(10-7(11)15)9-5(13)4(12)8-2/h1H3,(H,8,12)(H2,9,10,13,15)",0,pKa Data
Cn1c(=O)c(=O)[nH]c2c(=O)[nH]c(=O)[nH]c21,Cn1c(=O)c(=O)[nH]c2c(=O)[nH]c(=O)[nH]c21,sour,pKa between 2 and 7,IUPAC Dissocation Constants,0,Cn1c(=O)c(=O)[nH]c2c(=O)[nH]c(=O)[nH]c21,3,"InChI=1S/C7H6N4O4/c1-11-3-2(8-5(13)6(11)14)4(12)10-7(15)9-3/h1H3,(H,8,13)(H2,9,10,12,15)",0,pKa Data
Cc1cc([N+](=O)[O-])cc([N+](=O)[O-])c1O,Cc1cc([N+](=O)[O-])cc([N+](=O)[O-])c1O,sour,pKa between 2 and 7,IUPAC Dissocation Constants,0,Cc1cc([N+](=O)[O-])cc([N+](=O)[O-])c1O,3,"InChI=1S/C7H6N2O5/c1-4-2-5(8(11)12)3-6(7(4)10)9(13)14/h2-3,10H,1H3",0,pKa Data
Cc1cc([N+](=O)[O-])c(O)c([N+](=O)[O-])c1,Cc1cc([N+](=O)[O-])c(O)c([N+](=O)[O-])c1,sour,pKa between 2 and 7,IUPAC Dissocation Constants,0,Cc1cc([N+](=O)[O-])c(O)c([N+](=O)[O-])c1,3,"InChI=1S/C7H6N2O5/c1-4-2-5(8(11)12)7(10)6(3-4)9(13)14/h2-3,10H,1H3",0,pKa Data
S=c1nn[nH]n1-c1ccccc1,S=c1nn[nH]n1-c1ccccc1,sour,pKa between 2 and 7,IUPAC Dissocation Constants,0,S=c1nn[nH]n1-c1ccccc1,3,"InChI=1S/C7H6N4S/c12-7-8-9-10-11(7)6-4-2-1-3-5-6/h1-5H,(H,8,10,12)",0,pKa Data
Cn1c(N)nc(=O)c2nccnc21,Cn1c(N)nc(=O)c2nccnc21,sour,pKa between 2 and 7,IUPAC Dissocation Constants,0,Cn1c(N)nc(=O)c2nccnc21,3,"InChI=1S/C7H7N5O/c1-12-5-4(9-2-3-10-5)6(13)11-7(12)8/h2-3H,1H3,(H2,8,11,13)",0,pKa Data
Cn1c(N)nc2nccnc2c1=O,Cn1c(N)nc2nccnc2c1=O,sour,pKa between 2 and 7,IUPAC Dissocation Constants,0,Cn1c(N)nc2nccnc2c1=O,3,"InChI=1S/C7H7N5O/c1-12-6(13)4-5(11-7(12)8)10-3-2-9-4/h2-3H,1H3,(H2,8,10,11)",0,pKa Data
COc1ccc(O)c(N=O)c1,COc1ccc(O)c(N=O)c1,sour,pKa between 2 and 7,IUPAC Dissocation Constants,0,COc1ccc(O)c(N=O)c1,3,"InChI=1S/C7H7NO3/c1-11-5-2-3-7(9)6(4-5)8-10/h2-4,9H,1H3",0,pKa Data
O=C(O)c1cccc(CO)n1,O=C(O)c1cccc(CO)n1,sour,pKa between 2 and 7,IUPAC Dissocation Constants,0,O=C(O)c1cccc(CO)n1,3,"InChI=1S/C7H7NO3/c9-4-5-2-1-3-6(8-5)7(10)11/h1-3,9H,4H2,(H,10,11)",0,pKa Data
NNC(=O)c1ccccc1[N+](=O)[O-],NNC(=O)c1ccccc1[N+](=O)[O-],sour,pKa between 2 and 7,IUPAC Dissocation Constants,0,NNC(=O)c1ccccc1[N+](=O)[O-],3,"InChI=1S/C7H7N3O3/c8-9-7(11)5-3-1-2-4-6(5)10(12)13/h1-4H,8H2,(H,9,11)",0,pKa Data
NNC(=O)c1cccc([N+](=O)[O-])c1,NNC(=O)c1cccc([N+](=O)[O-])c1,sour,pKa between 2 and 7,IUPAC Dissocation Constants,0,NNC(=O)c1cccc([N+](=O)[O-])c1,3,"InChI=1S/C7H7N3O3/c8-9-7(11)5-2-1-3-6(4-5)10(12)13/h1-4H,8H2,(H,9,11)",0,pKa Data
NNC(=O)c1ccc([N+](=O)[O-])cc1,NNC(=O)c1ccc([N+](=O)[O-])cc1,sour,pKa between 2 and 7,IUPAC Dissocation Constants,0,NNC(=O)c1ccc([N+](=O)[O-])cc1,3,"InChI=1S/C7H7N3O3/c8-9-7(11)5-1-3-6(4-2-5)10(12)13/h1-4H,8H2,(H,9,11)",0,pKa Data
COc1cc([N+](=O)[O-])ccc1O,COc1cc([N+](=O)[O-])ccc1O,sour,pKa between 2 and 7,IUPAC Dissocation Constants,0,COc1cc([N+](=O)[O-])ccc1O,3,"InChI=1S/C7H7NO4/c1-12-7-4-5(8(10)11)2-3-6(7)9/h2-4,9H,1H3",0,pKa Data
COc1cccc([N+](=O)[O-])c1O,COc1cccc([N+](=O)[O-])c1O,sour,pKa between 2 and 7,IUPAC Dissocation Constants,0,COc1cccc([N+](=O)[O-])c1O,3,"InChI=1S/C7H7NO4/c1-12-6-4-2-3-5(7(6)9)8(10)11/h2-4,9H,1H3",0,pKa Data
COc1cc(O)ccc1[N+](=O)[O-],COc1cc(O)ccc1[N+](=O)[O-],sour,pKa between 2 and 7,IUPAC Dissocation Constants,0,COc1cc(O)ccc1[N+](=O)[O-],3,"InChI=1S/C7H7NO4/c1-12-7-4-5(9)2-3-6(7)8(10)11/h2-4,9H,1H3",0,pKa Data
COc1ccc([N+](=O)[O-])c(O)c1,COc1ccc([N+](=O)[O-])c(O)c1,sour,pKa between 2 and 7,IUPAC Dissocation Constants,0,COc1ccc([N+](=O)[O-])c(O)c1,3,"InChI=1S/C7H7NO4/c1-12-5-2-3-6(8(10)11)7(9)4-5/h2-4,9H,1H3",0,pKa Data
NNC(=O)c1ccccc1,NNC(=O)c1ccccc1,sour,pKa between 2 and 7,IUPAC Dissocation Constants,0,NNC(=O)c1ccccc1,3,"InChI=1S/C7H8N2O/c8-9-7(10)6-4-2-1-3-5-6/h1-5H,8H2,(H,9,10)",0,pKa Data
COc1cccc(S)c1,COc1cccc(S)c1,sour,pKa between 2 and 7,IUPAC Dissocation Constants,0,COc1cccc(S)c1,3,"InChI=1S/C7H8OS/c1-8-6-3-2-4-7(9)5-6/h2-5,9H,1H3",0,pKa Data
COc1ccc(S)cc1,COc1ccc(S)cc1,sour,pKa between 2 and 7,IUPAC Dissocation Constants,0,COc1ccc(S)cc1,3,"InChI=1S/C7H8OS/c1-8-6-2-4-7(9)5-3-6/h2-5,9H,1H3",0,pKa Data
Cn1c(=O)[nH]c2c(ncn2C)c1=O,Cn1c(=O)[nH]c2c(ncn2C)c1=O,sour,pKa between 2 and 7,IUPAC Dissocation Constants,0,Cn1c(=O)[nH]c2c(ncn2C)c1=O,3,"InChI=1S/C7H8N4O2/c1-10-3-8-4-5(10)9-7(13)11(2)6(4)12/h3H,1-2H3,(H,9,13)",0,pKa Data
Cc1nc2c(=O)[nH]c(=O)[nH]c2n1C,Cc1nc2c(=O)[nH]c(=O)[nH]c2n1C,sour,pKa between 2 and 7,IUPAC Dissocation Constants,0,Cc1nc2c(=O)[nH]c(=O)[nH]c2n1C,3,"InChI=1S/C7H8N4O2/c1-3-8-4-5(11(3)2)9-7(13)10-6(4)12/h1-2H3,(H2,9,10,12,13)",0,pKa Data
CCn1cnc2c(=O)[nH]c(=O)[nH]c21,CCn1cnc2c(=O)[nH]c(=O)[nH]c21,sour,pKa between 2 and 7,IUPAC Dissocation Constants,0,CCn1cnc2c(=O)[nH]c(=O)[nH]c21,3,"InChI=1S/C7H8N4O2/c1-2-11-3-8-4-5(11)9-7(13)10-6(4)12/h3H,2H2,1H3,(H2,9,10,12,13)",0,pKa Data
Cc1ccc(S(=O)O)cc1,Cc1ccc(S(=O)O)cc1,sour,pKa between 2 and 7,IUPAC Dissocation Constants,0,Cc1ccc(S(=O)O)cc1,3,"InChI=1S/C7H8O2S/c1-6-2-4-7(5-3-6)10(8)9/h2-5H,1H3,(H,8,9)",0,pKa Data
CCc1ccc(C(=O)O)s1,CCc1ccc(C(=O)O)s1,sour,pKa between 2 and 7,IUPAC Dissocation Constants,0,CCc1ccc(C(=O)O)s1,3,"InChI=1S/C7H8O2S/c1-2-5-3-4-6(10-5)7(8)9/h3-4H,2H2,1H3,(H,8,9)",0,pKa Data
C=CCc1c(O)[nH]c(=O)[nH]c1=O,C=CCc1c(O)[nH]c(=O)[nH]c1=O,sour,pKa between 2 and 7,IUPAC Dissocation Constants,0,C=CCc1c(O)[nH]c(=O)[nH]c1=O,3,"InChI=1S/C7H8N2O3/c1-2-3-4-5(10)8-7(12)9-6(4)11/h2H,1,3H2,(H3,8,9,10,11,12)",0,pKa Data
CNC(=O)c1nc(C=O)c(N)[nH]c1=O,CNC(=O)c1nc(C=O)c(N)[nH]c1=O,sour,pKa between 2 and 7,IUPAC Dissocation Constants,0,CNC(=O)c1nc(C=O)c(N)[nH]c1=O,3,"InChI=1S/C7H8N4O3/c1-9-6(13)4-7(14)11-5(8)3(2-12)10-4/h2H,1H3,(H,9,13)(H3,8,11,14)",0,pKa Data
O=c1[nH]c(=O)c2ncn(CCO)c2[nH]1,O=c1[nH]c(=O)c2ncn(CCO)c2[nH]1,sour,pKa between 2 and 7,IUPAC Dissocation Constants,0,O=c1[nH]c(=O)c2ncn(CCO)c2[nH]1,3,"InChI=1S/C7H8N4O3/c12-2-1-11-3-8-4-5(11)9-7(14)10-6(4)13/h3,12H,1-2H2,(H2,9,10,13,14)",0,pKa Data
COc1ccc(S(=O)O)cc1,COc1ccc(S(=O)O)cc1,sour,pKa between 2 and 7,IUPAC Dissocation Constants,0,COc1ccc(S(=O)O)cc1,3,"InChI=1S/C7H8O3S/c1-10-6-2-4-7(5-3-6)11(8)9/h2-5H,1H3,(H,8,9)",0,pKa Data
Cc1cc(C)n(CC(=O)O)n1,Cc1cc(C)n(CC(=O)O)n1,sour,pKa between 2 and 7,IUPAC Dissocation Constants,0,Cc1cc(C)n(CC(=O)O)n1,3,"InChI=1S/C7H10N2O2/c1-5-3-6(2)9(8-5)4-7(10)11/h3H,4H2,1-2H3,(H,10,11)",0,pKa Data
O=C(O)CCC(CCC(=O)O)([N+](=O)[O-])[N+](=O)[O-],O=C(O)CCC(CCC(=O)O)([N+](=O)[O-])[N+](=O)[O-],sour,pKa between 2 and 7,IUPAC Dissocation Constants,0,O=C(O)CCC(CCC(=O)O)([N+](=O)[O-])[N+](=O)[O-],3,"InChI=1S/C7H10N2O8/c10-5(11)1-3-7(8(14)15,9(16)17)4-2-6(12)13/h1-4H2,(H,10,11)(H,12,13)",0,pKa Data
CNc1nc(=O)n(C)cc1C,CNc1nc(=O)n(C)cc1C,sour,pKa between 2 and 7,IUPAC Dissocation Constants,0,CNc1nc(=O)n(C)cc1C,3,"InChI=1S/C7H11N3O/c1-5-4-10(3)7(11)9-6(5)8-2/h4H,1-3H3,(H,8,9,11)",0,pKa Data
CN(C)c1ccn(C)c(=O)n1,CN(C)c1ccn(C)c(=O)n1,sour,pKa between 2 and 7,IUPAC Dissocation Constants,0,CN(C)c1ccn(C)c(=O)n1,3,"InChI=1S/C7H11N3O/c1-9(2)6-4-5-10(3)7(11)8-6/h4-5H,1-3H3",0,pKa Data
O=C(O)[C@H]1CC[C@H](Cl)CC1,O=C(O)[C@H]1CC[C@H](Cl)CC1,sour,pKa between 2 and 7,IUPAC Dissocation Constants,0,O=C(O)[C@H]1CC[C@H](Cl)CC1,3,"InChI=1S/C7H11ClO2/c8-6-3-1-5(2-4-6)7(9)10/h5-6H,1-4H2,(H,9,10)",0,pKa Data
O=C(O)CCN(CC(=O)O)CC(=O)O,O=C(O)CCN(CC(=O)O)CC(=O)O,sour,pKa between 2 and 7,IUPAC Dissocation Constants,0,O=C(O)CCN(CC(=O)O)CC(=O)O,3,"InChI=1S/C7H11NO6/c9-5(10)1-2-8(3-6(11)12)4-7(13)14/h1-4H2,(H,9,10)(H,11,12)(H,13,14)",0,pKa Data
CC(C(=O)O)N(CC(=O)O)CC(=O)O,CC(C(=O)O)N(CC(=O)O)CC(=O)O,sour,pKa between 2 and 7,IUPAC Dissocation Constants,0,CC(C(=O)O)N(CC(=O)O)CC(=O)O,3,"InChI=1S/C7H11NO6/c1-4(7(13)14)8(2-5(9)10)3-6(11)12/h4H,2-3H2,1H3,(H,9,10)(H,11,12)(H,13,14)",0,pKa Data
O=C(O)CCC(CCC(=O)O)[N+](=O)[O-],O=C(O)CCC(CCC(=O)O)[N+](=O)[O-],sour,pKa between 2 and 7,IUPAC Dissocation Constants,0,O=C(O)CCC(CCC(=O)O)[N+](=O)[O-],3,"InChI=1S/C7H11NO6/c9-6(10)3-1-5(8(13)14)2-4-7(11)12/h5H,1-4H2,(H,9,10)(H,11,12)",0,pKa Data
O=C(O)CN(CC(=O)O)C(CO)C(=O)O,O=C(O)CN(CC(=O)O)C(CO)C(=O)O,sour,pKa between 2 and 7,IUPAC Dissocation Constants,0,O=C(O)CN(CC(=O)O)C(CO)C(=O)O,3,"InChI=1S/C7H11NO7/c9-3-4(7(14)15)8(1-5(10)11)2-6(12)13/h4,9H,1-3H2,(H,10,11)(H,12,13)(H,14,15)",0,pKa Data
CC1(CCCCC(=O)O)N=N1,CC1(CCCCC(=O)O)N=N1,sour,pKa between 2 and 7,IUPAC Dissocation Constants,0,CC1(CCCCC(=O)O)N=N1,3,"InChI=1S/C7H12N2O2/c1-7(8-9-7)5-3-2-4-6(10)11/h2-5H2,1H3,(H,10,11)",0,pKa Data
C=CCCCSCC(=O)O,C=CCCCSCC(=O)O,sour,pKa between 2 and 7,IUPAC Dissocation Constants,0,C=CCCCSCC(=O)O,3,"InChI=1S/C7H12O2S/c1-2-3-4-5-10-6-7(8)9/h2H,1,3-6H2,(H,8,9)",0,pKa Data
CC(SC(C)(C)C(=O)O)C(=O)O,CC(SC(C)(C)C(=O)O)C(=O)O,sour,pKa between 2 and 7,IUPAC Dissocation Constants,0,CC(SC(C)(C)C(=O)O)C(=O)O,3,"InChI=1S/C7H12O4S/c1-4(5(8)9)12-7(2,3)6(10)11/h4H,1-3H3,(H,8,9)(H,10,11)",0,pKa Data
CCOC(=O)CSC(C)C(=O)O,CCOC(=O)CSC(C)C(=O)O,sour,pKa between 2 and 7,IUPAC Dissocation Constants,0,CCOC(=O)CSC(C)C(=O)O,3,"InChI=1S/C7H12O4S/c1-3-11-6(8)4-12-5(2)7(9)10/h5H,3-4H2,1-2H3,(H,9,10)",0,pKa Data
CCOC(=O)C(C)SCC(=O)O,CCOC(=O)C(C)SCC(=O)O,sour,pKa between 2 and 7,IUPAC Dissocation Constants,0,CCOC(=O)C(C)SCC(=O)O,3,"InChI=1S/C7H12O4S/c1-3-11-7(10)5(2)12-4-6(8)9/h5H,3-4H2,1-2H3,(H,8,9)",0,pKa Data
O=C(O)CCSCSCCC(=O)O,O=C(O)CCSCSCCC(=O)O,sour,pKa between 2 and 7,IUPAC Dissocation Constants,0,O=C(O)CCSCSCCC(=O)O,3,"InChI=1S/C7H12O4S2/c8-6(9)1-3-12-5-13-4-2-7(10)11/h1-5H2,(H,8,9)(H,10,11)",0,pKa Data
S=C(S)NC1CCCCC1,S=C(S)NC1CCCCC1,sour,pKa between 2 and 7,IUPAC Dissocation Constants,0,S=C(S)NC1CCCCC1,3,"InChI=1S/C7H13NS2/c9-7(10)8-6-4-2-1-3-5-6/h6H,1-5H2,(H2,8,9,10)",0,pKa Data
CCCCCSCC(=O)O,CCCCCSCC(=O)O,sour,pKa between 2 and 7,IUPAC Dissocation Constants,0,CCCCCSCC(=O)O,3,"InChI=1S/C7H14O2S/c1-2-3-4-5-10-6-7(8)9/h2-6H2,1H3,(H,8,9)",0,pKa Data
NCCCCCCC(=O)O,NCCCCCCC(=O)O,sour,pKa between 2 and 7,IUPAC Dissocation Constants,0,NCCCCCCC(=O)O,3,"InChI=1S/C7H15NO2/c8-6-4-2-1-3-5-7(9)10/h1-6,8H2,(H,9,10)",0,pKa Data
CCCN(CCC)C(=S)S,CCCN(CCC)C(=S)S,sour,pKa between 2 and 7,IUPAC Dissocation Constants,0,CCCN(CCC)C(=S)S,3,"InChI=1S/C7H15NS2/c1-3-5-8(6-4-2)7(9)10/h3-6H2,1-2H3,(H,9,10)",0,pKa Data
CCCCCCNC(=S)S,CCCCCCNC(=S)S,sour,pKa between 2 and 7,IUPAC Dissocation Constants,0,CCCCCCNC(=S)S,3,"InChI=1S/C7H15NS2/c1-2-3-4-5-6-8-7(9)10/h2-6H2,1H3,(H2,8,9,10)",0,pKa Data
N#Cc1cc(Cl)c(O)c(Cl)c1,N#Cc1cc(Cl)c(O)c(Cl)c1,sour,pKa between 2 and 7,IUPAC Dissocation Constants,0,N#Cc1cc(Cl)c(O)c(Cl)c1,3,"InChI=1S/C7H3Cl2NO/c8-5-1-4(3-10)2-6(9)7(5)11/h1-2,11H",0,pKa Data
N#Cc1c(O)cccc1Cl,N#Cc1c(O)cccc1Cl,sour,pKa between 2 and 7,IUPAC Dissocation Constants,0,N#Cc1c(O)cccc1Cl,3,"InChI=1S/C7H4ClNO/c8-6-2-1-3-7(10)5(6)4-9/h1-3,10H",0,pKa Data
N#Cc1cc(Cl)ccc1O,N#Cc1cc(Cl)ccc1O,sour,pKa between 2 and 7,IUPAC Dissocation Constants,0,N#Cc1cc(Cl)ccc1O,3,"InChI=1S/C7H4ClNO/c8-6-1-2-7(10)5(3-6)4-9/h1-3,10H",0,pKa Data
O=Cc1cc(Cl)cc([N+](=O)[O-])c1O,O=Cc1cc(Cl)cc([N+](=O)[O-])c1O,sour,pKa between 2 and 7,IUPAC Dissocation Constants,0,O=Cc1cc(Cl)cc([N+](=O)[O-])c1O,3,"InChI=1S/C7H4ClNO4/c8-5-1-4(3-10)7(11)6(2-5)9(12)13/h1-3,11H",0,pKa Data
O=Cc1cc([N+](=O)[O-])cc(Br)c1O,O=Cc1cc([N+](=O)[O-])cc(Br)c1O,sour,pKa between 2 and 7,IUPAC Dissocation Constants,0,O=Cc1cc([N+](=O)[O-])cc(Br)c1O,3,"InChI=1S/C7H4BrNO4/c8-6-2-5(9(12)13)1-4(3-10)7(6)11/h1-3,11H",0,pKa Data
O=Cc1cc(Br)cc([N+](=O)[O-])c1O,O=Cc1cc(Br)cc([N+](=O)[O-])c1O,sour,pKa between 2 and 7,IUPAC Dissocation Constants,0,O=Cc1cc(Br)cc([N+](=O)[O-])c1O,3,"InChI=1S/C7H4BrNO4/c8-5-1-4(3-10)7(11)6(2-5)9(12)13/h1-3,11H",0,pKa Data
S=c1[nH]c2ccccc2o1,S=c1[nH]c2ccccc2o1,sour,pKa between 2 and 7,IUPAC Dissocation Constants,0,S=c1[nH]c2ccccc2o1,3,"InChI=1S/C7H5NOS/c10-7-8-5-3-1-2-4-6(5)9-7/h1-4H,(H,8,10)",0,pKa Data
Cc1c(Cl)cc([N+](=O)[O-])c(O)c1[N+](=O)[O-],Cc1c(Cl)cc([N+](=O)[O-])c(O)c1[N+](=O)[O-],sour,pKa between 2 and 7,IUPAC Dissocation Constants,0,Cc1c(Cl)cc([N+](=O)[O-])c(O)c1[N+](=O)[O-],3,"InChI=1S/C7H5ClN2O5/c1-3-4(8)2-5(9(12)13)7(11)6(3)10(14)15/h2,11H,1H3",0,pKa Data
O=Nc1c(O)cc(S(=O)(=O)O)c2cn[nH]c12,O=Nc1c(O)cc(S(=O)(=O)O)c2cn[nH]c12,sour,pKa between 2 and 7,IUPAC Dissocation Constants,0,O=Nc1c(O)cc(S(=O)(=O)O)c2cn[nH]c12,3,"InChI=1S/C7H5N3O5S/c11-4-1-5(16(13,14)15)3-2-8-9-6(3)7(4)10-12/h1-2,11H,(H,8,9)(H,13,14,15)",0,pKa Data
O=Nc1cc(S(=O)(=O)O)c2cn[nH]c2c1O,O=Nc1cc(S(=O)(=O)O)c2cn[nH]c2c1O,sour,pKa between 2 and 7,IUPAC Dissocation Constants,0,O=Nc1cc(S(=O)(=O)O)c2cn[nH]c2c1O,3,"InChI=1S/C7H5N3O5S/c11-7-4(10-12)1-5(16(13,14)15)3-2-8-9-6(3)7/h1-2,11H,(H,8,9)(H,13,14,15)",0,pKa Data
NNC(=O)c1cccc(Cl)c1,NNC(=O)c1cccc(Cl)c1,sour,pKa between 2 and 7,IUPAC Dissocation Constants,0,NNC(=O)c1cccc(Cl)c1,3,"InChI=1S/C7H7ClN2O/c8-6-3-1-2-5(4-6)7(11)10-9/h1-4H,9H2,(H,10,11)",0,pKa Data
NNC(=O)c1ccc(Cl)cc1,NNC(=O)c1ccc(Cl)cc1,sour,pKa between 2 and 7,IUPAC Dissocation Constants,0,NNC(=O)c1ccc(Cl)cc1,3,"InChI=1S/C7H7ClN2O/c8-6-3-1-5(2-4-6)7(11)10-9/h1-4H,9H2,(H,10,11)",0,pKa Data
NS(=O)(=O)c1cccc(C(=O)O)c1,NS(=O)(=O)c1cccc(C(=O)O)c1,sour,pKa between 2 and 7,IUPAC Dissocation Constants,0,NS(=O)(=O)c1cccc(C(=O)O)c1,3,"InChI=1S/C7H7NO4S/c8-13(11,12)6-3-1-2-5(4-6)7(9)10/h1-4H,(H,9,10)(H2,8,11,12)",0,pKa Data
NS(=O)(=O)c1ccc(C(=O)O)cc1,NS(=O)(=O)c1ccc(C(=O)O)cc1,sour,pKa between 2 and 7,IUPAC Dissocation Constants,0,NS(=O)(=O)c1ccc(C(=O)O)cc1,3,"InChI=1S/C7H7NO4S/c8-13(11,12)6-3-1-5(2-4-6)7(9)10/h1-4H,(H,9,10)(H2,8,11,12)",0,pKa Data
O=[PH](O)Cc1ccc(Cl)cc1,O=[PH](O)Cc1ccc(Cl)cc1,sour,pKa between 2 and 7,IUPAC Dissocation Constants,0,O=[PH](O)Cc1ccc(Cl)cc1,3,"InChI=1S/C7H8ClO2P/c8-7-3-1-6(2-4-7)5-11(9)10/h1-4,11H,5H2,(H,9,10)",0,pKa Data
CCOC(=O)c1c[nH]c(=S)[nH]c1=O,CCOC(=O)c1c[nH]c(=S)[nH]c1=O,sour,pKa between 2 and 7,IUPAC Dissocation Constants,0,CCOC(=O)c1c[nH]c(=S)[nH]c1=O,3,"InChI=1S/C7H8N2O3S/c1-2-12-6(11)4-3-8-7(13)9-5(4)10/h3H,2H2,1H3,(H2,8,9,10,13)",0,pKa Data
CCSc1nc(=O)c(C(=O)O)c[nH]1,CCSc1nc(=O)c(C(=O)O)c[nH]1,sour,pKa between 2 and 7,IUPAC Dissocation Constants,0,CCSc1nc(=O)c(C(=O)O)c[nH]1,3,"InChI=1S/C7H8N2O3S/c1-2-13-7-8-3-4(6(11)12)5(10)9-7/h3H,2H2,1H3,(H,11,12)(H,8,9,10)",0,pKa Data
O=S(=O)(O)CCc1ccccn1,O=S(=O)(O)CCc1ccccn1,sour,pKa between 2 and 7,IUPAC Dissocation Constants,0,O=S(=O)(O)CCc1ccccn1,3,"InChI=1S/C7H9NO3S/c9-12(10,11)6-4-7-3-1-2-5-8-7/h1-3,5H,4,6H2,(H,9,10,11)",0,pKa Data
Cc1cccc(C(O)S(=O)(=O)O)n1,Cc1cccc(C(O)S(=O)(=O)O)n1,sour,pKa between 2 and 7,IUPAC Dissocation Constants,0,Cc1cccc(C(O)S(=O)(=O)O)n1,3,"InChI=1S/C7H9NO4S/c1-5-3-2-4-6(8-5)7(9)13(10,11)12/h2-4,7,9H,1H3,(H,10,11,12)",0,pKa Data
O=Cc1cccc(C(=O)O)c1,O=Cc1cccc(C(=O)O)c1,sour,pKa between 2 and 7,IUPAC Dissocation Constants,0,O=Cc1cccc(C(=O)O)c1,3,"InChI=1S/C8H6O3/c9-5-6-2-1-3-7(4-6)8(10)11/h1-5H,(H,10,11)",0,pKa Data
O=Cc1ccc(C(=O)O)cc1,O=Cc1ccc(C(=O)O)cc1,sour,pKa between 2 and 7,IUPAC Dissocation Constants,0,O=Cc1ccc(C(=O)O)cc1,3,"InChI=1S/C8H6O3/c9-5-6-1-3-7(4-2-6)8(10)11/h1-5H,(H,10,11)",0,pKa Data
O=C(O)c1cccccc1=O,O=C(O)c1cccccc1=O,sour,pKa between 2 and 7,IUPAC Dissocation Constants,0,O=C(O)c1cccccc1=O,3,"InChI=1S/C8H6O3/c9-7-5-3-1-2-4-6(7)8(10)11/h1-5H,(H,10,11)",0,pKa Data
O=C(O)c1ccccc1C(=O)O,O=C(O)c1ccccc1C(=O)O,sour,pKa between 2 and 7,IUPAC Dissocation Constants,0,O=C(O)c1ccccc1C(=O)O,3,"InChI=1S/C8H6O4/c9-7(10)5-3-1-2-4-6(5)8(11)12/h1-4H,(H,9,10)(H,11,12)",0,pKa Data
O=C(O)c1cccc(C(=O)O)c1,O=C(O)c1cccc(C(=O)O)c1,sour,pKa between 2 and 7,IUPAC Dissocation Constants,0,O=C(O)c1cccc(C(=O)O)c1,3,"InChI=1S/C8H6O4/c9-7(10)5-2-1-3-6(4-5)8(11)12/h1-4H,(H,9,10)(H,11,12)",0,pKa Data
O=C(O)c1ccc(C(=O)O)cc1,O=C(O)c1ccc(C(=O)O)cc1,sour,pKa between 2 and 7,IUPAC Dissocation Constants,0,O=C(O)c1ccc(C(=O)O)cc1,3,"InChI=1S/C8H6O4/c9-7(10)5-1-2-6(4-3-5)8(11)12/h1-4H,(H,9,10)(H,11,12)",0,pKa Data
O=C(O)c1ccccc(O)c1=O,O=C(O)c1ccccc(O)c1=O,sour,pKa between 2 and 7,IUPAC Dissocation Constants,0,O=C(O)c1ccccc(O)c1=O,3,"InChI=1S/C8H6O4/c9-6-4-2-1-3-5(7(6)10)8(11)12/h1-4H,(H,9,10)(H,11,12)",0,pKa Data
O=C(O)c1ccc(O)c(=O)cc1,O=C(O)c1ccc(O)c(=O)cc1,sour,pKa between 2 and 7,IUPAC Dissocation Constants,0,O=C(O)c1ccc(O)c(=O)cc1,3,"InChI=1S/C8H6O4/c9-6-3-1-5(8(11)12)2-4-7(6)10/h1-4H,(H,9,10)(H,11,12)",0,pKa Data
O=C(O)c1cccc(O)c(=O)c1,O=C(O)c1cccc(O)c(=O)c1,sour,pKa between 2 and 7,IUPAC Dissocation Constants,0,O=C(O)c1cccc(O)c(=O)c1,3,"InChI=1S/C8H6O4/c9-6-3-1-2-5(8(11)12)4-7(6)10/h1-4H,(H,9,10)(H,11,12)",0,pKa Data
Cc1ccccc1C(=O)O,Cc1ccccc1C(=O)O,sour,pKa between 2 and 7,IUPAC Dissocation Constants,0,Cc1ccccc1C(=O)O,3,"InChI=1S/C8H8O2/c1-6-4-2-3-5-7(6)8(9)10/h2-5H,1H3,(H,9,10)",0,pKa Data
Cc1cccc(C(=O)O)c1,Cc1cccc(C(=O)O)c1,sour,pKa between 2 and 7,IUPAC Dissocation Constants,0,Cc1cccc(C(=O)O)c1,3,"InChI=1S/C8H8O2/c1-6-3-2-4-7(5-6)8(9)10/h2-5H,1H3,(H,9,10)",0,pKa Data
Cc1ccc(C(=O)O)cc1,Cc1ccc(C(=O)O)cc1,sour,pKa between 2 and 7,IUPAC Dissocation Constants,0,Cc1ccc(C(=O)O)cc1,3,"InChI=1S/C8H8O2/c1-6-2-4-7(5-3-6)8(9)10/h2-5H,1H3,(H,9,10)",0,pKa Data
O=C(O)C(O)c1ccccc1,O=C(O)C(O)c1ccccc1,sour,pKa between 2 and 7,IUPAC Dissocation Constants,0,O=C(O)C(O)c1ccccc1,3,"InChI=1S/C8H8O3/c9-7(8(10)11)6-4-2-1-3-5-6/h1-5,7,9H,(H,10,11)",0,pKa Data
Cc1cccc(C(=O)O)c1O,Cc1cccc(C(=O)O)c1O,sour,pKa between 2 and 7,IUPAC Dissocation Constants,0,Cc1cccc(C(=O)O)c1O,3,"InChI=1S/C8H8O3/c1-5-3-2-4-6(7(5)9)8(10)11/h2-4,9H,1H3,(H,10,11)",0,pKa Data
Cc1ccc(C(=O)O)c(O)c1,Cc1ccc(C(=O)O)c(O)c1,sour,pKa between 2 and 7,IUPAC Dissocation Constants,0,Cc1ccc(C(=O)O)c(O)c1,3,"InChI=1S/C8H8O3/c1-5-2-3-6(8(10)11)7(9)4-5/h2-4,9H,1H3,(H,10,11)",0,pKa Data
Cc1ccc(O)c(C(=O)O)c1,Cc1ccc(O)c(C(=O)O)c1,sour,pKa between 2 and 7,IUPAC Dissocation Constants,0,Cc1ccc(O)c(C(=O)O)c1,3,"InChI=1S/C8H8O3/c1-5-2-3-7(9)6(4-5)8(10)11/h2-4,9H,1H3,(H,10,11)",0,pKa Data
Cc1cccc(O)c1C(=O)O,Cc1cccc(O)c1C(=O)O,sour,pKa between 2 and 7,IUPAC Dissocation Constants,0,Cc1cccc(O)c1C(=O)O,3,"InChI=1S/C8H8O3/c1-5-3-2-4-6(9)7(5)8(10)11/h2-4,9H,1H3,(H,10,11)",0,pKa Data
COc1ccccc1C(=O)O,COc1ccccc1C(=O)O,sour,pKa between 2 and 7,IUPAC Dissocation Constants,0,COc1ccccc1C(=O)O,3,"InChI=1S/C8H8O3/c1-11-7-5-3-2-4-6(7)8(9)10/h2-5H,1H3,(H,9,10)",0,pKa Data
COc1cccc(C(=O)O)c1,COc1cccc(C(=O)O)c1,sour,pKa between 2 and 7,IUPAC Dissocation Constants,0,COc1cccc(C(=O)O)c1,3,"InChI=1S/C8H8O3/c1-11-7-4-2-3-6(5-7)8(9)10/h2-5H,1H3,(H,9,10)",0,pKa Data
O=C(O)Cc1ccc(O)c(O)c1,O=C(O)Cc1ccc(O)c(O)c1,sour,pKa between 2 and 7,IUPAC Dissocation Constants,0,O=C(O)Cc1ccc(O)c(O)c1,3,"InChI=1S/C8H8O4/c9-6-2-1-5(3-7(6)10)4-8(11)12/h1-3,9-10H,4H2,(H,11,12)",0,pKa Data
O=C(O)COc1ccccc1O,O=C(O)COc1ccccc1O,sour,pKa between 2 and 7,IUPAC Dissocation Constants,0,O=C(O)COc1ccccc1O,3,"InChI=1S/C8H8O4/c9-6-3-1-2-4-7(6)12-5-8(10)11/h1-4,9H,5H2,(H,10,11)",0,pKa Data
COc1ccc(C(=O)O)c(O)c1,COc1ccc(C(=O)O)c(O)c1,sour,pKa between 2 and 7,IUPAC Dissocation Constants,0,COc1ccc(C(=O)O)c(O)c1,3,"InChI=1S/C8H8O4/c1-12-5-2-3-6(8(10)11)7(9)4-5/h2-4,9H,1H3,(H,10,11)",0,pKa Data
COc1ccc(O)c(C(=O)O)c1,COc1ccc(O)c(C(=O)O)c1,sour,pKa between 2 and 7,IUPAC Dissocation Constants,0,COc1ccc(O)c(C(=O)O)c1,3,"InChI=1S/C8H8O4/c1-12-5-2-3-7(9)6(4-5)8(10)11/h2-4,9H,1H3,(H,10,11)",0,pKa Data
COc1ccc(C(=O)O)cc1O,COc1ccc(C(=O)O)cc1O,sour,pKa between 2 and 7,IUPAC Dissocation Constants,0,COc1ccc(C(=O)O)cc1O,3,"InChI=1S/C8H8O4/c1-12-7-3-2-5(8(10)11)4-6(7)9/h2-4,9H,1H3,(H,10,11)",0,pKa Data
O=C(O)C1=C(C(=O)O)CC=CC1,O=C(O)C1=C(C(=O)O)CC=CC1,sour,pKa between 2 and 7,IUPAC Dissocation Constants,0,O=C(O)C1=C(C(=O)O)CC=CC1,3,"InChI=1S/C8H8O4/c9-7(10)5-3-1-2-4-6(5)8(11)12/h1-2H,3-4H2,(H,9,10)(H,11,12)",0,pKa Data
O=C(O)C1=CC=CCC1C(=O)O,O=C(O)C1=CC=CCC1C(=O)O,sour,pKa between 2 and 7,IUPAC Dissocation Constants,0,O=C(O)C1=CC=CCC1C(=O)O,3,"InChI=1S/C8H8O4/c9-7(10)5-3-1-2-4-6(5)8(11)12/h1-4,9-12H",0,pKa Data
O=C(O)C1=CCC=CC1C(=O)O,O=C(O)C1=CCC=CC1C(=O)O,sour,pKa between 2 and 7,IUPAC Dissocation Constants,0,O=C(O)C1=CCC=CC1C(=O)O,3,"InChI=1S/C8H8O4/c9-7(10)5-3-1-2-4-6(5)8(11)12/h1,3-5H,2H2,(H,9,10)(H,11,12)",0,pKa Data
Cc1cc(=O)c(C(=O)O)c(C)o1,Cc1cc(=O)c(C(=O)O)c(C)o1,sour,pKa between 2 and 7,IUPAC Dissocation Constants,0,Cc1cc(=O)c(C(=O)O)c(C)o1,3,"InChI=1S/C8H8O4/c1-4-3-6(9)7(8(10)11)5(2)12-4/h3H,1-2H3,(H,10,11)",0,pKa Data
CCOC(=O)c1cc(=O)c(O)co1,CCOC(=O)c1cc(=O)c(O)co1,sour,pKa between 2 and 7,IUPAC Dissocation Constants,0,CCOC(=O)c1cc(=O)c(O)co1,3,"InChI=1S/C8H8O5/c1-2-12-8(11)7-3-5(9)6(10)4-13-7/h3-4,10H,2H2,1H3",0,pKa Data
CC1(C)C(=O)CC(=O)CC1=O,CC1(C)C(=O)CC(=O)CC1=O,sour,pKa between 2 and 7,IUPAC Dissocation Constants,0,CC1(C)C(=O)CC(=O)CC1=O,3,"InChI=1S/C8H10O3/c1-8(2)6(10)3-5(9)4-7(8)11/h3-4H2,1-2H3",0,pKa Data
O=C(O)C1=C(C(=O)O)CCCC1,O=C(O)C1=C(C(=O)O)CCCC1,sour,pKa between 2 and 7,IUPAC Dissocation Constants,0,O=C(O)C1=C(C(=O)O)CCCC1,3,"InChI=1S/C8H10O4/c9-7(10)5-3-1-2-4-6(5)8(11)12/h1-4H2,(H,9,10)(H,11,12)",0,pKa Data
O=C(O)C1=CCCCC1C(=O)O,O=C(O)C1=CCCCC1C(=O)O,sour,pKa between 2 and 7,IUPAC Dissocation Constants,0,O=C(O)C1=CCCCC1C(=O)O,3,"InChI=1S/C8H10O4/c9-7(10)5-3-1-2-4-6(5)8(11)12/h3,6H,1-2,4H2,(H,9,10)(H,11,12)",0,pKa Data
O=C(O)[C@H]1CC=CC[C@H]1C(=O)O,O=C(O)[C@H]1CC=CC[C@H]1C(=O)O,sour,pKa between 2 and 7,IUPAC Dissocation Constants,0,O=C(O)[C@H]1CC=CC[C@H]1C(=O)O,3,"InChI=1S/C8H10O4/c9-7(10)5-3-1-2-4-6(5)8(11)12/h1-2,5-6H,3-4H2,(H,9,10)(H,11,12)",0,pKa Data
O=C(O)[C@@H]1CC=CC[C@H]1C(=O)O,O=C(O)[C@@H]1CC=CC[C@H]1C(=O)O,sour,pKa between 2 and 7,IUPAC Dissocation Constants,0,O=C(O)[C@@H]1CC=CC[C@H]1C(=O)O,3,"InChI=1S/C8H10O4/c9-7(10)5-3-1-2-4-6(5)8(11)12/h1-2,5-6H,3-4H2,(H,9,10)(H,11,12)",0,pKa Data
O=C(O)C1CC=CCC1C(=O)O,O=C(O)C1CC=CCC1C(=O)O,sour,pKa between 2 and 7,IUPAC Dissocation Constants,0,O=C(O)C1CC=CCC1C(=O)O,3,"InChI=1S/C8H10O4/c9-7(10)5-3-1-2-4-6(5)8(11)12/h1-2,5-6H,3-4H2,(H,9,10)(H,11,12)",0,pKa Data
COC(=O)C1=C(C(=O)O)CCC1,COC(=O)C1=C(C(=O)O)CCC1,sour,pKa between 2 and 7,IUPAC Dissocation Constants,0,COC(=O)C1=C(C(=O)O)CCC1,3,"InChI=1S/C8H10O4/c1-12-8(11)6-4-2-3-5(6)7(9)10/h2-4H2,1H3,(H,9,10)",0,pKa Data
O=C(O)C1C2CCC(O2)C1C(=O)O,O=C(O)C1C2CCC(O2)C1C(=O)O,sour,pKa between 2 and 7,IUPAC Dissocation Constants,0,O=C(O)C1C2CCC(O2)C1C(=O)O,3,"InChI=1S/C8H10O5/c9-7(10)5-3-1-2-4(13-3)6(5)8(11)12/h3-6H,1-2H2,(H,9,10)(H,11,12)",0,pKa Data
O=C(O)C12CCC(CC1)C2,O=C(O)C12CCC(CC1)C2,sour,pKa between 2 and 7,IUPAC Dissocation Constants,0,O=C(O)C12CCC(CC1)C2,3,"InChI=1S/C8H12O2/c9-7(10)8-3-1-6(5-8)2-4-8/h6H,1-5H2,(H,9,10)",0,pKa Data
CC1(C)CC(=O)CC(=O)C1,CC1(C)CC(=O)CC(=O)C1,sour,pKa between 2 and 7,IUPAC Dissocation Constants,0,CC1(C)CC(=O)CC(=O)C1,3,"InChI=1S/C8H12O2/c1-8(2)4-6(9)3-7(10)5-8/h3-5H2,1-2H3",0,pKa Data
CC(C)(C)CC#CC(=O)O,CC(C)(C)CC#CC(=O)O,sour,pKa between 2 and 7,IUPAC Dissocation Constants,0,CC(C)(C)CC#CC(=O)O,3,"InChI=1S/C8H12O2/c1-8(2,3)6-4-5-7(9)10/h6H2,1-3H3,(H,9,10)",0,pKa Data
O=C(O)CCC1CCCC1=O,O=C(O)CCC1CCCC1=O,sour,pKa between 2 and 7,IUPAC Dissocation Constants,0,O=C(O)CCC1CCCC1=O,3,"InChI=1S/C8H12O3/c9-7-3-1-2-6(7)4-5-8(10)11/h6H,1-5H2,(H,10,11)",0,pKa Data
O=C(O)CCCC1CCOC1=O,O=C(O)CCCC1CCOC1=O,sour,pKa between 2 and 7,IUPAC Dissocation Constants,0,O=C(O)CCCC1CCOC1=O,3,"InChI=1S/C8H12O4/c9-7(10)3-1-2-6-4-5-12-8(6)11/h6H,1-5H2,(H,9,10)",0,pKa Data
CCC(C(=O)O)=C(CC)C(=O)O,CCC(C(=O)O)=C(CC)C(=O)O,sour,pKa between 2 and 7,IUPAC Dissocation Constants,0,CCC(C(=O)O)=C(CC)C(=O)O,3,"InChI=1S/C8H12O4/c1-3-5(7(9)10)6(4-2)8(11)12/h3-4H2,1-2H3,(H,9,10)(H,11,12)",0,pKa Data
CC1(C)[C@@H](C(=O)O)C[C@H]1C(=O)O,CC1(C)[C@@H](C(=O)O)C[C@H]1C(=O)O,sour,pKa between 2 and 7,IUPAC Dissocation Constants,0,CC1(C)[C@@H](C(=O)O)C[C@H]1C(=O)O,3,"InChI=1S/C8H12O4/c1-8(2)4(6(9)10)3-5(8)7(11)12/h4-5H,3H2,1-2H3,(H,9,10)(H,11,12)",0,pKa Data
CC1(C)[C@@H](C(=O)O)C[C@@H]1C(=O)O,CC1(C)[C@@H](C(=O)O)C[C@@H]1C(=O)O,sour,pKa between 2 and 7,IUPAC Dissocation Constants,0,CC1(C)[C@@H](C(=O)O)C[C@@H]1C(=O)O,3,"InChI=1S/C8H12O4/c1-8(2)4(6(9)10)3-5(8)7(11)12/h4-5H,3H2,1-2H3,(H,9,10)(H,11,12)",0,pKa Data
O=C(O)[C@H]1CCCC[C@H]1C(=O)O,O=C(O)[C@H]1CCCC[C@H]1C(=O)O,sour,pKa between 2 and 7,IUPAC Dissocation Constants,0,O=C(O)[C@H]1CCCC[C@H]1C(=O)O,3,"InChI=1S/C8H12O4/c9-7(10)5-3-1-2-4-6(5)8(11)12/h5-6H,1-4H2,(H,9,10)(H,11,12)",0,pKa Data
O=C(O)[C@@H]1CCCC[C@H]1C(=O)O,O=C(O)[C@@H]1CCCC[C@H]1C(=O)O,sour,pKa between 2 and 7,IUPAC Dissocation Constants,0,O=C(O)[C@@H]1CCCC[C@H]1C(=O)O,3,"InChI=1S/C8H12O4/c9-7(10)5-3-1-2-4-6(5)8(11)12/h5-6H,1-4H2,(H,9,10)(H,11,12)",0,pKa Data
O=C(O)CCC(CCC(=O)O)C(=O)O,O=C(O)CCC(CCC(=O)O)C(=O)O,sour,pKa between 2 and 7,IUPAC Dissocation Constants,0,O=C(O)CCC(CCC(=O)O)C(=O)O,3,"InChI=1S/C8H12O6/c9-6(10)3-1-5(8(13)14)2-4-7(11)12/h5H,1-4H2,(H,9,10)(H,11,12)(H,13,14)",0,pKa Data
O=C(O)C1(O)CCCCCC1,O=C(O)C1(O)CCCCCC1,sour,pKa between 2 and 7,IUPAC Dissocation Constants,0,O=C(O)C1(O)CCCCCC1,3,"InChI=1S/C8H14O3/c9-7(10)8(11)5-3-1-2-4-6-8/h11H,1-6H2,(H,9,10)",0,pKa Data
CO[C@H]1CC[C@H](C(=O)O)CC1,CO[C@H]1CC[C@H](C(=O)O)CC1,sour,pKa between 2 and 7,IUPAC Dissocation Constants,0,CO[C@H]1CC[C@H](C(=O)O)CC1,3,"InChI=1S/C8H14O3/c1-11-7-4-2-6(3-5-7)8(9)10/h6-7H,2-5H2,1H3,(H,9,10)",0,pKa Data
CC(C)(C(=O)O)C(C)(C)C(=O)O,CC(C)(C(=O)O)C(C)(C)C(=O)O,sour,pKa between 2 and 7,IUPAC Dissocation Constants,0,CC(C)(C(=O)O)C(C)(C)C(=O)O,3,"InChI=1S/C8H14O4/c1-7(2,5(9)10)8(3,4)6(11)12/h1-4H3,(H,9,10)(H,11,12)",0,pKa Data
O=C(O)CCCCCCC(=O)O,O=C(O)CCCCCCC(=O)O,sour,pKa between 2 and 7,IUPAC Dissocation Constants,0,O=C(O)CCCCCCC(=O)O,3,"InChI=1S/C8H14O4/c9-7(10)5-3-1-2-4-6-8(11)12/h1-6H2,(H,9,10)(H,11,12)",0,pKa Data
CC(C)C(CC(=O)O)CC(=O)O,CC(C)C(CC(=O)O)CC(=O)O,sour,pKa between 2 and 7,IUPAC Dissocation Constants,0,CC(C)C(CC(=O)O)CC(=O)O,3,"InChI=1S/C8H14O4/c1-5(2)6(3-7(9)10)4-8(11)12/h5-6H,3-4H2,1-2H3,(H,9,10)(H,11,12)",0,pKa Data
CCCC(CC(=O)O)CC(=O)O,CCCC(CC(=O)O)CC(=O)O,sour,pKa between 2 and 7,IUPAC Dissocation Constants,0,CCCC(CC(=O)O)CC(=O)O,3,"InChI=1S/C8H14O4/c1-2-3-6(4-7(9)10)5-8(11)12/h6H,2-5H2,1H3,(H,9,10)(H,11,12)",0,pKa Data
CCC(C(=O)O)(C(=O)O)C(C)C,CCC(C(=O)O)(C(=O)O)C(C)C,sour,pKa between 2 and 7,IUPAC Dissocation Constants,0,CCC(C(=O)O)(C(=O)O)C(C)C,3,"InChI=1S/C8H14O4/c1-4-8(5(2)3,6(9)10)7(11)12/h5H,4H2,1-3H3,(H,9,10)(H,11,12)",0,pKa Data
CC(C)(OC(C)(C)C(=O)O)C(=O)O,CC(C)(OC(C)(C)C(=O)O)C(=O)O,sour,pKa between 2 and 7,IUPAC Dissocation Constants,0,CC(C)(OC(C)(C)C(=O)O)C(=O)O,3,"InChI=1S/C8H14O5/c1-7(2,5(9)10)13-8(3,4)6(11)12/h1-4H3,(H,9,10)(H,11,12)",0,pKa Data
Cc1c(F)c(F)c(C(=O)O)c(F)c1F,Cc1c(F)c(F)c(C(=O)O)c(F)c1F,sour,pKa between 2 and 7,IUPAC Dissocation Constants,0,Cc1c(F)c(F)c(C(=O)O)c(F)c1F,3,"InChI=1S/C8H4F4O2/c1-2-4(9)6(11)3(8(13)14)7(12)5(2)10/h1H3,(H,13,14)",0,pKa Data
N#Cc1ccc(O)c(=O)cc1,N#Cc1ccc(O)c(=O)cc1,sour,pKa between 2 and 7,IUPAC Dissocation Constants,0,N#Cc1ccc(O)c(=O)cc1,3,"InChI=1S/C8H5NO2/c9-5-6-1-3-7(10)8(11)4-2-6/h1-4H,(H,10,11)",0,pKa Data
N#Cc1ccccc(=O)c1O,N#Cc1ccccc(=O)c1O,sour,pKa between 2 and 7,IUPAC Dissocation Constants,0,N#Cc1ccccc(=O)c1O,3,"InChI=1S/C8H5NO2/c9-5-6-3-1-2-4-7(10)8(6)11/h1-4H,(H,10,11)",0,pKa Data
Cc1c(Br)cc(Br)c(O)c(=O)c1Br,Cc1c(Br)cc(Br)c(O)c(=O)c1Br,sour,pKa between 2 and 7,IUPAC Dissocation Constants,0,Cc1c(Br)cc(Br)c(O)c(=O)c1Br,3,"InChI=1S/C8H5Br3O2/c1-3-4(9)2-5(10)7(12)8(13)6(3)11/h2H,1H3,(H,12,13)",0,pKa Data
N#Cc1ccc(O)c(C(=O)O)c1,N#Cc1ccc(O)c(C(=O)O)c1,sour,pKa between 2 and 7,IUPAC Dissocation Constants,0,N#Cc1ccc(O)c(C(=O)O)c1,3,"InChI=1S/C8H5NO3/c9-4-5-1-2-7(10)6(3-5)8(11)12/h1-3,10H,(H,11,12)",0,pKa Data
N#Cc1ccc(C(=O)O)c(O)c1,N#Cc1ccc(C(=O)O)c(O)c1,sour,pKa between 2 and 7,IUPAC Dissocation Constants,0,N#Cc1ccc(C(=O)O)c(O)c1,3,"InChI=1S/C8H5NO3/c9-4-5-1-2-6(8(11)12)7(10)3-5/h1-3,10H,(H,11,12)",0,pKa Data
O=C(O)COc1ccc(Cl)c(Cl)c1Cl,O=C(O)COc1ccc(Cl)c(Cl)c1Cl,sour,pKa between 2 and 7,IUPAC Dissocation Constants,0,O=C(O)COc1ccc(Cl)c(Cl)c1Cl,3,"InChI=1S/C8H5Cl3O3/c9-4-1-2-5(8(11)7(4)10)14-3-6(12)13/h1-2H,3H2,(H,12,13)",0,pKa Data
O=C(O)COc1cc(Cl)c(Cl)cc1Cl,O=C(O)COc1cc(Cl)c(Cl)cc1Cl,sour,pKa between 2 and 7,IUPAC Dissocation Constants,0,O=C(O)COc1cc(Cl)c(Cl)cc1Cl,3,"InChI=1S/C8H5Cl3O3/c9-4-1-6(11)7(2-5(4)10)14-3-8(12)13/h1-2H,3H2,(H,12,13)",0,pKa Data
O=C(O)c1cccc(Br)c1C(=O)O,O=C(O)c1cccc(Br)c1C(=O)O,sour,pKa between 2 and 7,IUPAC Dissocation Constants,0,O=C(O)c1cccc(Br)c1C(=O)O,3,"InChI=1S/C8H5BrO4/c9-5-3-1-2-4(7(10)11)6(5)8(12)13/h1-3H,(H,10,11)(H,12,13)",0,pKa Data
O=C(O)c1ccc(Br)cc1C(=O)O,O=C(O)c1ccc(Br)cc1C(=O)O,sour,pKa between 2 and 7,IUPAC Dissocation Constants,0,O=C(O)c1ccc(Br)cc1C(=O)O,3,"InChI=1S/C8H5BrO4/c9-4-1-2-5(7(10)11)6(3-4)8(12)13/h1-3H,(H,10,11)(H,12,13)",0,pKa Data
CC(=O)c1cc(Cl)c(O)c(Cl)c1,CC(=O)c1cc(Cl)c(O)c(Cl)c1,sour,pKa between 2 and 7,IUPAC Dissocation Constants,0,CC(=O)c1cc(Cl)c(O)c(Cl)c1,3,"InChI=1S/C8H6Cl2O2/c1-4(11)5-2-6(9)8(12)7(10)3-5/h2-3,12H,1H3",0,pKa Data
Cc1ccc(Br)c(O)c(=O)c1Br,Cc1ccc(Br)c(O)c(=O)c1Br,sour,pKa between 2 and 7,IUPAC Dissocation Constants,0,Cc1ccc(Br)c(O)c(=O)c1Br,3,"InChI=1S/C8H6Br2O2/c1-4-2-3-5(9)7(11)8(12)6(4)10/h2-3H,1H3,(H,11,12)",0,pKa Data
Cc1cc(Br)c(O)c(=O)c(Br)c1,Cc1cc(Br)c(O)c(=O)c(Br)c1,sour,pKa between 2 and 7,IUPAC Dissocation Constants,0,Cc1cc(Br)c(O)c(=O)c(Br)c1,3,"InChI=1S/C8H6Br2O2/c1-4-2-5(9)7(11)8(12)6(10)3-4/h2-3H,1H3,(H,11,12)",0,pKa Data
O=C(O)COc1ccc(Cl)cc1Cl,O=C(O)COc1ccc(Cl)cc1Cl,sour,pKa between 2 and 7,IUPAC Dissocation Constants,0,O=C(O)COc1ccc(Cl)cc1Cl,3,"InChI=1S/C8H6Cl2O3/c9-5-1-2-7(6(10)3-5)13-4-8(11)12/h1-3H,4H2,(H,11,12)",0,pKa Data
O=C(O)COc1cc(Cl)ccc1Cl,O=C(O)COc1cc(Cl)ccc1Cl,sour,pKa between 2 and 7,IUPAC Dissocation Constants,0,O=C(O)COc1cc(Cl)ccc1Cl,3,"InChI=1S/C8H6Cl2O3/c9-5-1-2-6(10)7(3-5)13-4-8(11)12/h1-3H,4H2,(H,11,12)",0,pKa Data
O=C(O)COc1c(Cl)cccc1Cl,O=C(O)COc1c(Cl)cccc1Cl,sour,pKa between 2 and 7,IUPAC Dissocation Constants,0,O=C(O)COc1c(Cl)cccc1Cl,3,"InChI=1S/C8H6Cl2O3/c9-5-2-1-3-6(10)8(5)13-4-7(11)12/h1-3H,4H2,(H,11,12)",0,pKa Data
O=C(O)COc1ccc(Cl)c(Cl)c1,O=C(O)COc1ccc(Cl)c(Cl)c1,sour,pKa between 2 and 7,IUPAC Dissocation Constants,0,O=C(O)COc1ccc(Cl)c(Cl)c1,3,"InChI=1S/C8H6Cl2O3/c9-6-2-1-5(3-7(6)10)13-4-8(11)12/h1-3H,4H2,(H,11,12)",0,pKa Data
O=C1CS(=O)(=O)c2ccccc21,O=C1CS(=O)(=O)c2ccccc21,sour,pKa between 2 and 7,IUPAC Dissocation Constants,0,O=C1CS(=O)(=O)c2ccccc21,3,"InChI=1S/C8H6O3S/c9-7-5-12(10,11)8-4-2-1-3-6(7)8/h1-4H,5H2",0,pKa Data
Cn1c(=O)[nH]c(=O)c2nc(C(=O)O)c(=O)[nH]c21,Cn1c(=O)[nH]c(=O)c2nc(C(=O)O)c(=O)[nH]c21,sour,pKa between 2 and 7,IUPAC Dissocation Constants,0,Cn1c(=O)[nH]c(=O)c2nc(C(=O)O)c(=O)[nH]c21,3,"InChI=1S/C8H6N4O5/c1-12-4-2(5(13)11-8(12)17)9-3(7(15)16)6(14)10-4/h1H3,(H,10,14)(H,15,16)(H,11,13,17)",0,pKa Data
CC(=O)c1cc([N+](=O)[O-])cc([N+](=O)[O-])c1O,CC(=O)c1cc([N+](=O)[O-])cc([N+](=O)[O-])c1O,sour,pKa between 2 and 7,IUPAC Dissocation Constants,0,CC(=O)c1cc([N+](=O)[O-])cc([N+](=O)[O-])c1O,3,"InChI=1S/C8H6N2O6/c1-4(11)6-2-5(9(13)14)3-7(8(6)12)10(15)16/h2-3,12H,1H3",0,pKa Data
O=[N+]([O-])c1ccc(CC([N+](=O)[O-])[N+](=O)[O-])c([N+](=O)[O-])c1,O=[N+]([O-])c1ccc(CC([N+](=O)[O-])[N+](=O)[O-])c([N+](=O)[O-])c1,sour,pKa between 2 and 7,IUPAC Dissocation Constants,0,O=[N+]([O-])c1ccc(CC([N+](=O)[O-])[N+](=O)[O-])c([N+](=O)[O-])c1,3,"InChI=1S/C8H6N4O8/c13-9(14)6-2-1-5(7(4-6)10(15)16)3-8(11(17)18)12(19)20/h1-2,4H,3H2,(H,17,18)",0,pKa Data
S=C1NNC(c2ccccc2)S1,S=C1NNC(c2ccccc2)S1,sour,pKa between 2 and 7,IUPAC Dissocation Constants,0,S=C1NNC(c2ccccc2)S1,3,"InChI=1S/C8H8N2S2/c11-8-10-9-7(12-8)6-4-2-1-3-5-6/h1-5,7,9H,(H,10,11)",0,pKa Data
COc1cccc(O)c1C#N,COc1cccc(O)c1C#N,sour,pKa between 2 and 7,IUPAC Dissocation Constants,0,COc1cccc(O)c1C#N,3,"InChI=1S/C8H7NO2/c1-11-8-4-2-3-7(10)6(8)5-9/h2-4,10H,1H3",0,pKa Data
O=C(O)Cc1cccc(Cl)c1,O=C(O)Cc1cccc(Cl)c1,sour,pKa between 2 and 7,IUPAC Dissocation Constants,0,O=C(O)Cc1cccc(Cl)c1,3,"InChI=1S/C8H7ClO2/c9-7-3-1-2-6(4-7)5-8(10)11/h1-4H,5H2,(H,10,11)",0,pKa Data
O=C(O)Cc1ccc(Cl)cc1,O=C(O)Cc1ccc(Cl)cc1,sour,pKa between 2 and 7,IUPAC Dissocation Constants,0,O=C(O)Cc1ccc(Cl)cc1,3,"InChI=1S/C8H7ClO2/c9-7-3-1-6(2-4-7)5-8(10)11/h1-4H,5H2,(H,10,11)",0,pKa Data
Cc1ccc(=O)c(O)c(Br)c1,Cc1ccc(=O)c(O)c(Br)c1,sour,pKa between 2 and 7,IUPAC Dissocation Constants,0,Cc1ccc(=O)c(O)c(Br)c1,3,"InChI=1S/C8H7BrO2/c1-5-2-3-7(10)8(11)6(9)4-5/h2-4H,1H3,(H,10,11)",0,pKa Data
Cc1ccc(Br)c(O)c(=O)c1,Cc1ccc(Br)c(O)c(=O)c1,sour,pKa between 2 and 7,IUPAC Dissocation Constants,0,Cc1ccc(Br)c(O)c(=O)c1,3,"InChI=1S/C8H7BrO2/c1-5-2-3-6(9)8(11)7(10)4-5/h2-4H,1H3,(H,10,11)",0,pKa Data
Cc1cc(=O)c(O)ccc1Br,Cc1cc(=O)c(O)ccc1Br,sour,pKa between 2 and 7,IUPAC Dissocation Constants,0,Cc1cc(=O)c(O)ccc1Br,3,"InChI=1S/C8H7BrO2/c1-5-4-8(11)7(10)3-2-6(5)9/h2-4H,1H3,(H,10,11)",0,pKa Data
O=C(O)Cc1cccc(F)c1,O=C(O)Cc1cccc(F)c1,sour,pKa between 2 and 7,IUPAC Dissocation Constants,0,O=C(O)Cc1cccc(F)c1,3,"InChI=1S/C8H7FO2/c9-7-3-1-2-6(4-7)5-8(10)11/h1-4H,5H2,(H,10,11)",0,pKa Data
O=C(O)Cc1ccc(F)cc1,O=C(O)Cc1ccc(F)cc1,sour,pKa between 2 and 7,IUPAC Dissocation Constants,0,O=C(O)Cc1ccc(F)cc1,3,"InChI=1S/C8H7FO2/c9-7-3-1-6(2-4-7)5-8(10)11/h1-4H,5H2,(H,10,11)",0,pKa Data
O=C(O)COc1ccccc1Cl,O=C(O)COc1ccccc1Cl,sour,pKa between 2 and 7,IUPAC Dissocation Constants,0,O=C(O)COc1ccccc1Cl,3,"InChI=1S/C8H7ClO3/c9-6-3-1-2-4-7(6)12-5-8(10)11/h1-4H,5H2,(H,10,11)",0,pKa Data
O=C(O)COc1cccc(Cl)c1,O=C(O)COc1cccc(Cl)c1,sour,pKa between 2 and 7,IUPAC Dissocation Constants,0,O=C(O)COc1cccc(Cl)c1,3,"InChI=1S/C8H7ClO3/c9-6-2-1-3-7(4-6)12-5-8(10)11/h1-4H,5H2,(H,10,11)",0,pKa Data
O=C(O)COc1ccc(Cl)cc1,O=C(O)COc1ccc(Cl)cc1,sour,pKa between 2 and 7,IUPAC Dissocation Constants,0,O=C(O)COc1ccc(Cl)cc1,3,"InChI=1S/C8H7ClO3/c9-6-1-3-7(4-2-6)12-5-8(10)11/h1-4H,5H2,(H,10,11)",0,pKa Data
O=C(O)C(O)c1ccccc1Cl,O=C(O)C(O)c1ccccc1Cl,sour,pKa between 2 and 7,IUPAC Dissocation Constants,0,O=C(O)C(O)c1ccccc1Cl,3,"InChI=1S/C8H7ClO3/c9-6-4-2-1-3-5(6)7(10)8(11)12/h1-4,7,10H,(H,11,12)",0,pKa Data
O=C(O)C(O)c1ccc(Cl)cc1,O=C(O)C(O)c1ccc(Cl)cc1,sour,pKa between 2 and 7,IUPAC Dissocation Constants,0,O=C(O)C(O)c1ccc(Cl)cc1,3,"InChI=1S/C8H7ClO3/c9-6-3-1-5(2-4-6)7(10)8(11)12/h1-4,7,10H,(H,11,12)",0,pKa Data
COC(=O)c1ccc(O)c(Cl)c1,COC(=O)c1ccc(O)c(Cl)c1,sour,pKa between 2 and 7,IUPAC Dissocation Constants,0,COC(=O)c1ccc(O)c(Cl)c1,3,"InChI=1S/C8H7ClO3/c1-12-8(11)5-2-3-7(10)6(9)4-5/h2-4,10H,1H3",0,pKa Data
O=C(O)COc1cccc(Br)c1,O=C(O)COc1cccc(Br)c1,sour,pKa between 2 and 7,IUPAC Dissocation Constants,0,O=C(O)COc1cccc(Br)c1,3,"InChI=1S/C8H7BrO3/c9-6-2-1-3-7(4-6)12-5-8(10)11/h1-4H,5H2,(H,10,11)",0,pKa Data
O=C(O)C(O)c1ccccc1Br,O=C(O)C(O)c1ccccc1Br,sour,pKa between 2 and 7,IUPAC Dissocation Constants,0,O=C(O)C(O)c1ccccc1Br,3,"InChI=1S/C8H7BrO3/c9-6-4-2-1-3-5(6)7(10)8(11)12/h1-4,7,10H,(H,11,12)",0,pKa Data
O=C(O)C(O)c1ccc(Br)cc1,O=C(O)C(O)c1ccc(Br)cc1,sour,pKa between 2 and 7,IUPAC Dissocation Constants,0,O=C(O)C(O)c1ccc(Br)cc1,3,"InChI=1S/C8H7BrO3/c9-6-3-1-5(2-4-6)7(10)8(11)12/h1-4,7,10H,(H,11,12)",0,pKa Data
O=C(O)C(O)c1ccc(I)cc1,O=C(O)C(O)c1ccc(I)cc1,sour,pKa between 2 and 7,IUPAC Dissocation Constants,0,O=C(O)C(O)c1ccc(I)cc1,3,"InChI=1S/C8H7IO3/c9-6-3-1-5(2-4-6)7(10)8(11)12/h1-4,7,10H,(H,11,12)",0,pKa Data
O=C(O)C(O)c1ccccc1F,O=C(O)C(O)c1ccccc1F,sour,pKa between 2 and 7,IUPAC Dissocation Constants,0,O=C(O)C(O)c1ccccc1F,3,"InChI=1S/C8H7FO3/c9-6-4-2-1-3-5(6)7(10)8(11)12/h1-4,7,10H,(H,11,12)",0,pKa Data
O=C(O)C(O)c1ccc(F)cc1,O=C(O)C(O)c1ccc(F)cc1,sour,pKa between 2 and 7,IUPAC Dissocation Constants,0,O=C(O)C(O)c1ccc(F)cc1,3,"InChI=1S/C8H7FO3/c9-6-3-1-5(2-4-6)7(10)8(11)12/h1-4,7,10H,(H,11,12)",0,pKa Data
O=C(O)Cc1cccc([N+](=O)[O-])c1,O=C(O)Cc1cccc([N+](=O)[O-])c1,sour,pKa between 2 and 7,IUPAC Dissocation Constants,0,O=C(O)Cc1cccc([N+](=O)[O-])c1,3,"InChI=1S/C8H7NO4/c10-8(11)5-6-2-1-3-7(4-6)9(12)13/h1-4H,5H2,(H,10,11)",0,pKa Data
CC(=O)c1cccc([N+](=O)[O-])c1O,CC(=O)c1cccc([N+](=O)[O-])c1O,sour,pKa between 2 and 7,IUPAC Dissocation Constants,0,CC(=O)c1cccc([N+](=O)[O-])c1O,3,"InChI=1S/C8H7NO4/c1-5(10)6-3-2-4-7(8(6)11)9(12)13/h2-4,11H,1H3",0,pKa Data
CC(=O)c1ccc(O)c([N+](=O)[O-])c1,CC(=O)c1ccc(O)c([N+](=O)[O-])c1,sour,pKa between 2 and 7,IUPAC Dissocation Constants,0,CC(=O)c1ccc(O)c([N+](=O)[O-])c1,3,"InChI=1S/C8H7NO4/c1-5(10)6-2-3-8(11)7(4-6)9(12)13/h2-4,11H,1H3",0,pKa Data
COC(=O)c1ccnc(C(=O)O)c1,COC(=O)c1ccnc(C(=O)O)c1,sour,pKa between 2 and 7,IUPAC Dissocation Constants,0,COC(=O)c1ccnc(C(=O)O)c1,3,"InChI=1S/C8H7NO4/c1-13-8(12)5-2-3-9-6(4-5)7(10)11/h2-4H,1H3,(H,10,11)",0,pKa Data
COC(=O)c1ccc(C(=O)O)nc1,COC(=O)c1ccc(C(=O)O)nc1,sour,pKa between 2 and 7,IUPAC Dissocation Constants,0,COC(=O)c1ccc(C(=O)O)nc1,3,"InChI=1S/C8H7NO4/c1-13-8(12)5-2-3-6(7(10)11)9-4-5/h2-4H,1H3,(H,10,11)",0,pKa Data
COC(=O)c1cccc(C(=O)O)n1,COC(=O)c1cccc(C(=O)O)n1,sour,pKa between 2 and 7,IUPAC Dissocation Constants,0,COC(=O)c1cccc(C(=O)O)n1,3,"InChI=1S/C8H7NO4/c1-13-8(12)6-4-2-3-5(9-6)7(10)11/h2-4H,1H3,(H,10,11)",0,pKa Data
O=C(O)COc1cccc([N+](=O)[O-])c1,O=C(O)COc1cccc([N+](=O)[O-])c1,sour,pKa between 2 and 7,IUPAC Dissocation Constants,0,O=C(O)COc1cccc([N+](=O)[O-])c1,3,"InChI=1S/C8H7NO5/c10-8(11)5-14-7-3-1-2-6(4-7)9(12)13/h1-4H,5H2,(H,10,11)",0,pKa Data
O=C(O)COc1ccc([N+](=O)[O-])cc1,O=C(O)COc1ccc([N+](=O)[O-])cc1,sour,pKa between 2 and 7,IUPAC Dissocation Constants,0,O=C(O)COc1ccc([N+](=O)[O-])cc1,3,"InChI=1S/C8H7NO5/c10-8(11)5-14-7-3-1-6(2-4-7)9(12)13/h1-4H,5H2,(H,10,11)",0,pKa Data
COc1cc([N+](=O)[O-])cc(C=O)c1O,COc1cc([N+](=O)[O-])cc(C=O)c1O,sour,pKa between 2 and 7,IUPAC Dissocation Constants,0,COc1cc([N+](=O)[O-])cc(C=O)c1O,3,"InChI=1S/C8H7NO5/c1-14-7-3-6(9(12)13)2-5(4-10)8(7)11/h2-4,11H,1H3",0,pKa Data
COc1cc(C=O)cc([N+](=O)[O-])c1O,COc1cc(C=O)cc([N+](=O)[O-])c1O,sour,pKa between 2 and 7,IUPAC Dissocation Constants,0,COc1cc(C=O)cc([N+](=O)[O-])c1O,3,"InChI=1S/C8H7NO5/c1-14-7-3-5(4-10)2-6(8(7)11)9(12)13/h2-4,11H,1H3",0,pKa Data
COC(=O)c1ccc([N+](=O)[O-])c(O)c1,COC(=O)c1ccc([N+](=O)[O-])c(O)c1,sour,pKa between 2 and 7,IUPAC Dissocation Constants,0,COC(=O)c1ccc([N+](=O)[O-])c(O)c1,3,"InChI=1S/C8H7NO5/c1-14-8(11)5-2-3-6(9(12)13)7(10)4-5/h2-4,10H,1H3",0,pKa Data
COC(=O)c1ccc(O)c([N+](=O)[O-])c1,COC(=O)c1ccc(O)c([N+](=O)[O-])c1,sour,pKa between 2 and 7,IUPAC Dissocation Constants,0,COC(=O)c1ccc(O)c([N+](=O)[O-])c1,3,"InChI=1S/C8H7NO5/c1-14-8(11)5-2-3-7(10)6(4-5)9(12)13/h2-4,10H,1H3",0,pKa Data
COc1cc(C(=O)O)cc([N+](=O)[O-])c1O,COc1cc(C(=O)O)cc([N+](=O)[O-])c1O,sour,pKa between 2 and 7,IUPAC Dissocation Constants,0,COc1cc(C(=O)O)cc([N+](=O)[O-])c1O,3,"InChI=1S/C8H7NO6/c1-15-6-3-4(8(11)12)2-5(7(6)10)9(13)14/h2-3,10H,1H3,(H,11,12)",0,pKa Data
O=[N+]([O-])c1ccccc1CC([N+](=O)[O-])[N+](=O)[O-],O=[N+]([O-])c1ccccc1CC([N+](=O)[O-])[N+](=O)[O-],sour,pKa between 2 and 7,IUPAC Dissocation Constants,0,O=[N+]([O-])c1ccccc1CC([N+](=O)[O-])[N+](=O)[O-],3,"InChI=1S/C8H7N3O6/c12-9(13)7-4-2-1-3-6(7)5-8(10(14)15)11(16)17/h1-4H,5H2,(H,14,15)",0,pKa Data
O=[N+]([O-])c1cccc(CC([N+](=O)[O-])[N+](=O)[O-])c1,O=[N+]([O-])c1cccc(CC([N+](=O)[O-])[N+](=O)[O-])c1,sour,pKa between 2 and 7,IUPAC Dissocation Constants,0,O=[N+]([O-])c1cccc(CC([N+](=O)[O-])[N+](=O)[O-])c1,3,"InChI=1S/C8H7N3O6/c12-9(13)7-3-1-2-6(4-7)5-8(10(14)15)11(16)17/h1-4H,5H2,(H,14,15)",0,pKa Data
CCOC(=O)c1cc(=O)c(O)c([N+](=O)[O-])o1,CCOC(=O)c1cc(=O)c(O)c([N+](=O)[O-])o1,sour,pKa between 2 and 7,IUPAC Dissocation Constants,0,CCOC(=O)c1cc(=O)c(O)c([N+](=O)[O-])o1,3,"InChI=1S/C8H7NO7/c1-2-15-8(12)5-3-4(10)6(11)7(16-5)9(13)14/h3,11H,2H2,1H3",0,pKa Data
CC(=O)OCc1cc(=O)c(O)c([N+](=O)[O-])o1,CC(=O)OCc1cc(=O)c(O)c([N+](=O)[O-])o1,sour,pKa between 2 and 7,IUPAC Dissocation Constants,0,CC(=O)OCc1cc(=O)c(O)c([N+](=O)[O-])o1,3,"InChI=1S/C8H7NO7/c1-4(10)15-3-5-2-6(11)7(12)8(16-5)9(13)14/h2,12H,3H2,1H3",0,pKa Data
O=C(O)CSc1ccccc1,O=C(O)CSc1ccccc1,sour,pKa between 2 and 7,IUPAC Dissocation Constants,0,O=C(O)CSc1ccccc1,3,"InChI=1S/C8H8O2S/c9-8(10)6-11-7-4-2-1-3-5-7/h1-5H,6H2,(H,9,10)",0,pKa Data
COC(=O)c1ccc(S)cc1,COC(=O)c1ccc(S)cc1,sour,pKa between 2 and 7,IUPAC Dissocation Constants,0,COC(=O)c1ccc(S)cc1,3,"InChI=1S/C8H8O2S/c1-10-8(9)6-2-4-7(11)5-3-6/h2-5,11H,1H3",0,pKa Data
O=C(O)C[Se]c1ccccc1,O=C(O)C[Se]c1ccccc1,sour,pKa between 2 and 7,IUPAC Dissocation Constants,0,O=C(O)C[Se]c1ccccc1,3,"InChI=1S/C8H8O2Se/c9-8(10)6-11-7-4-2-1-3-5-7/h1-5H,6H2,(H,9,10)",0,pKa Data
O=C(O)CC1NC(=O)Nc2nccnc21,O=C(O)CC1NC(=O)Nc2nccnc21,sour,pKa between 2 and 7,IUPAC Dissocation Constants,0,O=C(O)CC1NC(=O)Nc2nccnc21,3,"InChI=1S/C8H8N4O3/c13-5(14)3-4-6-7(10-2-1-9-6)12-8(15)11-4/h1-2,4H,3H2,(H,13,14)(H2,10,11,12,15)",0,pKa Data
Cn1c(=O)c2[nH]c(=O)cnc2n(C)c1=O,Cn1c(=O)c2[nH]c(=O)cnc2n(C)c1=O,sour,pKa between 2 and 7,IUPAC Dissocation Constants,0,Cn1c(=O)c2[nH]c(=O)cnc2n(C)c1=O,3,"InChI=1S/C8H8N4O3/c1-11-6-5(10-4(13)3-9-6)7(14)12(2)8(11)15/h3H,1-2H3,(H,10,13)",0,pKa Data
Cc1nc2c([nH]c1=O)c(=O)[nH]c(=O)n2C,Cc1nc2c([nH]c1=O)c(=O)[nH]c(=O)n2C,sour,pKa between 2 and 7,IUPAC Dissocation Constants,0,Cc1nc2c([nH]c1=O)c(=O)[nH]c(=O)n2C,3,"InChI=1S/C8H8N4O3/c1-3-6(13)10-4-5(9-3)12(2)8(15)11-7(4)14/h1-2H3,(H,10,13)(H,11,14,15)",0,pKa Data
Cc1nc2[nH]c(=O)n(C)c(=O)c2[nH]c1=O,Cc1nc2[nH]c(=O)n(C)c(=O)c2[nH]c1=O,sour,pKa between 2 and 7,IUPAC Dissocation Constants,0,Cc1nc2[nH]c(=O)n(C)c(=O)c2[nH]c1=O,3,"InChI=1S/C8H8N4O3/c1-3-6(13)10-4-5(9-3)11-8(15)12(2)7(4)14/h1-2H3,(H,10,13)(H,9,11,15)",0,pKa Data
Cc1nc2c(=O)n(C)c(=O)[nH]c2[nH]c1=O,Cc1nc2c(=O)n(C)c(=O)[nH]c2[nH]c1=O,sour,pKa between 2 and 7,IUPAC Dissocation Constants,0,Cc1nc2c(=O)n(C)c(=O)[nH]c2[nH]c1=O,3,"InChI=1S/C8H8N4O3/c1-3-6(13)10-5-4(9-3)7(14)12(2)8(15)11-5/h1-2H3,(H2,10,11,13,15)",0,pKa Data
Cc1nc2c(=O)[nH]c(=O)[nH]c2n(C)c1=O,Cc1nc2c(=O)[nH]c(=O)[nH]c2n(C)c1=O,sour,pKa between 2 and 7,IUPAC Dissocation Constants,0,Cc1nc2c(=O)[nH]c(=O)[nH]c2n(C)c1=O,3,"InChI=1S/C8H8N4O3/c1-3-7(14)12(2)5-4(9-3)6(13)11-8(15)10-5/h1-2H3,(H2,10,11,13,15)",0,pKa Data
CC(=O)c1ccc(CC(=O)O)s1,CC(=O)c1ccc(CC(=O)O)s1,sour,pKa between 2 and 7,IUPAC Dissocation Constants,0,CC(=O)c1ccc(CC(=O)O)s1,3,"InChI=1S/C8H8O3S/c1-5(9)7-3-2-6(12-7)4-8(10)11/h2-3H,4H2,1H3,(H,10,11)",0,pKa Data
O=C(O)CS(=O)c1ccccc1,O=C(O)C[S+]([O-])c1ccccc1,sour,pKa between 2 and 7,IUPAC Dissocation Constants,0,O=C(O)CS(=O)c1ccccc1,3,"InChI=1S/C8H8O3S/c9-8(10)6-12(11)7-4-2-1-3-5-7/h1-5H,6H2,(H,9,10)",0,pKa Data
CC(=O)Nc1ccc([N+](=O)[O-])c(O)c1,CC(=O)Nc1ccc([N+](=O)[O-])c(O)c1,sour,pKa between 2 and 7,IUPAC Dissocation Constants,0,CC(=O)Nc1ccc([N+](=O)[O-])c(O)c1,3,"InChI=1S/C8H8N2O4/c1-5(11)9-6-2-3-7(10(13)14)8(12)4-6/h2-4,12H,1H3,(H,9,11)",0,pKa Data
CC(=O)Nc1ccc(O)c([N+](=O)[O-])c1,CC(=O)Nc1ccc(O)c([N+](=O)[O-])c1,sour,pKa between 2 and 7,IUPAC Dissocation Constants,0,CC(=O)Nc1ccc(O)c([N+](=O)[O-])c1,3,"InChI=1S/C8H8N2O4/c1-5(11)9-6-2-3-8(12)7(4-6)10(13)14/h2-4,12H,1H3,(H,9,11)",0,pKa Data
O=[N+]([O-])C(Cc1ccccc1)[N+](=O)[O-],O=[N+]([O-])C(Cc1ccccc1)[N+](=O)[O-],sour,pKa between 2 and 7,IUPAC Dissocation Constants,0,O=[N+]([O-])C(Cc1ccccc1)[N+](=O)[O-],3,"InChI=1S/C8H8N2O4/c11-9(12)8(10(13)14)6-7-4-2-1-3-5-7/h1-5H,6H2,(H,11,12)",0,pKa Data
O=C(O)CC1Nc2c([nH]cnc2=O)NC1=O,O=C(O)CC1Nc2c([nH]cnc2=O)NC1=O,sour,pKa between 2 and 7,IUPAC Dissocation Constants,0,O=C(O)CC1Nc2c([nH]cnc2=O)NC1=O,3,"InChI=1S/C8H8N4O4/c13-4(14)1-3-7(15)12-6-5(11-3)8(16)10-2-9-6/h2-3,11H,1H2,(H,13,14)(H2,9,10,12,15,16)",0,pKa Data
Cn1c(=O)[nH]c2c([nH]c(=O)c(=O)n2C)c1=O,Cn1c(=O)[nH]c2c([nH]c(=O)c(=O)n2C)c1=O,sour,pKa between 2 and 7,IUPAC Dissocation Constants,0,Cn1c(=O)[nH]c2c([nH]c(=O)c(=O)n2C)c1=O,3,"InChI=1S/C8H8N4O4/c1-11-4-3(9-5(13)7(11)15)6(14)12(2)8(16)10-4/h1-2H3,(H,9,13)(H,10,16)",0,pKa Data
CCOC(=O)c1nc(C=O)c(N)[nH]c1=O,CCOC(=O)c1nc(C=O)c(N)[nH]c1=O,sour,pKa between 2 and 7,IUPAC Dissocation Constants,0,CCOC(=O)c1nc(C=O)c(N)[nH]c1=O,3,"InChI=1S/C8H9N3O4/c1-2-15-8(14)5-7(13)11-6(9)4(3-12)10-5/h3H,2H2,1H3,(H3,9,11,13)",0,pKa Data
S=C(S)NCc1ccccc1,S=C(S)NCc1ccccc1,sour,pKa between 2 and 7,IUPAC Dissocation Constants,0,S=C(S)NCc1ccccc1,3,"InChI=1S/C8H9NS2/c10-8(11)9-6-7-4-2-1-3-5-7/h1-5H,6H2,(H2,9,10,11)",0,pKa Data
NNC(=O)Cc1ccccc1,NNC(=O)Cc1ccccc1,sour,pKa between 2 and 7,IUPAC Dissocation Constants,0,NNC(=O)Cc1ccccc1,3,"InChI=1S/C8H10N2O/c9-10-8(11)6-7-4-2-1-3-5-7/h1-5H,6,9H2,(H,10,11)",0,pKa Data
Cc1ccc(C(=O)NN)cc1,Cc1ccc(C(=O)NN)cc1,sour,pKa between 2 and 7,IUPAC Dissocation Constants,0,Cc1ccc(C(=O)NN)cc1,3,"InChI=1S/C8H10N2O/c1-6-2-4-7(5-3-6)8(11)10-9/h2-5H,9H2,1H3,(H,10,11)",0,pKa Data
CCc1c(C)nc2nc[nH]n2c1=O,CCc1c(C)nc2nc[nH]n2c1=O,sour,pKa between 2 and 7,IUPAC Dissocation Constants,0,CCc1c(C)nc2nc[nH]n2c1=O,3,"InChI=1S/C8H10N4O/c1-3-6-5(2)11-8-9-4-10-12(8)7(6)13/h4H,3H2,1-2H3,(H,9,10,11)",0,pKa Data
CCCc1cc(=O)n2[nH]cnc2n1,CCCc1cc(=O)n2[nH]cnc2n1,sour,pKa between 2 and 7,IUPAC Dissocation Constants,0,CCCc1cc(=O)n2[nH]cnc2n1,3,"InChI=1S/C8H10N4O/c1-2-3-6-4-7(13)12-8(11-6)9-5-10-12/h4-5H,2-3H2,1H3,(H,9,10,11)",0,pKa Data
NNC(=O)COc1ccccc1,NNC(=O)COc1ccccc1,sour,pKa between 2 and 7,IUPAC Dissocation Constants,0,NNC(=O)COc1ccccc1,3,"InChI=1S/C8H10N2O2/c9-10-8(11)6-12-7-4-2-1-3-5-7/h1-5H,6,9H2,(H,10,11)",0,pKa Data
COc1ccc(C(=O)NN)cc1,COc1ccc(C(=O)NN)cc1,sour,pKa between 2 and 7,IUPAC Dissocation Constants,0,COc1ccc(C(=O)NN)cc1,3,"InChI=1S/C8H10N2O2/c1-12-7-4-2-6(3-5-7)8(11)10-9/h2-5H,9H2,1H3,(H,10,11)",0,pKa Data
CC(C)c1csc(C(=O)O)c1,CC(C)c1csc(C(=O)O)c1,sour,pKa between 2 and 7,IUPAC Dissocation Constants,0,CC(C)c1csc(C(=O)O)c1,3,"InChI=1S/C8H10O2S/c1-5(2)6-3-7(8(9)10)11-4-6/h3-5H,1-2H3,(H,9,10)",0,pKa Data
N#CC1CCC(C(=O)O)CC1,N#CC1CCC(C(=O)O)CC1,sour,pKa between 2 and 7,IUPAC Dissocation Constants,0,N#CC1CCC(C(=O)O)CC1,3,"InChI=1S/C8H11NO2/c9-5-6-1-3-7(4-2-6)8(10)11/h6-7H,1-4H2,(H,10,11)",0,pKa Data
O=C(O)C12CCC(Br)(CC1)C2,O=C(O)C12CCC(Br)(CC1)C2,sour,pKa between 2 and 7,IUPAC Dissocation Constants,0,O=C(O)C12CCC(Br)(CC1)C2,3,"InChI=1S/C8H11BrO2/c9-8-3-1-7(5-8,2-4-8)6(10)11/h1-5H2,(H,10,11)",0,pKa Data
O=C1[C@H]2CCCC[C@H]2C(=O)N1O,O=C1[C@H]2CCCC[C@H]2C(=O)N1O,sour,pKa between 2 and 7,IUPAC Dissocation Constants,0,O=C1[C@H]2CCCC[C@H]2C(=O)N1O,3,"InChI=1S/C8H11NO3/c10-7-5-3-1-2-4-6(5)8(11)9(7)12/h10-12H,1-4H2",0,pKa Data
Cc1cc(O)[nH]c(=O)c1CCO,Cc1cc(O)[nH]c(=O)c1CCO,sour,pKa between 2 and 7,IUPAC Dissocation Constants,0,Cc1cc(O)[nH]c(=O)c1CCO,3,"InChI=1S/C8H11NO3/c1-5-4-7(11)9-8(12)6(5)2-3-10/h4,10H,2-3H2,1H3,(H2,9,11,12)",0,pKa Data
O=c1cnn([C@@H]2O[C@H](CO)[C@@H](O)[C@H]2O)c(=O)[nH]1,O=c1cnn([C@@H]2O[C@H](CO)[C@@H](O)[C@H]2O)c(=O)[nH]1,sour,pKa between 2 and 7,IUPAC Dissocation Constants,0,O=c1cnn([C@@H]2O[C@H](CO)[C@@H](O)[C@H]2O)c(=O)[nH]1,3,"InChI=1S/C8H11N3O6/c12-2-3-5(14)6(15)7(17-3)11-8(16)10-4(13)1-9-11/h1,3,5-7,12,14-15H,2H2,(H,10,13,16)",0,pKa Data
NCC(=O)N[C@@H](Cc1c[nH]cn1)C(=O)O,NCC(=O)N[C@@H](Cc1c[nH]cn1)C(=O)O,sour,pKa between 2 and 7,IUPAC Dissocation Constants,0,NCC(=O)N[C@@H](Cc1c[nH]cn1)C(=O)O,3,"InChI=1S/C8H12N4O3/c9-2-7(13)12-6(8(14)15)1-5-3-10-4-11-5/h3-4,6H,1-2,9H2,(H,10,11)(H,12,13)(H,14,15)",0,pKa Data
CCNc1nc(=O)n(C)cc1C,CCNc1nc(=O)n(C)cc1C,sour,pKa between 2 and 7,IUPAC Dissocation Constants,0,CCNc1nc(=O)n(C)cc1C,3,"InChI=1S/C8H13N3O/c1-4-9-7-6(2)5-11(3)8(12)10-7/h5H,4H2,1-3H3,(H,9,10,12)",0,pKa Data
CC(C)(C(=O)O)N(CC(=O)O)CC(=O)O,CC(C)(C(=O)O)N(CC(=O)O)CC(=O)O,sour,pKa between 2 and 7,IUPAC Dissocation Constants,0,CC(C)(C(=O)O)N(CC(=O)O)CC(=O)O,3,"InChI=1S/C8H13NO6/c1-8(2,7(14)15)9(3-5(10)11)4-6(12)13/h3-4H2,1-2H3,(H,10,11)(H,12,13)(H,14,15)",0,pKa Data
CC(CCC(=O)O)(CCC(=O)O)[N+](=O)[O-],CC(CCC(=O)O)(CCC(=O)O)[N+](=O)[O-],sour,pKa between 2 and 7,IUPAC Dissocation Constants,0,CC(CCC(=O)O)(CCC(=O)O)[N+](=O)[O-],3,"InChI=1S/C8H13NO6/c1-8(9(14)15,4-2-6(10)11)5-3-7(12)13/h2-5H2,1H3,(H,10,11)(H,12,13)",0,pKa Data
CCOC(=O)CSC(C)(C)C(=O)O,CCOC(=O)CSC(C)(C)C(=O)O,sour,pKa between 2 and 7,IUPAC Dissocation Constants,0,CCOC(=O)CSC(C)(C)C(=O)O,3,"InChI=1S/C8H14O4S/c1-4-12-6(9)5-13-8(2,3)7(10)11/h4-5H2,1-3H3,(H,10,11)",0,pKa Data
CCOC(=O)C(C)SC(C)C(=O)O,CCOC(=O)C(C)SC(C)C(=O)O,sour,pKa between 2 and 7,IUPAC Dissocation Constants,0,CCOC(=O)C(C)SC(C)C(=O)O,3,"InChI=1S/C8H14O4S/c1-4-12-8(11)6(3)13-5(2)7(9)10/h5-6H,4H2,1-3H3,(H,9,10)",0,pKa Data
O=[N+]([O-])C(CN(C1CCCCC1)[N+](=O)[O-])[N+](=O)[O-],O=[N+]([O-])C(CN(C1CCCCC1)[N+](=O)[O-])[N+](=O)[O-],sour,pKa between 2 and 7,IUPAC Dissocation Constants,0,O=[N+]([O-])C(CN(C1CCCCC1)[N+](=O)[O-])[N+](=O)[O-],3,"InChI=1S/C8H14N4O6/c13-10(14)8(11(15)16)6-9(12(17)18)7-4-2-1-3-5-7/h7H,1-6H2,(H,13,14)",0,pKa Data
CCN1CCCCC1C(=O)O,CCN1CCCCC1C(=O)O,sour,pKa between 2 and 7,IUPAC Dissocation Constants,0,CCN1CCCCC1C(=O)O,3,"InChI=1S/C8H15NO2/c1-2-9-6-4-3-5-7(9)8(10)11/h7H,2-6H2,1H3,(H,10,11)",0,pKa Data
CC(C)(C)NC(=O)CCC([N+](=O)[O-])[N+](=O)[O-],CC(C)(C)NC(=O)CCC([N+](=O)[O-])[N+](=O)[O-],sour,pKa between 2 and 7,IUPAC Dissocation Constants,0,CC(C)(C)NC(=O)CCC([N+](=O)[O-])[N+](=O)[O-],3,"InChI=1S/C8H15N3O5/c1-8(2,3)9-6(12)4-5-7(10(13)14)11(15)16/h4-5H2,1-3H3,(H,9,12)(H,13,14)",0,pKa Data
CCCCCCSCC(=O)O,CCCCCCSCC(=O)O,sour,pKa between 2 and 7,IUPAC Dissocation Constants,0,CCCCCCSCC(=O)O,3,"InChI=1S/C8H16O2S/c1-2-3-4-5-6-11-7-8(9)10/h2-7H2,1H3,(H,9,10)",0,pKa Data
CN(CCN(C)CC(=O)O)CC(=O)O,CN(CCN(C)CC(=O)O)CC(=O)O,sour,pKa between 2 and 7,IUPAC Dissocation Constants,0,CN(CCN(C)CC(=O)O)CC(=O)O,3,"InChI=1S/C8H16N2O4/c1-9(5-7(11)12)3-4-10(2)6-8(13)14/h3-6H2,1-2H3,(H,11,12)(H,13,14)",0,pKa Data
CCCCCCCNC(=S)S,CCCCCCCNC(=S)S,sour,pKa between 2 and 7,IUPAC Dissocation Constants,0,CCCCCCCNC(=S)S,3,"InChI=1S/C8H17NS2/c1-2-3-4-5-6-7-9-8(10)11/h2-7H2,1H3,(H2,9,10,11)",0,pKa Data
CCCCCC(N)CNC(=S)S,CCCCCC(N)CNC(=S)S,sour,pKa between 2 and 7,IUPAC Dissocation Constants,0,CCCCCC(N)CNC(=S)S,3,"InChI=1S/C8H18N2S2/c1-2-3-4-5-7(9)6-10-8(11)12/h7H,2-6,9H2,1H3,(H2,10,11,12)",0,pKa Data
CCCCP(=O)(O)CCCC,CCCCP(=O)(O)CCCC,sour,pKa between 2 and 7,IUPAC Dissocation Constants,0,CCCCP(=O)(O)CCCC,3,"InChI=1S/C8H19O2P/c1-3-5-7-11(9,10)8-6-4-2/h3-8H2,1-2H3,(H,9,10)",0,pKa Data
O=C1NC(=S)SC1=Cc1ccco1,O=C1NC(=S)SC1=Cc1ccco1,sour,pKa between 2 and 7,IUPAC Dissocation Constants,0,O=C1NC(=S)SC1=Cc1ccco1,3,"InChI=1S/C8H5NO2S2/c10-7-6(13-8(12)9-7)4-5-2-1-3-11-5/h1-4H,(H,9,10,12)",0,pKa Data
O=C(CC(=O)C(F)(F)F)c1cccs1,O=C(CC(=O)C(F)(F)F)c1cccs1,sour,pKa between 2 and 7,IUPAC Dissocation Constants,0,O=C(CC(=O)C(F)(F)F)c1cccs1,3,"InChI=1S/C8H5F3O2S/c9-8(10,11)7(13)4-5(12)6-2-1-3-14-6/h1-3H,4H2",0,pKa Data
O=C(CC(=O)C(F)(F)F)c1ccc[se]1,O=C(CC(=O)C(F)(F)F)c1ccc[se]1,sour,pKa between 2 and 7,IUPAC Dissocation Constants,0,O=C(CC(=O)C(F)(F)F)c1ccc[se]1,3,"InChI=1S/C8H5F3O2Se/c9-8(10,11)7(13)4-5(12)6-2-1-3-14-6/h1-3H,4H2",0,pKa Data
S=c1[nH]nc(-c2ccccc2)o1,S=c1[nH]nc(-c2ccccc2)o1,sour,pKa between 2 and 7,IUPAC Dissocation Constants,0,S=c1[nH]nc(-c2ccccc2)o1,3,"InChI=1S/C8H6N2OS/c12-8-10-9-7(11-8)6-4-2-1-3-5-6/h1-5H,(H,10,12)",0,pKa Data
O=C(CBr)c1ccc(O)c([N+](=O)[O-])c1,O=C(CBr)c1ccc(O)c([N+](=O)[O-])c1,sour,pKa between 2 and 7,IUPAC Dissocation Constants,0,O=C(CBr)c1ccc(O)c([N+](=O)[O-])c1,3,"InChI=1S/C8H6BrNO4/c9-4-8(12)5-1-2-7(11)6(3-5)10(13)14/h1-3,11H,4H2",0,pKa Data
O=C(O)CSc1ccccc1Cl,O=C(O)CSc1ccccc1Cl,sour,pKa between 2 and 7,IUPAC Dissocation Constants,0,O=C(O)CSc1ccccc1Cl,3,"InChI=1S/C8H7ClO2S/c9-6-3-1-2-4-7(6)12-5-8(10)11/h1-4H,5H2,(H,10,11)",0,pKa Data
O=C(O)CSc1cccc(Cl)c1,O=C(O)CSc1cccc(Cl)c1,sour,pKa between 2 and 7,IUPAC Dissocation Constants,0,O=C(O)CSc1cccc(Cl)c1,3,"InChI=1S/C8H7ClO2S/c9-6-2-1-3-7(4-6)12-5-8(10)11/h1-4H,5H2,(H,10,11)",0,pKa Data
O=C(O)CSc1ccc(Cl)cc1,O=C(O)CSc1ccc(Cl)cc1,sour,pKa between 2 and 7,IUPAC Dissocation Constants,0,O=C(O)CSc1ccc(Cl)cc1,3,"InChI=1S/C8H7ClO2S/c9-6-1-3-7(4-2-6)12-5-8(10)11/h1-4H,5H2,(H,10,11)",0,pKa Data
O=C(O)C[Se]c1ccccc1Cl,O=C(O)C[Se]c1ccccc1Cl,sour,pKa between 2 and 7,IUPAC Dissocation Constants,0,O=C(O)C[Se]c1ccccc1Cl,3,"InChI=1S/C8H7ClO2Se/c9-6-3-1-2-4-7(6)12-5-8(10)11/h1-4H,5H2,(H,10,11)",0,pKa Data
O=C(O)C[Se]c1cccc(Cl)c1,O=C(O)C[Se]c1cccc(Cl)c1,sour,pKa between 2 and 7,IUPAC Dissocation Constants,0,O=C(O)C[Se]c1cccc(Cl)c1,3,"InChI=1S/C8H7ClO2Se/c9-6-2-1-3-7(4-6)12-5-8(10)11/h1-4H,5H2,(H,10,11)",0,pKa Data
O=C(O)C[Se]c1ccc(Cl)cc1,O=C(O)C[Se]c1ccc(Cl)cc1,sour,pKa between 2 and 7,IUPAC Dissocation Constants,0,O=C(O)C[Se]c1ccc(Cl)cc1,3,"InChI=1S/C8H7ClO2Se/c9-6-1-3-7(4-2-6)12-5-8(10)11/h1-4H,5H2,(H,10,11)",0,pKa Data
O=C(O)CSc1cccc(Br)c1,O=C(O)CSc1cccc(Br)c1,sour,pKa between 2 and 7,IUPAC Dissocation Constants,0,O=C(O)CSc1cccc(Br)c1,3,"InChI=1S/C8H7BrO2S/c9-6-2-1-3-7(4-6)12-5-8(10)11/h1-4H,5H2,(H,10,11)",0,pKa Data
O=C(O)CSc1ccc(Br)cc1,O=C(O)CSc1ccc(Br)cc1,sour,pKa between 2 and 7,IUPAC Dissocation Constants,0,O=C(O)CSc1ccc(Br)cc1,3,"InChI=1S/C8H7BrO2S/c9-6-1-3-7(4-2-6)12-5-8(10)11/h1-4H,5H2,(H,10,11)",0,pKa Data
O=C(O)C[Se]c1ccccc1Br,O=C(O)C[Se]c1ccccc1Br,sour,pKa between 2 and 7,IUPAC Dissocation Constants,0,O=C(O)C[Se]c1ccccc1Br,3,"InChI=1S/C8H7BrO2Se/c9-6-3-1-2-4-7(6)12-5-8(10)11/h1-4H,5H2,(H,10,11)",0,pKa Data
O=C(O)C[Se]c1ccc(Br)cc1,O=C(O)C[Se]c1ccc(Br)cc1,sour,pKa between 2 and 7,IUPAC Dissocation Constants,0,O=C(O)C[Se]c1ccc(Br)cc1,3,"InChI=1S/C8H7BrO2Se/c9-6-1-3-7(4-2-6)12-5-8(10)11/h1-4H,5H2,(H,10,11)",0,pKa Data
O=C(O)CSc1cccc(F)c1,O=C(O)CSc1cccc(F)c1,sour,pKa between 2 and 7,IUPAC Dissocation Constants,0,O=C(O)CSc1cccc(F)c1,3,"InChI=1S/C8H7FO2S/c9-6-2-1-3-7(4-6)12-5-8(10)11/h1-4H,5H2,(H,10,11)",0,pKa Data
O=C(O)CSc1ccc(F)cc1,O=C(O)CSc1ccc(F)cc1,sour,pKa between 2 and 7,IUPAC Dissocation Constants,0,O=C(O)CSc1ccc(F)cc1,3,"InChI=1S/C8H7FO2S/c9-6-1-3-7(4-2-6)12-5-8(10)11/h1-4H,5H2,(H,10,11)",0,pKa Data
O=C(O)CS(=O)c1cccc(Cl)c1,O=C(O)C[S+]([O-])c1cccc(Cl)c1,sour,pKa between 2 and 7,IUPAC Dissocation Constants,0,O=C(O)CS(=O)c1cccc(Cl)c1,3,"InChI=1S/C8H7ClO3S/c9-6-2-1-3-7(4-6)13(12)5-8(10)11/h1-4H,5H2,(H,10,11)",0,pKa Data
O=C(O)CS(=O)c1ccc(Cl)cc1,O=C(O)C[S+]([O-])c1ccc(Cl)cc1,sour,pKa between 2 and 7,IUPAC Dissocation Constants,0,O=C(O)CS(=O)c1ccc(Cl)cc1,3,"InChI=1S/C8H7ClO3S/c9-6-1-3-7(4-2-6)13(12)5-8(10)11/h1-4H,5H2,(H,10,11)",0,pKa Data
O=C(O)CS(=O)c1cccc(Br)c1,O=C(O)C[S+]([O-])c1cccc(Br)c1,sour,pKa between 2 and 7,IUPAC Dissocation Constants,0,O=C(O)CS(=O)c1cccc(Br)c1,3,"InChI=1S/C8H7BrO3S/c9-6-2-1-3-7(4-6)13(12)5-8(10)11/h1-4H,5H2,(H,10,11)",0,pKa Data
O=C(O)CS(=O)c1ccc(Br)cc1,O=C(O)C[S+]([O-])c1ccc(Br)cc1,sour,pKa between 2 and 7,IUPAC Dissocation Constants,0,O=C(O)CS(=O)c1ccc(Br)cc1,3,"InChI=1S/C8H7BrO3S/c9-6-1-3-7(4-2-6)13(12)5-8(10)11/h1-4H,5H2,(H,10,11)",0,pKa Data
O=C(O)CS(=O)c1cccc(F)c1,O=C(O)C[S+]([O-])c1cccc(F)c1,sour,pKa between 2 and 7,IUPAC Dissocation Constants,0,O=C(O)CS(=O)c1cccc(F)c1,3,"InChI=1S/C8H7FO3S/c9-6-2-1-3-7(4-6)13(12)5-8(10)11/h1-4H,5H2,(H,10,11)",0,pKa Data
O=C(O)CS(=O)c1ccc(F)cc1,O=C(O)C[S+]([O-])c1ccc(F)cc1,sour,pKa between 2 and 7,IUPAC Dissocation Constants,0,O=C(O)CS(=O)c1ccc(F)cc1,3,"InChI=1S/C8H7FO3S/c9-6-1-3-7(4-2-6)13(12)5-8(10)11/h1-4H,5H2,(H,10,11)",0,pKa Data
O=C(O)CSc1ccccc1[N+](=O)[O-],O=C(O)CSc1ccccc1[N+](=O)[O-],sour,pKa between 2 and 7,IUPAC Dissocation Constants,0,O=C(O)CSc1ccccc1[N+](=O)[O-],3,"InChI=1S/C8H7NO4S/c10-8(11)5-14-7-4-2-1-3-6(7)9(12)13/h1-4H,5H2,(H,10,11)",0,pKa Data
O=C(O)CSc1cccc([N+](=O)[O-])c1,O=C(O)CSc1cccc([N+](=O)[O-])c1,sour,pKa between 2 and 7,IUPAC Dissocation Constants,0,O=C(O)CSc1cccc([N+](=O)[O-])c1,3,"InChI=1S/C8H7NO4S/c10-8(11)5-14-7-3-1-2-6(4-7)9(12)13/h1-4H,5H2,(H,10,11)",0,pKa Data
O=C(O)CSc1ccc([N+](=O)[O-])cc1,O=C(O)CSc1ccc([N+](=O)[O-])cc1,sour,pKa between 2 and 7,IUPAC Dissocation Constants,0,O=C(O)CSc1ccc([N+](=O)[O-])cc1,3,"InChI=1S/C8H7NO4S/c10-8(11)5-14-7-3-1-6(2-4-7)9(12)13/h1-4H,5H2,(H,10,11)",0,pKa Data
O=C(O)C[Se]c1ccccc1[N+](=O)[O-],O=C(O)C[Se]c1ccccc1[N+](=O)[O-],sour,pKa between 2 and 7,IUPAC Dissocation Constants,0,O=C(O)C[Se]c1ccccc1[N+](=O)[O-],3,"InChI=1S/C8H7NO4Se/c10-8(11)5-14-7-4-2-1-3-6(7)9(12)13/h1-4H,5H2,(H,10,11)",0,pKa Data
O=C(O)C[Se]c1cccc([N+](=O)[O-])c1,O=C(O)C[Se]c1cccc([N+](=O)[O-])c1,sour,pKa between 2 and 7,IUPAC Dissocation Constants,0,O=C(O)C[Se]c1cccc([N+](=O)[O-])c1,3,"InChI=1S/C8H7NO4Se/c10-8(11)5-14-7-3-1-2-6(4-7)9(12)13/h1-4H,5H2,(H,10,11)",0,pKa Data
O=C(O)C[Se]c1ccc([N+](=O)[O-])cc1,O=C(O)C[Se]c1ccc([N+](=O)[O-])cc1,sour,pKa between 2 and 7,IUPAC Dissocation Constants,0,O=C(O)C[Se]c1ccc([N+](=O)[O-])cc1,3,"InChI=1S/C8H7NO4Se/c10-8(11)5-14-7-3-1-6(2-4-7)9(12)13/h1-4H,5H2,(H,10,11)",0,pKa Data
O=C(O)CS(=O)(=O)c1cccc(Cl)c1,O=C(O)CS(=O)(=O)c1cccc(Cl)c1,sour,pKa between 2 and 7,IUPAC Dissocation Constants,0,O=C(O)CS(=O)(=O)c1cccc(Cl)c1,3,"InChI=1S/C8H7ClO4S/c9-6-2-1-3-7(4-6)14(12,13)5-8(10)11/h1-4H,5H2,(H,10,11)",0,pKa Data
O=C(O)CS(=O)(=O)c1ccc(Cl)cc1,O=C(O)CS(=O)(=O)c1ccc(Cl)cc1,sour,pKa between 2 and 7,IUPAC Dissocation Constants,0,O=C(O)CS(=O)(=O)c1ccc(Cl)cc1,3,"InChI=1S/C8H7ClO4S/c9-6-1-3-7(4-2-6)14(12,13)5-8(10)11/h1-4H,5H2,(H,10,11)",0,pKa Data
O=C(O)CS(=O)(=O)c1cccc(Br)c1,O=C(O)CS(=O)(=O)c1cccc(Br)c1,sour,pKa between 2 and 7,IUPAC Dissocation Constants,0,O=C(O)CS(=O)(=O)c1cccc(Br)c1,3,"InChI=1S/C8H7BrO4S/c9-6-2-1-3-7(4-6)14(12,13)5-8(10)11/h1-4H,5H2,(H,10,11)",0,pKa Data
O=C(O)CS(=O)(=O)c1ccc(Br)cc1,O=C(O)CS(=O)(=O)c1ccc(Br)cc1,sour,pKa between 2 and 7,IUPAC Dissocation Constants,0,O=C(O)CS(=O)(=O)c1ccc(Br)cc1,3,"InChI=1S/C8H7BrO4S/c9-6-1-3-7(4-2-6)14(12,13)5-8(10)11/h1-4H,5H2,(H,10,11)",0,pKa Data
O=C(O)CS(=O)(=O)c1cccc(F)c1,O=C(O)CS(=O)(=O)c1cccc(F)c1,sour,pKa between 2 and 7,IUPAC Dissocation Constants,0,O=C(O)CS(=O)(=O)c1cccc(F)c1,3,"InChI=1S/C8H7FO4S/c9-6-2-1-3-7(4-6)14(12,13)5-8(10)11/h1-4H,5H2,(H,10,11)",0,pKa Data
O=C(O)CS(=O)(=O)c1ccc(F)cc1,O=C(O)CS(=O)(=O)c1ccc(F)cc1,sour,pKa between 2 and 7,IUPAC Dissocation Constants,0,O=C(O)CS(=O)(=O)c1ccc(F)cc1,3,"InChI=1S/C8H7FO4S/c9-6-1-3-7(4-2-6)14(12,13)5-8(10)11/h1-4H,5H2,(H,10,11)",0,pKa Data
O=C(O)C[SH](=O)(O)c1cccc([N+](=O)[O-])c1,O=C(O)C[SH](=O)(O)c1cccc([N+](=O)[O-])c1,sour,pKa between 2 and 7,IUPAC Dissocation Constants,0,O=C(O)C[SH](=O)(O)c1cccc([N+](=O)[O-])c1,3,"InChI=1S/C8H9NO6S/c10-8(11)5-16(14,15)7-3-1-2-6(4-7)9(12)13/h1-4,16H,5H2,(H,10,11)(H,14,15)",0,pKa Data
O=C(O)C[SH](=O)(O)c1ccc([N+](=O)[O-])cc1,O=C(O)C[SH](=O)(O)c1ccc([N+](=O)[O-])cc1,sour,pKa between 2 and 7,IUPAC Dissocation Constants,0,O=C(O)C[SH](=O)(O)c1ccc([N+](=O)[O-])cc1,3,"InChI=1S/C8H9NO6S/c10-8(11)5-16(14,15)7-3-1-6(2-4-7)9(12)13/h1-4,16H,5H2,(H,10,11)(H,14,15)",0,pKa Data
O=C(O)CS(=O)(=O)c1cccc([N+](=O)[O-])c1,O=C(O)CS(=O)(=O)c1cccc([N+](=O)[O-])c1,sour,pKa between 2 and 7,IUPAC Dissocation Constants,0,O=C(O)CS(=O)(=O)c1cccc([N+](=O)[O-])c1,3,"InChI=1S/C8H7NO6S/c10-8(11)5-16(14,15)7-3-1-2-6(4-7)9(12)13/h1-4H,5H2,(H,10,11)",0,pKa Data
O=C(O)CS(=O)(=O)c1ccc([N+](=O)[O-])cc1,O=C(O)CS(=O)(=O)c1ccc([N+](=O)[O-])cc1,sour,pKa between 2 and 7,IUPAC Dissocation Constants,0,O=C(O)CS(=O)(=O)c1ccc([N+](=O)[O-])cc1,3,"InChI=1S/C8H7NO6S/c10-8(11)5-16(14,15)7-3-1-6(2-4-7)9(12)13/h1-4H,5H2,(H,10,11)",0,pKa Data
Cc1nc2cnc(=S)[nH]c2n(C)c1=O,Cc1nc2cnc(=S)[nH]c2n(C)c1=O,sour,pKa between 2 and 7,IUPAC Dissocation Constants,0,Cc1nc2cnc(=S)[nH]c2n(C)c1=O,3,"InChI=1S/C8H8N4OS/c1-4-7(13)12(2)6-5(10-4)3-9-8(14)11-6/h3H,1-2H3,(H,9,11,14)",0,pKa Data
CSc1nc2[nH]c(=O)cnc2c(=O)n1C,CSc1nc2[nH]c(=O)cnc2c(=O)n1C,sour,pKa between 2 and 7,IUPAC Dissocation Constants,0,CSc1nc2[nH]c(=O)cnc2c(=O)n1C,3,"InChI=1S/C8H8N4O2S/c1-12-7(14)5-6(11-8(12)15-2)10-4(13)3-9-5/h3H,1-2H3,(H,10,13)",0,pKa Data
CN(C=O)c1ccccc1S,CN(C=O)c1ccccc1S,sour,pKa between 2 and 7,IUPAC Dissocation Constants,0,CN(C=O)c1ccccc1S,3,"InChI=1S/C8H9NOS/c1-9(6-10)7-4-2-3-5-8(7)11/h2-6,11H,1H3",0,pKa Data
Nc1ccc(SCC(=O)O)cc1,Nc1ccc(SCC(=O)O)cc1,sour,pKa between 2 and 7,IUPAC Dissocation Constants,0,Nc1ccc(SCC(=O)O)cc1,3,"InChI=1S/C8H9NO2S/c9-6-1-3-7(4-2-6)12-5-8(10)11/h1-4H,5,9H2,(H,10,11)",0,pKa Data
NNC(=O)COc1ccc(Cl)cc1,NNC(=O)COc1ccc(Cl)cc1,sour,pKa between 2 and 7,IUPAC Dissocation Constants,0,NNC(=O)COc1ccc(Cl)cc1,3,"InChI=1S/C8H9ClN2O2/c9-6-1-3-7(4-2-6)13-5-8(12)11-10/h1-4H,5,10H2,(H,11,12)",0,pKa Data
O=P(O)(O)OCCOc1ccc(Cl)cc1,O=P(O)(O)OCCOc1ccc(Cl)cc1,sour,pKa between 2 and 7,IUPAC Dissocation Constants,0,O=P(O)(O)OCCOc1ccc(Cl)cc1,3,"InChI=1S/C8H10ClO5P/c9-7-1-3-8(4-2-7)13-5-6-14-15(10,11)12/h1-4H,5-6H2,(H2,10,11,12)",0,pKa Data
O=P(O)(O)OCCCc1ccccn1,O=P(O)(O)OCCCc1ccccn1,sour,pKa between 2 and 7,IUPAC Dissocation Constants,0,O=P(O)(O)OCCCc1ccccn1,3,"InChI=1S/C8H12NO4P/c10-14(11,12)13-7-3-5-8-4-1-2-6-9-8/h1-2,4,6H,3,5,7H2,(H2,10,11,12)",0,pKa Data
O=C(O)CCNC(=S)C(=S)NCCC(=O)O,O=C(O)CCNC(=S)C(=S)NCCC(=O)O,sour,pKa between 2 and 7,IUPAC Dissocation Constants,0,O=C(O)CCNC(=S)C(=S)NCCC(=O)O,3,"InChI=1S/C8H12N2O4S2/c11-5(12)1-3-9-7(15)8(16)10-4-2-6(13)14/h1-4H2,(H,9,15)(H,10,16)(H,11,12)(H,13,14)",0,pKa Data
CCCCP(O)(=S)CCCC,CCCCP(O)(=S)CCCC,sour,pKa between 2 and 7,IUPAC Dissocation Constants,0,CCCCP(O)(=S)CCCC,3,"InChI=1S/C8H19OPS/c1-3-5-7-10(9,11)8-6-4-2/h3-8H2,1-2H3,(H,9,11)",0,pKa Data
O=S(=O)(O)CCCNCCNCCCS(=O)(=O)O,O=S(=O)(O)CCCNCCNCCCS(=O)(=O)O,sour,pKa between 2 and 7,IUPAC Dissocation Constants,0,O=S(=O)(O)CCCNCCNCCCS(=O)(=O)O,3,"InChI=1S/C8H20N2O6S2/c11-17(12,13)7-1-3-9-5-6-10-4-2-8-18(14,15)16/h9-10H,1-8H2,(H,11,12,13)(H,14,15,16)",0,pKa Data
O=C(O)C#Cc1ccccc1,O=C(O)C#Cc1ccccc1,sour,pKa between 2 and 7,IUPAC Dissocation Constants,0,O=C(O)C#Cc1ccccc1,3,"InChI=1S/C9H6O2/c10-9(11)7-6-8-4-2-1-3-5-8/h1-5H,(H,10,11)",0,pKa Data
O=C(O)c1cccc(C(=O)O)c1C(=O)O,O=C(O)c1cccc(C(=O)O)c1C(=O)O,sour,pKa between 2 and 7,IUPAC Dissocation Constants,0,O=C(O)c1cccc(C(=O)O)c1C(=O)O,3,"InChI=1S/C9H6O6/c10-7(11)4-2-1-3-5(8(12)13)6(4)9(14)15/h1-3H,(H,10,11)(H,12,13)(H,14,15)",0,pKa Data
O=C(O)c1ccc(C(=O)O)c(C(=O)O)c1,O=C(O)c1ccc(C(=O)O)c(C(=O)O)c1,sour,pKa between 2 and 7,IUPAC Dissocation Constants,0,O=C(O)c1ccc(C(=O)O)c(C(=O)O)c1,3,"InChI=1S/C9H6O6/c10-7(11)4-1-2-5(8(12)13)6(3-4)9(14)15/h1-3H,(H,10,11)(H,12,13)(H,14,15)",0,pKa Data
O=C(O)c1cccc(O)c(=O)c1C(=O)O,O=C(O)c1cccc(O)c(=O)c1C(=O)O,sour,pKa between 2 and 7,IUPAC Dissocation Constants,0,O=C(O)c1cccc(O)c(=O)c1C(=O)O,3,"InChI=1S/C9H6O6/c10-5-3-1-2-4(8(12)13)6(7(5)11)9(14)15/h1-3H,(H,10,11)(H,12,13)(H,14,15)",0,pKa Data
O=C(O)c1cc(C(=O)O)c(O)c(C(=O)O)c1,O=C(O)c1cc(C(=O)O)c(O)c(C(=O)O)c1,sour,pKa between 2 and 7,IUPAC Dissocation Constants,0,O=C(O)c1cc(C(=O)O)c(O)c(C(=O)O)c1,3,"InChI=1S/C9H6O7/c10-6-4(8(13)14)1-3(7(11)12)2-5(6)9(15)16/h1-2,10H,(H,11,12)(H,13,14)(H,15,16)",0,pKa Data
O=C(O)/C=C\c1ccccc1,O=C(O)/C=C\c1ccccc1,sour,pKa between 2 and 7,IUPAC Dissocation Constants,0,O=C(O)/C=C\c1ccccc1,3,"InChI=1S/C9H8O2/c10-9(11)7-6-8-4-2-1-3-5-8/h1-7H,(H,10,11)",0,pKa Data
O=C(O)/C=C/c1ccccc1,O=C(O)/C=C/c1ccccc1,sour,pKa between 2 and 7,IUPAC Dissocation Constants,0,O=C(O)/C=C/c1ccccc1,3,"InChI=1S/C9H8O2/c10-9(11)7-6-8-4-2-1-3-5-8/h1-7H,(H,10,11)",0,pKa Data
CC(=O)c1ccccc1C(=O)O,CC(=O)c1ccccc1C(=O)O,sour,pKa between 2 and 7,IUPAC Dissocation Constants,0,CC(=O)c1ccccc1C(=O)O,3,"InChI=1S/C9H8O3/c1-6(10)7-4-2-3-5-8(7)9(11)12/h2-5H,1H3,(H,11,12)",0,pKa Data
CC(=O)c1cccc(C(=O)O)c1,CC(=O)c1cccc(C(=O)O)c1,sour,pKa between 2 and 7,IUPAC Dissocation Constants,0,CC(=O)c1cccc(C(=O)O)c1,3,"InChI=1S/C9H8O3/c1-6(10)7-3-2-4-8(5-7)9(11)12/h2-5H,1H3,(H,11,12)",0,pKa Data
CC(=O)c1ccc(C(=O)O)cc1,CC(=O)c1ccc(C(=O)O)cc1,sour,pKa between 2 and 7,IUPAC Dissocation Constants,0,CC(=O)c1ccc(C(=O)O)cc1,3,"InChI=1S/C9H8O3/c1-6(10)7-2-4-8(5-3-7)9(11)12/h2-5H,1H3,(H,11,12)",0,pKa Data
O=C(O)/C=C/c1ccc(O)cc1,O=C(O)/C=C/c1ccc(O)cc1,sour,pKa between 2 and 7,IUPAC Dissocation Constants,0,O=C(O)/C=C/c1ccc(O)cc1,3,"InChI=1S/C9H8O3/c10-8-4-1-7(2-5-8)3-6-9(11)12/h1-6,10H,(H,11,12)",0,pKa Data
O=C(O)Cc1ccccc(O)c1=O,O=C(O)Cc1ccccc(O)c1=O,sour,pKa between 2 and 7,IUPAC Dissocation Constants,0,O=C(O)Cc1ccccc(O)c1=O,3,"InChI=1S/C9H8O4/c10-7-4-2-1-3-6(9(7)13)5-8(11)12/h1-4H,5H2,(H,10,13)(H,11,12)",0,pKa Data
Cc1ccc(C(=O)O)c(C(=O)O)c1,Cc1ccc(C(=O)O)c(C(=O)O)c1,sour,pKa between 2 and 7,IUPAC Dissocation Constants,0,Cc1ccc(C(=O)O)c(C(=O)O)c1,3,"InChI=1S/C9H8O4/c1-5-2-3-6(8(10)11)7(4-5)9(12)13/h2-4H,1H3,(H,10,11)(H,12,13)",0,pKa Data
CC(=O)Oc1ccc(C(=O)O)cc1,CC(=O)Oc1ccc(C(=O)O)cc1,sour,pKa between 2 and 7,IUPAC Dissocation Constants,0,CC(=O)Oc1ccc(C(=O)O)cc1,3,"InChI=1S/C9H8O4/c1-6(10)13-8-4-2-7(3-5-8)9(11)12/h2-5H,1H3,(H,11,12)",0,pKa Data
Cc1cccc(=O)c(O)c1C(=O)O,Cc1cccc(=O)c(O)c1C(=O)O,sour,pKa between 2 and 7,IUPAC Dissocation Constants,0,Cc1cccc(=O)c(O)c1C(=O)O,3,"InChI=1S/C9H8O4/c1-5-3-2-4-6(10)8(11)7(5)9(12)13/h2-4H,1H3,(H,10,11)(H,12,13)",0,pKa Data
Cc1cccc(O)c(=O)c1C(=O)O,Cc1cccc(O)c(=O)c1C(=O)O,sour,pKa between 2 and 7,IUPAC Dissocation Constants,0,Cc1cccc(O)c(=O)c1C(=O)O,3,"InChI=1S/C9H8O4/c1-5-3-2-4-6(10)8(11)7(5)9(12)13/h2-4H,1H3,(H,10,11)(H,12,13)",0,pKa Data
O=C(O)C(C(=O)O)c1ccccc1,O=C(O)C(C(=O)O)c1ccccc1,sour,pKa between 2 and 7,IUPAC Dissocation Constants,0,O=C(O)C(C(=O)O)c1ccccc1,3,"InChI=1S/C9H8O4/c10-8(11)7(9(12)13)6-4-2-1-3-5-6/h1-5,7H,(H,10,11)(H,12,13)",0,pKa Data
O=C(O)/C=C\c1ccc(O)cc1O,O=C(O)/C=C\c1ccc(O)cc1O,sour,pKa between 2 and 7,IUPAC Dissocation Constants,0,O=C(O)/C=C\c1ccc(O)cc1O,3,"InChI=1S/C9H8O4/c10-7-3-1-6(8(11)5-7)2-4-9(12)13/h1-5,10-11H,(H,12,13)",0,pKa Data
O=C(O)/C=C\c1cc(O)ccc1O,O=C(O)/C=C\c1cc(O)ccc1O,sour,pKa between 2 and 7,IUPAC Dissocation Constants,0,O=C(O)/C=C\c1cc(O)ccc1O,3,"InChI=1S/C9H8O4/c10-7-2-3-8(11)6(5-7)1-4-9(12)13/h1-5,10-11H,(H,12,13)",0,pKa Data
O=C(O)COc1ccccc1C(=O)O,O=C(O)COc1ccccc1C(=O)O,sour,pKa between 2 and 7,IUPAC Dissocation Constants,0,O=C(O)COc1ccccc1C(=O)O,3,"InChI=1S/C9H8O5/c10-8(11)5-14-7-4-2-1-3-6(7)9(12)13/h1-4H,5H2,(H,10,11)(H,12,13)",0,pKa Data
COc1ccc(C(=O)O)c(C(=O)O)c1,COc1ccc(C(=O)O)c(C(=O)O)c1,sour,pKa between 2 and 7,IUPAC Dissocation Constants,0,COc1ccc(C(=O)O)c(C(=O)O)c1,3,"InChI=1S/C9H8O5/c1-14-5-2-3-6(8(10)11)7(4-5)9(12)13/h2-4H,1H3,(H,10,11)(H,12,13)",0,pKa Data
Cc1ccc(CC(=O)O)cc1,Cc1ccc(CC(=O)O)cc1,sour,pKa between 2 and 7,IUPAC Dissocation Constants,0,Cc1ccc(CC(=O)O)cc1,3,"InChI=1S/C9H10O2/c1-7-2-4-8(5-3-7)6-9(10)11/h2-5H,6H2,1H3,(H,10,11)",0,pKa Data
Cc1cccc(C(=O)O)c1C,Cc1cccc(C(=O)O)c1C,sour,pKa between 2 and 7,IUPAC Dissocation Constants,0,Cc1cccc(C(=O)O)c1C,3,"InChI=1S/C9H10O2/c1-6-4-3-5-8(7(6)2)9(10)11/h3-5H,1-2H3,(H,10,11)",0,pKa Data
Cc1ccc(C(=O)O)c(C)c1,Cc1ccc(C(=O)O)c(C)c1,sour,pKa between 2 and 7,IUPAC Dissocation Constants,0,Cc1ccc(C(=O)O)c(C)c1,3,"InChI=1S/C9H10O2/c1-6-3-4-8(9(10)11)7(2)5-6/h3-5H,1-2H3,(H,10,11)",0,pKa Data
Cc1ccc(C)c(C(=O)O)c1,Cc1ccc(C)c(C(=O)O)c1,sour,pKa between 2 and 7,IUPAC Dissocation Constants,0,Cc1ccc(C)c(C(=O)O)c1,3,"InChI=1S/C9H10O2/c1-6-3-4-7(2)8(5-6)9(10)11/h3-5H,1-2H3,(H,10,11)",0,pKa Data
Cc1cccc(C)c1C(=O)O,Cc1cccc(C)c1C(=O)O,sour,pKa between 2 and 7,IUPAC Dissocation Constants,0,Cc1cccc(C)c1C(=O)O,3,"InChI=1S/C9H10O2/c1-6-4-3-5-7(2)8(6)9(10)11/h3-5H,1-2H3,(H,10,11)",0,pKa Data
Cc1ccc(C(=O)O)cc1C,Cc1ccc(C(=O)O)cc1C,sour,pKa between 2 and 7,IUPAC Dissocation Constants,0,Cc1ccc(C(=O)O)cc1C,3,"InChI=1S/C9H10O2/c1-6-3-4-8(9(10)11)5-7(6)2/h3-5H,1-2H3,(H,10,11)",0,pKa Data
Cc1cc(C)cc(C(=O)O)c1,Cc1cc(C)cc(C(=O)O)c1,sour,pKa between 2 and 7,IUPAC Dissocation Constants,0,Cc1cc(C)cc(C(=O)O)c1,3,"InChI=1S/C9H10O2/c1-6-3-7(2)5-8(4-6)9(10)11/h3-5H,1-2H3,(H,10,11)",0,pKa Data
CC(C(=O)O)c1ccccc1,CC(C(=O)O)c1ccccc1,sour,pKa between 2 and 7,IUPAC Dissocation Constants,0,CC(C(=O)O)c1ccccc1,3,"InChI=1S/C9H10O2/c1-7(9(10)11)8-5-3-2-4-6-8/h2-7H,1H3,(H,10,11)",0,pKa Data
COc1ccc(CC(=O)O)cc1,COc1ccc(CC(=O)O)cc1,sour,pKa between 2 and 7,IUPAC Dissocation Constants,0,COc1ccc(CC(=O)O)cc1,3,"InChI=1S/C9H10O3/c1-12-8-4-2-7(3-5-8)6-9(10)11/h2-5H,6H2,1H3,(H,10,11)",0,pKa Data
Cc1ccc(C)c(C(=O)O)c1O,Cc1ccc(C)c(C(=O)O)c1O,sour,pKa between 2 and 7,IUPAC Dissocation Constants,0,Cc1ccc(C)c(C(=O)O)c1O,3,"InChI=1S/C9H10O3/c1-5-3-4-6(2)8(10)7(5)9(11)12/h3-4,10H,1-2H3,(H,11,12)",0,pKa Data
COc1ccc(C)cc1C(=O)O,COc1ccc(C)cc1C(=O)O,sour,pKa between 2 and 7,IUPAC Dissocation Constants,0,COc1ccc(C)cc1C(=O)O,3,"InChI=1S/C9H10O3/c1-6-3-4-8(12-2)7(5-6)9(10)11/h3-5H,1-2H3,(H,10,11)",0,pKa Data
O=C(O)CCc1ccccc1O,O=C(O)CCc1ccccc1O,sour,pKa between 2 and 7,IUPAC Dissocation Constants,0,O=C(O)CCc1ccccc1O,3,"InChI=1S/C9H10O3/c10-8-4-2-1-3-7(8)5-6-9(11)12/h1-4,10H,5-6H2,(H,11,12)",0,pKa Data
O=C(O)CCOc1ccccc1,O=C(O)CCOc1ccccc1,sour,pKa between 2 and 7,IUPAC Dissocation Constants,0,O=C(O)CCOc1ccccc1,3,"InChI=1S/C9H10O3/c10-9(11)6-7-12-8-4-2-1-3-5-8/h1-5H,6-7H2,(H,10,11)",0,pKa Data
COc1ccccc1C(O)C(=O)O,COc1ccccc1C(O)C(=O)O,sour,pKa between 2 and 7,IUPAC Dissocation Constants,0,COc1ccccc1C(O)C(=O)O,3,"InChI=1S/C9H10O4/c1-13-7-5-3-2-4-6(7)8(10)9(11)12/h2-5,8,10H,1H3,(H,11,12)",0,pKa Data
COc1ccc(C(O)C(=O)O)cc1,COc1ccc(C(O)C(=O)O)cc1,sour,pKa between 2 and 7,IUPAC Dissocation Constants,0,COc1ccc(C(O)C(=O)O)cc1,3,"InChI=1S/C9H10O4/c1-13-7-4-2-6(3-5-7)8(10)9(11)12/h2-5,8,10H,1H3,(H,11,12)",0,pKa Data
COc1cc(CC(=O)O)ccc1O,COc1cc(CC(=O)O)ccc1O,sour,pKa between 2 and 7,IUPAC Dissocation Constants,0,COc1cc(CC(=O)O)ccc1O,3,"InChI=1S/C9H10O4/c1-13-8-4-6(5-9(11)12)2-3-7(8)10/h2-4,10H,5H2,1H3,(H,11,12)",0,pKa Data
CCOc1ccc(C(=O)O)c(O)c1,CCOc1ccc(C(=O)O)c(O)c1,sour,pKa between 2 and 7,IUPAC Dissocation Constants,0,CCOc1ccc(C(=O)O)c(O)c1,3,"InChI=1S/C9H10O4/c1-2-13-6-3-4-7(9(11)12)8(10)5-6/h3-5,10H,2H2,1H3,(H,11,12)",0,pKa Data
COc1cccc(C(=O)O)c1OC,COc1cccc(C(=O)O)c1OC,sour,pKa between 2 and 7,IUPAC Dissocation Constants,0,COc1cccc(C(=O)O)c1OC,3,"InChI=1S/C9H10O4/c1-12-7-5-3-4-6(9(10)11)8(7)13-2/h3-5H,1-2H3,(H,10,11)",0,pKa Data
COc1ccc(C(=O)O)c(OC)c1,COc1ccc(C(=O)O)c(OC)c1,sour,pKa between 2 and 7,IUPAC Dissocation Constants,0,COc1ccc(C(=O)O)c(OC)c1,3,"InChI=1S/C9H10O4/c1-12-6-3-4-7(9(10)11)8(5-6)13-2/h3-5H,1-2H3,(H,10,11)",0,pKa Data
COc1cccc(OC)c1C(=O)O,COc1cccc(OC)c1C(=O)O,sour,pKa between 2 and 7,IUPAC Dissocation Constants,0,COc1cccc(OC)c1C(=O)O,3,"InChI=1S/C9H10O4/c1-12-6-4-3-5-7(13-2)8(6)9(10)11/h3-5H,1-2H3,(H,10,11)",0,pKa Data
COc1cc(OC)cc(C(=O)O)c1,COc1cc(OC)cc(C(=O)O)c1,sour,pKa between 2 and 7,IUPAC Dissocation Constants,0,COc1cc(OC)cc(C(=O)O)c1,3,"InChI=1S/C9H10O4/c1-12-7-3-6(9(10)11)4-8(5-7)13-2/h3-5H,1-2H3,(H,10,11)",0,pKa Data
O=C(O)C1C2C=CC(C2)C1C(=O)O,O=C(O)C1C2C=CC(C2)C1C(=O)O,sour,pKa between 2 and 7,IUPAC Dissocation Constants,0,O=C(O)C1C2C=CC(C2)C1C(=O)O,3,"InChI=1S/C9H10O4/c10-8(11)6-4-1-2-5(3-4)7(6)9(12)13/h1-2,4-7H,3H2,(H,10,11)(H,12,13)",0,pKa Data
O=C(O)CCc1ccc(O)c(O)c1,O=C(O)CCc1ccc(O)c(O)c1,sour,pKa between 2 and 7,IUPAC Dissocation Constants,0,O=C(O)CCc1ccc(O)c(O)c1,3,"InChI=1S/C9H10O4/c10-7-3-1-6(5-8(7)11)2-4-9(12)13/h1,3,5,10-11H,2,4H2,(H,12,13)",0,pKa Data
O=C(O)C12CCC(C(=O)O)(CC1)C2,O=C(O)C12CCC(C(=O)O)(CC1)C2,sour,pKa between 2 and 7,IUPAC Dissocation Constants,0,O=C(O)C12CCC(C(=O)O)(CC1)C2,3,"InChI=1S/C9H12O4/c10-6(11)8-1-2-9(5-8,4-3-8)7(12)13/h1-5H2,(H,10,11)(H,12,13)",0,pKa Data
O=C(O)C1C2CCC(C2)C1C(=O)O,O=C(O)C1C2CCC(C2)C1C(=O)O,sour,pKa between 2 and 7,IUPAC Dissocation Constants,0,O=C(O)C1C2CCC(C2)C1C(=O)O,3,"InChI=1S/C9H12O4/c10-8(11)6-4-1-2-5(3-4)7(6)9(12)13/h4-7H,1-3H2,(H,10,11)(H,12,13)",0,pKa Data
O=C(O)C12CCC(CC1)CC2,O=C(O)C12CCC(CC1)CC2,sour,pKa between 2 and 7,IUPAC Dissocation Constants,0,O=C(O)C12CCC(CC1)CC2,3,"InChI=1S/C9H14O2/c10-8(11)9-4-1-7(2-5-9)3-6-9/h7H,1-6H2,(H,10,11)",0,pKa Data
O=C(O)CCCC1CCCC1=O,O=C(O)CCCC1CCCC1=O,sour,pKa between 2 and 7,IUPAC Dissocation Constants,0,O=C(O)CCCC1CCCC1=O,3,"InChI=1S/C9H14O3/c10-8-5-1-3-7(8)4-2-6-9(11)12/h7H,1-6H2,(H,11,12)",0,pKa Data
CC(=O)C1CC(C(=O)O)C1(C)C,CC(=O)C1CC(C(=O)O)C1(C)C,sour,pKa between 2 and 7,IUPAC Dissocation Constants,0,CC(=O)C1CC(C(=O)O)C1(C)C,3,"InChI=1S/C9H14O3/c1-5(10)6-4-7(8(11)12)9(6,2)3/h6-7H,4H2,1-3H3,(H,11,12)",0,pKa Data
O=C(O)[C@H]1CCCCC[C@H]1C(=O)O,O=C(O)[C@H]1CCCCC[C@H]1C(=O)O,sour,pKa between 2 and 7,IUPAC Dissocation Constants,0,O=C(O)[C@H]1CCCCC[C@H]1C(=O)O,3,"InChI=1S/C9H14O4/c10-8(11)6-4-2-1-3-5-7(6)9(12)13/h6-7H,1-5H2,(H,10,11)(H,12,13)",0,pKa Data
O=C(O)[C@@H]1CCCCC[C@H]1C(=O)O,O=C(O)[C@@H]1CCCCC[C@H]1C(=O)O,sour,pKa between 2 and 7,IUPAC Dissocation Constants,0,O=C(O)[C@@H]1CCCCC[C@H]1C(=O)O,3,"InChI=1S/C9H14O4/c10-8(11)6-4-2-1-3-5-7(6)9(12)13/h6-7H,1-5H2,(H,10,11)(H,12,13)",0,pKa Data
COC(=O)[C@H]1CC[C@H](C(=O)O)CC1,COC(=O)[C@H]1CC[C@H](C(=O)O)CC1,sour,pKa between 2 and 7,IUPAC Dissocation Constants,0,COC(=O)[C@H]1CC[C@H](C(=O)O)CC1,3,"InChI=1S/C9H14O4/c1-13-9(12)7-4-2-6(3-5-7)8(10)11/h6-7H,2-5H2,1H3,(H,10,11)",0,pKa Data
CC[C@@]1(C(=O)O)C[C@]1(CC)C(=O)O,CC[C@@]1(C(=O)O)C[C@]1(CC)C(=O)O,sour,pKa between 2 and 7,IUPAC Dissocation Constants,0,CC[C@@]1(C(=O)O)C[C@]1(CC)C(=O)O,3,"InChI=1S/C9H14O4/c1-3-8(6(10)11)5-9(8,4-2)7(12)13/h3-5H2,1-2H3,(H,10,11)(H,12,13)",0,pKa Data
CC[C@@]1(C(=O)O)C[C@@]1(CC)C(=O)O,CC[C@@]1(C(=O)O)C[C@@]1(CC)C(=O)O,sour,pKa between 2 and 7,IUPAC Dissocation Constants,0,CC[C@@]1(C(=O)O)C[C@@]1(CC)C(=O)O,3,"InChI=1S/C9H14O4/c1-3-8(6(10)11)5-9(8,4-2)7(12)13/h3-5H2,1-2H3,(H,10,11)(H,12,13)",0,pKa Data
CCOC(=O)C(CC)(CC)C(=O)O,CCOC(=O)C(CC)(CC)C(=O)O,sour,pKa between 2 and 7,IUPAC Dissocation Constants,0,CCOC(=O)C(CC)(CC)C(=O)O,3,"InChI=1S/C9H16O4/c1-4-9(5-2,7(10)11)8(12)13-6-3/h4-6H2,1-3H3,(H,10,11)",0,pKa Data
COC(=O)C(C)(C)C(C)(C)C(=O)O,COC(=O)C(C)(C)C(C)(C)C(=O)O,sour,pKa between 2 and 7,IUPAC Dissocation Constants,0,COC(=O)C(C)(C)C(C)(C)C(=O)O,3,"InChI=1S/C9H16O4/c1-8(2,6(10)11)9(3,4)7(12)13-5/h1-5H3,(H,10,11)",0,pKa Data
CCC(CC)(CC(=O)O)CC(=O)O,CCC(CC)(CC(=O)O)CC(=O)O,sour,pKa between 2 and 7,IUPAC Dissocation Constants,0,CCC(CC)(CC(=O)O)CC(=O)O,3,"InChI=1S/C9H16O4/c1-3-9(4-2,5-7(10)11)6-8(12)13/h3-6H2,1-2H3,(H,10,11)(H,12,13)",0,pKa Data
CC(C)C(C)(CC(=O)O)CC(=O)O,CC(C)C(C)(CC(=O)O)CC(=O)O,sour,pKa between 2 and 7,IUPAC Dissocation Constants,0,CC(C)C(C)(CC(=O)O)CC(=O)O,3,"InChI=1S/C9H16O4/c1-6(2)9(3,4-7(10)11)5-8(12)13/h6H,4-5H2,1-3H3,(H,10,11)(H,12,13)",0,pKa Data
CCCCC(CC)(C(=O)O)C(=O)O,CCCCC(CC)(C(=O)O)C(=O)O,sour,pKa between 2 and 7,IUPAC Dissocation Constants,0,CCCCC(CC)(C(=O)O)C(=O)O,3,"InChI=1S/C9H16O4/c1-3-5-6-9(4-2,7(10)11)8(12)13/h3-6H2,1-2H3,(H,10,11)(H,12,13)",0,pKa Data
CC(C)C(C(=O)O)(C(=O)O)C(C)C,CC(C)C(C(=O)O)(C(=O)O)C(C)C,sour,pKa between 2 and 7,IUPAC Dissocation Constants,0,CC(C)C(C(=O)O)(C(=O)O)C(C)C,3,"InChI=1S/C9H16O4/c1-5(2)9(6(3)4,7(10)11)8(12)13/h5-6H,1-4H3,(H,10,11)(H,12,13)",0,pKa Data
CCCC(CCC)(C(=O)O)C(=O)O,CCCC(CCC)(C(=O)O)C(=O)O,sour,pKa between 2 and 7,IUPAC Dissocation Constants,0,CCCC(CCC)(C(=O)O)C(=O)O,3,"InChI=1S/C9H16O4/c1-3-5-9(6-4-2,7(10)11)8(12)13/h3-6H2,1-2H3,(H,10,11)(H,12,13)",0,pKa Data
O=C(O)c1cnc2ccccc2n1,O=C(O)c1cnc2ccccc2n1,sour,pKa between 2 and 7,IUPAC Dissocation Constants,0,O=C(O)c1cnc2ccccc2n1,3,"InChI=1S/C9H6N2O2/c12-9(13)8-5-10-6-3-1-2-4-7(6)11-8/h1-5H,(H,12,13)",0,pKa Data
O=C(O)c1cccc2nccnc12,O=C(O)c1cccc2nccnc12,sour,pKa between 2 and 7,IUPAC Dissocation Constants,0,O=C(O)c1cccc2nccnc12,3,"InChI=1S/C9H6N2O2/c12-9(13)6-2-1-3-7-8(6)11-5-4-10-7/h1-5H,(H,12,13)",0,pKa Data
O=C(O)c1ccc2nccnc2c1,O=C(O)c1ccc2nccnc2c1,sour,pKa between 2 and 7,IUPAC Dissocation Constants,0,O=C(O)c1ccc2nccnc2c1,3,"InChI=1S/C9H6N2O2/c12-9(13)6-1-2-7-8(5-6)11-4-3-10-7/h1-5H,(H,12,13)",0,pKa Data
O=C(O)c1nc2ccccc2nc1O,O=C(O)c1nc2ccccc2nc1O,sour,pKa between 2 and 7,IUPAC Dissocation Constants,0,O=C(O)c1nc2ccccc2nc1O,3,"InChI=1S/C9H6N2O3/c12-8-7(9(13)14)10-5-3-1-2-4-6(5)11-8/h1-4H,(H,11,12)(H,13,14)",0,pKa Data
O=C(O)c1c[nH]c2ccccc12,O=C(O)c1c[nH]c2ccccc12,sour,pKa between 2 and 7,IUPAC Dissocation Constants,0,O=C(O)c1c[nH]c2ccccc12,3,"InChI=1S/C9H7NO2/c11-9(12)7-5-10-8-4-2-1-3-6(7)8/h1-5,10H,(H,11,12)",0,pKa Data
O=c1cc(-c2ccccc2)[nH]o1,O=c1cc(-c2ccccc2)[nH]o1,sour,pKa between 2 and 7,IUPAC Dissocation Constants,0,O=c1cc(-c2ccccc2)[nH]o1,3,"InChI=1S/C9H7NO2/c11-9-6-8(10-12-9)7-4-2-1-3-5-7/h1-6,10H",0,pKa Data
O=C(O)c1cn(-c2ccccc2)nn1,O=C(O)c1cn(-c2ccccc2)nn1,sour,pKa between 2 and 7,IUPAC Dissocation Constants,0,O=C(O)c1cn(-c2ccccc2)nn1,3,"InChI=1S/C9H7N3O2/c13-9(14)8-6-12(11-10-8)7-4-2-1-3-5-7/h1-6H,(H,13,14)",0,pKa Data
O=C(O)C=C(Cl)c1ccccc1,O=C(O)C=C(Cl)c1ccccc1,sour,pKa between 2 and 7,IUPAC Dissocation Constants,0,O=C(O)C=C(Cl)c1ccccc1,3,"InChI=1S/C9H7ClO2/c10-8(6-9(11)12)7-4-2-1-3-5-7/h1-6H,(H,11,12)",0,pKa Data
O=C(O)/C=C/c1ccccc1Br,O=C(O)/C=C/c1ccccc1Br,sour,pKa between 2 and 7,IUPAC Dissocation Constants,0,O=C(O)/C=C/c1ccccc1Br,3,"InChI=1S/C9H7BrO2/c10-8-4-2-1-3-7(8)5-6-9(11)12/h1-6H,(H,11,12)",0,pKa Data
O=C(O)/C=C/c1ccccc1F,O=C(O)/C=C/c1ccccc1F,sour,pKa between 2 and 7,IUPAC Dissocation Constants,0,O=C(O)/C=C/c1ccccc1F,3,"InChI=1S/C9H7FO2/c10-8-4-2-1-3-7(8)5-6-9(11)12/h1-6H,(H,11,12)",0,pKa Data
N#Cc1ccc(OCC(=O)O)cc1,N#Cc1ccc(OCC(=O)O)cc1,sour,pKa between 2 and 7,IUPAC Dissocation Constants,0,N#Cc1ccc(OCC(=O)O)cc1,3,"InChI=1S/C9H7NO3/c10-5-7-1-3-8(4-2-7)13-6-9(11)12/h1-4H,6H2,(H,11,12)",0,pKa Data
O=C(O)/C=C\c1cc(Br)ccc1O,O=C(O)/C=C\c1cc(Br)ccc1O,sour,pKa between 2 and 7,IUPAC Dissocation Constants,0,O=C(O)/C=C\c1cc(Br)ccc1O,3,"InChI=1S/C9H7BrO3/c10-7-2-3-8(11)6(5-7)1-4-9(12)13/h1-5,11H,(H,12,13)",0,pKa Data
O=C(O)c1cccc(C=C[N+](=O)[O-])c1,O=C(O)c1cccc(C=C[N+](=O)[O-])c1,sour,pKa between 2 and 7,IUPAC Dissocation Constants,0,O=C(O)c1cccc(C=C[N+](=O)[O-])c1,3,"InChI=1S/C9H7NO4/c11-9(12)8-3-1-2-7(6-8)4-5-10(13)14/h1-6H,(H,11,12)",0,pKa Data
O=C(O)c1ccc(C=C[N+](=O)[O-])cc1,O=C(O)c1ccc(C=C[N+](=O)[O-])cc1,sour,pKa between 2 and 7,IUPAC Dissocation Constants,0,O=C(O)c1ccc(C=C[N+](=O)[O-])cc1,3,"InChI=1S/C9H7NO4/c11-9(12)8-3-1-7(2-4-8)5-6-10(13)14/h1-6H,(H,11,12)",0,pKa Data
O=C1CCc2c([N+](=O)[O-])ccc(O)c21,O=C1CCc2c([N+](=O)[O-])ccc(O)c21,sour,pKa between 2 and 7,IUPAC Dissocation Constants,0,O=C1CCc2c([N+](=O)[O-])ccc(O)c21,3,"InChI=1S/C9H7NO4/c11-7-3-1-5-6(10(13)14)2-4-8(12)9(5)7/h2,4,12H,1,3H2",0,pKa Data
O=C1CCc2ccc([N+](=O)[O-])c(O)c21,O=C1CCc2ccc([N+](=O)[O-])c(O)c21,sour,pKa between 2 and 7,IUPAC Dissocation Constants,0,O=C1CCc2ccc([N+](=O)[O-])c(O)c21,3,"InChI=1S/C9H7NO4/c11-7-4-2-5-1-3-6(10(13)14)9(12)8(5)7/h1,3,12H,2,4H2",0,pKa Data
N#Cc1cccc(CC([N+](=O)[O-])[N+](=O)[O-])c1,N#Cc1cccc(CC([N+](=O)[O-])[N+](=O)[O-])c1,sour,pKa between 2 and 7,IUPAC Dissocation Constants,0,N#Cc1cccc(CC([N+](=O)[O-])[N+](=O)[O-])c1,3,"InChI=1S/C9H7N3O4/c10-6-8-3-1-2-7(4-8)5-9(11(13)14)12(15)16/h1-4H,5H2,(H,13,14)",0,pKa Data
O=C(O)/C=C\c1cc([N+](=O)[O-])ccc1O,O=C(O)/C=C\c1cc([N+](=O)[O-])ccc1O,sour,pKa between 2 and 7,IUPAC Dissocation Constants,0,O=C(O)/C=C\c1cc([N+](=O)[O-])ccc1O,3,"InChI=1S/C9H7NO5/c11-8-3-2-7(10(14)15)5-6(8)1-4-9(12)13/h1-5,11H,(H,12,13)",0,pKa Data
O=C1CC=NN1c1ccccc1,O=C1CC=NN1c1ccccc1,sour,pKa between 2 and 7,IUPAC Dissocation Constants,0,O=C1CC=NN1c1ccccc1,3,"InChI=1S/C9H8N2O/c12-9-6-7-10-11(9)8-4-2-1-3-5-8/h1-7,10H",0,pKa Data
CCOC(=O)c1nc2cnc[nH]c-2nc1=O,CCOC(=O)c1nc2cnc[nH]c-2nc1=O,sour,pKa between 2 and 7,IUPAC Dissocation Constants,0,CCOC(=O)c1nc2cnc[nH]c-2nc1=O,3,"InChI=1S/C9H8N4O3/c1-2-16-9(15)6-8(14)13-7-5(12-6)3-10-4-11-7/h3-4H,2H2,1H3,(H,10,11,13,14)",0,pKa Data
CC(Oc1ccc(Cl)cc1Cl)C(=O)O,CC(Oc1ccc(Cl)cc1Cl)C(=O)O,sour,pKa between 2 and 7,IUPAC Dissocation Constants,0,CC(Oc1ccc(Cl)cc1Cl)C(=O)O,3,"InChI=1S/C9H8Cl2O3/c1-5(9(12)13)14-8-3-2-6(10)4-7(8)11/h2-5H,1H3,(H,12,13)",0,pKa Data
O=C(O)CCOc1ccc(Cl)cc1Cl,O=C(O)CCOc1ccc(Cl)cc1Cl,sour,pKa between 2 and 7,IUPAC Dissocation Constants,0,O=C(O)CCOc1ccc(Cl)cc1Cl,3,"InChI=1S/C9H8Cl2O3/c10-6-1-2-8(7(11)5-6)14-4-3-9(12)13/h1-2,5H,3-4H2,(H,12,13)",0,pKa Data
O=C(O)CSc1ccccc1C(=O)O,O=C(O)CSc1ccccc1C(=O)O,sour,pKa between 2 and 7,IUPAC Dissocation Constants,0,O=C(O)CSc1ccccc1C(=O)O,3,"InChI=1S/C9H8O4S/c10-8(11)5-14-7-4-2-1-3-6(7)9(12)13/h1-4H,5H2,(H,10,11)(H,12,13)",0,pKa Data
O=C(O)CSc1cccc(C(=O)O)c1,O=C(O)CSc1cccc(C(=O)O)c1,sour,pKa between 2 and 7,IUPAC Dissocation Constants,0,O=C(O)CSc1cccc(C(=O)O)c1,3,"InChI=1S/C9H8O4S/c10-8(11)5-14-7-3-1-2-6(4-7)9(12)13/h1-4H,5H2,(H,10,11)(H,12,13)",0,pKa Data
O=C(O)CSc1ccc(C(=O)O)cc1,O=C(O)CSc1ccc(C(=O)O)cc1,sour,pKa between 2 and 7,IUPAC Dissocation Constants,0,O=C(O)CSc1ccc(C(=O)O)cc1,3,"InChI=1S/C9H8O4S/c10-8(11)5-14-7-3-1-6(2-4-7)9(12)13/h1-4H,5H2,(H,10,11)(H,12,13)",0,pKa Data
Cn1c(=O)c2nc(C(=O)O)c(=O)[nH]c2n(C)c1=O,Cn1c(=O)c2nc(C(=O)O)c(=O)[nH]c2n(C)c1=O,sour,pKa between 2 and 7,IUPAC Dissocation Constants,0,Cn1c(=O)c2nc(C(=O)O)c(=O)[nH]c2n(C)c1=O,3,"InChI=1S/C9H8N4O5/c1-12-5-3(7(15)13(2)9(12)18)10-4(8(16)17)6(14)11-5/h1-2H3,(H,11,14)(H,16,17)",0,pKa Data
O=C(O)CCc1ccc(Cl)cc1,O=C(O)CCc1ccc(Cl)cc1,sour,pKa between 2 and 7,IUPAC Dissocation Constants,0,O=C(O)CCc1ccc(Cl)cc1,3,"InChI=1S/C9H9ClO2/c10-8-4-1-7(2-5-8)3-6-9(11)12/h1-2,4-5H,3,6H2,(H,11,12)",0,pKa Data
O=C(O)CCc1ccccc1Br,O=C(O)CCc1ccccc1Br,sour,pKa between 2 and 7,IUPAC Dissocation Constants,0,O=C(O)CCc1ccccc1Br,3,"InChI=1S/C9H9BrO2/c10-8-4-2-1-3-7(8)5-6-9(11)12/h1-4H,5-6H2,(H,11,12)",0,pKa Data
O=C(O)CCc1ccccc1F,O=C(O)CCc1ccccc1F,sour,pKa between 2 and 7,IUPAC Dissocation Constants,0,O=C(O)CCc1ccccc1F,3,"InChI=1S/C9H9FO2/c10-8-4-2-1-3-7(8)5-6-9(11)12/h1-4H,5-6H2,(H,11,12)",0,pKa Data
O=C1C2C3C=CC(C3)C2C(=O)N1O,O=C1C2C3C=CC(C3)C2C(=O)N1O,sour,pKa between 2 and 7,IUPAC Dissocation Constants,0,O=C1C2C3C=CC(C3)C2C(=O)N1O,3,"InChI=1S/C9H9NO3/c11-8-6-4-1-2-5(3-4)7(6)9(12)10(8)13/h1-2,4-5,11-13H,3H2",0,pKa Data
CC(=O)Nc1cccc(C(=O)O)c1,CC(=O)Nc1cccc(C(=O)O)c1,sour,pKa between 2 and 7,IUPAC Dissocation Constants,0,CC(=O)Nc1cccc(C(=O)O)c1,3,"InChI=1S/C9H9NO3/c1-6(11)10-8-4-2-3-7(5-8)9(12)13/h2-5H,1H3,(H,10,11)(H,12,13)",0,pKa Data
Nc1ccc(O)c(/C=C\C(=O)O)c1,Nc1ccc(O)c(/C=C\C(=O)O)c1,sour,pKa between 2 and 7,IUPAC Dissocation Constants,0,Nc1ccc(O)c(/C=C\C(=O)O)c1,3,"InChI=1S/C9H9NO3/c10-7-2-3-8(11)6(5-7)1-4-9(12)13/h1-5,11H,10H2,(H,12,13)",0,pKa Data
Cc1cc(Cl)ccc1OCC(=O)O,Cc1cc(Cl)ccc1OCC(=O)O,sour,pKa between 2 and 7,IUPAC Dissocation Constants,0,Cc1cc(Cl)ccc1OCC(=O)O,3,"InChI=1S/C9H9ClO3/c1-6-4-7(10)2-3-8(6)13-5-9(11)12/h2-4H,5H2,1H3,(H,11,12)",0,pKa Data
O=C(O)CNC(=O)c1ccccc1O,O=C(O)CNC(=O)c1ccccc1O,sour,pKa between 2 and 7,IUPAC Dissocation Constants,0,O=C(O)CNC(=O)c1ccccc1O,3,"InChI=1S/C9H9NO4/c11-7-4-2-1-3-6(7)9(14)10-5-8(12)13/h1-4,11H,5H2,(H,10,14)(H,12,13)",0,pKa Data
O=C(O)CCc1cccc([N+](=O)[O-])c1,O=C(O)CCc1cccc([N+](=O)[O-])c1,sour,pKa between 2 and 7,IUPAC Dissocation Constants,0,O=C(O)CCc1cccc([N+](=O)[O-])c1,3,"InChI=1S/C9H9NO4/c11-9(12)5-4-7-2-1-3-8(6-7)10(13)14/h1-3,6H,4-5H2,(H,11,12)",0,pKa Data
O=C(O)CCc1ccc([N+](=O)[O-])cc1,O=C(O)CCc1ccc([N+](=O)[O-])cc1,sour,pKa between 2 and 7,IUPAC Dissocation Constants,0,O=C(O)CCc1ccc([N+](=O)[O-])cc1,3,"InChI=1S/C9H9NO4/c11-9(12)6-3-7-1-4-8(5-2-7)10(13)14/h1-2,4-5H,3,6H2,(H,11,12)",0,pKa Data
Cc1cc([N+](=O)[O-])c(C)c(C(=O)O)c1O,Cc1cc([N+](=O)[O-])c(C)c(C(=O)O)c1O,sour,pKa between 2 and 7,IUPAC Dissocation Constants,0,Cc1cc([N+](=O)[O-])c(C)c(C(=O)O)c1O,3,"InChI=1S/C9H9NO5/c1-4-3-6(10(14)15)5(2)7(8(4)11)9(12)13/h3,11H,1-2H3,(H,12,13)",0,pKa Data
CCOC(=O)c1ccc([N+](=O)[O-])c(O)c1,CCOC(=O)c1ccc([N+](=O)[O-])c(O)c1,sour,pKa between 2 and 7,IUPAC Dissocation Constants,0,CCOC(=O)c1ccc([N+](=O)[O-])c(O)c1,3,"InChI=1S/C9H9NO5/c1-2-15-9(12)6-3-4-7(10(13)14)8(11)5-6/h3-5,11H,2H2,1H3",0,pKa Data
CCOC(=O)c1ccc(O)c([N+](=O)[O-])c1,CCOC(=O)c1ccc(O)c([N+](=O)[O-])c1,sour,pKa between 2 and 7,IUPAC Dissocation Constants,0,CCOC(=O)c1ccc(O)c([N+](=O)[O-])c1,3,"InChI=1S/C9H9NO5/c1-2-15-9(12)6-3-4-8(11)7(5-6)10(13)14/h3-5,11H,2H2,1H3",0,pKa Data
O=C(O)CSCc1ccccc1,O=C(O)CSCc1ccccc1,sour,pKa between 2 and 7,IUPAC Dissocation Constants,0,O=C(O)CSCc1ccccc1,3,"InChI=1S/C9H10O2S/c10-9(11)7-12-6-8-4-2-1-3-5-8/h1-5H,6-7H2,(H,10,11)",0,pKa Data
Cc1ccccc1SCC(=O)O,Cc1ccccc1SCC(=O)O,sour,pKa between 2 and 7,IUPAC Dissocation Constants,0,Cc1ccccc1SCC(=O)O,3,"InChI=1S/C9H10O2S/c1-7-4-2-3-5-8(7)12-6-9(10)11/h2-5H,6H2,1H3,(H,10,11)",0,pKa Data
Cc1cccc(SCC(=O)O)c1,Cc1cccc(SCC(=O)O)c1,sour,pKa between 2 and 7,IUPAC Dissocation Constants,0,Cc1cccc(SCC(=O)O)c1,3,"InChI=1S/C9H10O2S/c1-7-3-2-4-8(5-7)12-6-9(10)11/h2-5H,6H2,1H3,(H,10,11)",0,pKa Data
Cc1ccc(SCC(=O)O)cc1,Cc1ccc(SCC(=O)O)cc1,sour,pKa between 2 and 7,IUPAC Dissocation Constants,0,Cc1ccc(SCC(=O)O)cc1,3,"InChI=1S/C9H10O2S/c1-7-2-4-8(5-3-7)12-6-9(10)11/h2-5H,6H2,1H3,(H,10,11)",0,pKa Data
CSc1ccccc1SCC(=O)O,CSc1ccccc1SCC(=O)O,sour,pKa between 2 and 7,IUPAC Dissocation Constants,0,CSc1ccccc1SCC(=O)O,3,"InChI=1S/C9H10O2S2/c1-12-7-4-2-3-5-8(7)13-6-9(10)11/h2-5H,6H2,1H3,(H,10,11)",0,pKa Data
CSc1cccc(SCC(=O)O)c1,CSc1cccc(SCC(=O)O)c1,sour,pKa between 2 and 7,IUPAC Dissocation Constants,0,CSc1cccc(SCC(=O)O)c1,3,"InChI=1S/C9H10O2S2/c1-12-7-3-2-4-8(5-7)13-6-9(10)11/h2-5H,6H2,1H3,(H,10,11)",0,pKa Data
CSc1ccc(SCC(=O)O)cc1,CSc1ccc(SCC(=O)O)cc1,sour,pKa between 2 and 7,IUPAC Dissocation Constants,0,CSc1ccc(SCC(=O)O)cc1,3,"InChI=1S/C9H10O2S2/c1-12-7-2-4-8(5-3-7)13-6-9(10)11/h2-5H,6H2,1H3,(H,10,11)",0,pKa Data
Cc1ccccc1[Se]CC(=O)O,Cc1ccccc1[Se]CC(=O)O,sour,pKa between 2 and 7,IUPAC Dissocation Constants,0,Cc1ccccc1[Se]CC(=O)O,3,"InChI=1S/C9H10O2Se/c1-7-4-2-3-5-8(7)12-6-9(10)11/h2-5H,6H2,1H3,(H,10,11)",0,pKa Data
Cc1cccc([Se]CC(=O)O)c1,Cc1cccc([Se]CC(=O)O)c1,sour,pKa between 2 and 7,IUPAC Dissocation Constants,0,Cc1cccc([Se]CC(=O)O)c1,3,"InChI=1S/C9H10O2Se/c1-7-3-2-4-8(5-7)12-6-9(10)11/h2-5H,6H2,1H3,(H,10,11)",0,pKa Data
Cc1ccc([Se]CC(=O)O)cc1,Cc1ccc([Se]CC(=O)O)cc1,sour,pKa between 2 and 7,IUPAC Dissocation Constants,0,Cc1ccc([Se]CC(=O)O)cc1,3,"InChI=1S/C9H10O2Se/c1-7-2-4-8(5-3-7)12-6-9(10)11/h2-5H,6H2,1H3,(H,10,11)",0,pKa Data
O=C(O)c1nc(O)nc2c1CCCC2,O=C(O)c1nc(O)nc2c1CCCC2,sour,pKa between 2 and 7,IUPAC Dissocation Constants,0,O=C(O)c1nc(O)nc2c1CCCC2,3,"InChI=1S/C9H10N2O3/c12-8(13)7-5-3-1-2-4-6(5)10-9(14)11-7/h1-4H2,(H,12,13)(H,10,11,14)",0,pKa Data
Cc1nc2c([nH]c1=O)c(=O)n(C)c(=O)n2C,Cc1nc2c([nH]c1=O)c(=O)n(C)c(=O)n2C,sour,pKa between 2 and 7,IUPAC Dissocation Constants,0,Cc1nc2c([nH]c1=O)c(=O)n(C)c(=O)n2C,3,"InChI=1S/C9H10N4O3/c1-4-7(14)11-5-6(10-4)12(2)9(16)13(3)8(5)15/h1-3H3,(H,11,14)",0,pKa Data
Cc1nc2c(=O)n(C)c(=O)n(C)c2[nH]c1=O,Cc1nc2c(=O)n(C)c(=O)n(C)c2[nH]c1=O,sour,pKa between 2 and 7,IUPAC Dissocation Constants,0,Cc1nc2c(=O)n(C)c(=O)n(C)c2[nH]c1=O,3,"InChI=1S/C9H10N4O3/c1-4-7(14)11-6-5(10-4)8(15)13(3)9(16)12(6)2/h1-3H3,(H,11,14)",0,pKa Data
Cc1nc2c(=O)n(C)c(=O)[nH]c2n(C)c1=O,Cc1nc2c(=O)n(C)c(=O)[nH]c2n(C)c1=O,sour,pKa between 2 and 7,IUPAC Dissocation Constants,0,Cc1nc2c(=O)n(C)c(=O)[nH]c2n(C)c1=O,3,"InChI=1S/C9H10N4O3/c1-4-7(14)12(2)6-5(10-4)8(15)13(3)9(16)11-6/h1-3H3,(H,11,16)",0,pKa Data
COc1ccccc1SCC(=O)O,COc1ccccc1SCC(=O)O,sour,pKa between 2 and 7,IUPAC Dissocation Constants,0,COc1ccccc1SCC(=O)O,3,"InChI=1S/C9H10O3S/c1-12-7-4-2-3-5-8(7)13-6-9(10)11/h2-5H,6H2,1H3,(H,10,11)",0,pKa Data
COc1cccc(SCC(=O)O)c1,COc1cccc(SCC(=O)O)c1,sour,pKa between 2 and 7,IUPAC Dissocation Constants,0,COc1cccc(SCC(=O)O)c1,3,"InChI=1S/C9H10O3S/c1-12-7-3-2-4-8(5-7)13-6-9(10)11/h2-5H,6H2,1H3,(H,10,11)",0,pKa Data
COc1ccc(SCC(=O)O)cc1,COc1ccc(SCC(=O)O)cc1,sour,pKa between 2 and 7,IUPAC Dissocation Constants,0,COc1ccc(SCC(=O)O)cc1,3,"InChI=1S/C9H10O3S/c1-12-7-2-4-8(5-3-7)13-6-9(10)11/h2-5H,6H2,1H3,(H,10,11)",0,pKa Data
Cc1cccc(S(=O)CC(=O)O)c1,Cc1cccc([S+]([O-])CC(=O)O)c1,sour,pKa between 2 and 7,IUPAC Dissocation Constants,0,Cc1cccc(S(=O)CC(=O)O)c1,3,"InChI=1S/C9H10O3S/c1-7-3-2-4-8(5-7)13(12)6-9(10)11/h2-5H,6H2,1H3,(H,10,11)",0,pKa Data
Cc1ccc(S(=O)CC(=O)O)cc1,Cc1ccc([S+]([O-])CC(=O)O)cc1,sour,pKa between 2 and 7,IUPAC Dissocation Constants,0,Cc1ccc(S(=O)CC(=O)O)cc1,3,"InChI=1S/C9H10O3S/c1-7-2-4-8(5-3-7)13(12)6-9(10)11/h2-5H,6H2,1H3,(H,10,11)",0,pKa Data
COc1ccccc1[Se]CC(=O)O,COc1ccccc1[Se]CC(=O)O,sour,pKa between 2 and 7,IUPAC Dissocation Constants,0,COc1ccccc1[Se]CC(=O)O,3,"InChI=1S/C9H10O3Se/c1-12-7-4-2-3-5-8(7)13-6-9(10)11/h2-5H,6H2,1H3,(H,10,11)",0,pKa Data
COc1cccc([Se]CC(=O)O)c1,COc1cccc([Se]CC(=O)O)c1,sour,pKa between 2 and 7,IUPAC Dissocation Constants,0,COc1cccc([Se]CC(=O)O)c1,3,"InChI=1S/C9H10O3Se/c1-12-7-3-2-4-8(5-7)13-6-9(10)11/h2-5H,6H2,1H3,(H,10,11)",0,pKa Data
COc1ccc([Se]CC(=O)O)cc1,COc1ccc([Se]CC(=O)O)cc1,sour,pKa between 2 and 7,IUPAC Dissocation Constants,0,COc1ccc([Se]CC(=O)O)cc1,3,"InChI=1S/C9H10O3Se/c1-12-7-2-4-8(5-3-7)13-6-9(10)11/h2-5H,6H2,1H3,(H,10,11)",0,pKa Data
Cc1nc2c(=O)[nH]c(=O)[nH]c2n(CCO)c1=O,Cc1nc2c(=O)[nH]c(=O)[nH]c2n(CCO)c1=O,sour,pKa between 2 and 7,IUPAC Dissocation Constants,0,Cc1nc2c(=O)[nH]c(=O)[nH]c2n(CCO)c1=O,3,"InChI=1S/C9H10N4O4/c1-4-8(16)13(2-3-14)6-5(10-4)7(15)12-9(17)11-6/h14H,2-3H2,1H3,(H2,11,12,15,17)",0,pKa Data
COc1ccc(S(=O)CC(=O)O)cc1,COc1ccc([S+]([O-])CC(=O)O)cc1,sour,pKa between 2 and 7,IUPAC Dissocation Constants,0,COc1ccc(S(=O)CC(=O)O)cc1,3,"InChI=1S/C9H10O4S/c1-13-7-2-4-8(5-3-7)14(12)6-9(10)11/h2-5H,6H2,1H3,(H,10,11)",0,pKa Data
Cc1cccc(S(=O)(=O)CC(=O)O)c1,Cc1cccc(S(=O)(=O)CC(=O)O)c1,sour,pKa between 2 and 7,IUPAC Dissocation Constants,0,Cc1cccc(S(=O)(=O)CC(=O)O)c1,3,"InChI=1S/C9H10O4S/c1-7-3-2-4-8(5-7)14(12,13)6-9(10)11/h2-5H,6H2,1H3,(H,10,11)",0,pKa Data
Cc1ccc(S(=O)(=O)CC(=O)O)cc1,Cc1ccc(S(=O)(=O)CC(=O)O)cc1,sour,pKa between 2 and 7,IUPAC Dissocation Constants,0,Cc1ccc(S(=O)(=O)CC(=O)O)cc1,3,"InChI=1S/C9H10O4S/c1-7-2-4-8(5-3-7)14(12,13)6-9(10)11/h2-5H,6H2,1H3,(H,10,11)",0,pKa Data
O=[N+]([O-])C(COCc1ccccc1)[N+](=O)[O-],O=[N+]([O-])C(COCc1ccccc1)[N+](=O)[O-],sour,pKa between 2 and 7,IUPAC Dissocation Constants,0,O=[N+]([O-])C(COCc1ccccc1)[N+](=O)[O-],3,"InChI=1S/C9H10N2O5/c12-10(13)9(11(14)15)7-16-6-8-4-2-1-3-5-8/h1-5H,6-7H2,(H,12,13)",0,pKa Data
CC(C)c1cc([N+](=O)[O-])cc([N+](=O)[O-])c1O,CC(C)c1cc([N+](=O)[O-])cc([N+](=O)[O-])c1O,sour,pKa between 2 and 7,IUPAC Dissocation Constants,0,CC(C)c1cc([N+](=O)[O-])cc([N+](=O)[O-])c1O,3,"InChI=1S/C9H10N2O5/c1-5(2)7-3-6(10(13)14)4-8(9(7)12)11(15)16/h3-5,12H,1-2H3",0,pKa Data
CS(=O)(=O)c1ccc(OCC(=O)O)cc1,CS(=O)(=O)c1ccc(OCC(=O)O)cc1,sour,pKa between 2 and 7,IUPAC Dissocation Constants,0,CS(=O)(=O)c1ccc(OCC(=O)O)cc1,3,"InChI=1S/C9H10O5S/c1-15(12,13)8-4-2-7(3-5-8)14-6-9(10)11/h2-5H,6H2,1H3,(H,10,11)",0,pKa Data
COc1cccc(S(=O)(=O)CC(=O)O)c1,COc1cccc(S(=O)(=O)CC(=O)O)c1,sour,pKa between 2 and 7,IUPAC Dissocation Constants,0,COc1cccc(S(=O)(=O)CC(=O)O)c1,3,"InChI=1S/C9H10O5S/c1-14-7-3-2-4-8(5-7)15(12,13)6-9(10)11/h2-5H,6H2,1H3,(H,10,11)",0,pKa Data
COc1ccc(S(=O)(=O)CC(=O)O)cc1,COc1ccc(S(=O)(=O)CC(=O)O)cc1,sour,pKa between 2 and 7,IUPAC Dissocation Constants,0,COc1ccc(S(=O)(=O)CC(=O)O)cc1,3,"InChI=1S/C9H10O5S/c1-14-7-2-4-8(5-3-7)15(12,13)6-9(10)11/h2-5H,6H2,1H3,(H,10,11)",0,pKa Data
NCc1cccc(CC(=O)O)c1,NCc1cccc(CC(=O)O)c1,sour,pKa between 2 and 7,IUPAC Dissocation Constants,0,NCc1cccc(CC(=O)O)c1,3,"InChI=1S/C9H11NO2/c10-6-8-3-1-2-7(4-8)5-9(11)12/h1-4H,5-6,10H2,(H,11,12)",0,pKa Data
NCc1ccc(CC(=O)O)cc1,NCc1ccc(CC(=O)O)cc1,sour,pKa between 2 and 7,IUPAC Dissocation Constants,0,NCc1ccc(CC(=O)O)cc1,3,"InChI=1S/C9H11NO2/c10-6-8-3-1-7(2-4-8)5-9(11)12/h1-4H,5-6,10H2,(H,11,12)",0,pKa Data
N#CC12CCC(C(=O)O)(CC1)C2,N#CC12CCC(C(=O)O)(CC1)C2,sour,pKa between 2 and 7,IUPAC Dissocation Constants,0,N#CC12CCC(C(=O)O)(CC1)C2,3,"InChI=1S/C9H11NO2/c10-6-8-1-3-9(5-8,4-2-8)7(11)12/h1-5H2,(H,11,12)",0,pKa Data
Nc1nc2c(c(C(=O)O)n1)CCCC2,Nc1nc2c(c(C(=O)O)n1)CCCC2,sour,pKa between 2 and 7,IUPAC Dissocation Constants,0,Nc1nc2c(c(C(=O)O)n1)CCCC2,3,"InChI=1S/C9H11N3O2/c10-9-11-6-4-2-1-3-5(6)7(12-9)8(13)14/h1-4H2,(H,13,14)(H2,10,11,12)",0,pKa Data
COP(=O)(OC)c1cccc(C(=O)O)c1,COP(=O)(OC)c1cccc(C(=O)O)c1,sour,pKa between 2 and 7,IUPAC Dissocation Constants,0,COP(=O)(OC)c1cccc(C(=O)O)c1,3,"InChI=1S/C9H11O5P/c1-13-15(12,14-2)8-5-3-4-7(6-8)9(10)11/h3-6H,1-2H3,(H,10,11)",0,pKa Data
COP(=O)(OC)c1ccc(C(=O)O)cc1,COP(=O)(OC)c1ccc(C(=O)O)cc1,sour,pKa between 2 and 7,IUPAC Dissocation Constants,0,COP(=O)(OC)c1ccc(C(=O)O)cc1,3,"InChI=1S/C9H11O5P/c1-13-15(12,14-2)8-5-3-7(4-6-8)9(10)11/h3-6H,1-2H3,(H,10,11)",0,pKa Data
CN1C(=O)NC(=O)C(N(CC(=O)O)CC(=O)O)C1=O,CN1C(=O)NC(=O)C(N(CC(=O)O)CC(=O)O)C1=O,sour,pKa between 2 and 7,IUPAC Dissocation Constants,0,CN1C(=O)NC(=O)C(N(CC(=O)O)CC(=O)O)C1=O,3,"InChI=1S/C9H11N3O7/c1-11-8(18)6(7(17)10-9(11)19)12(2-4(13)14)3-5(15)16/h17H,2-3H2,1H3,(H,10,19)(H,13,14)(H,15,16)",0,pKa Data
O=S(O)CCCc1ccccc1,O=S(O)CCCc1ccccc1,sour,pKa between 2 and 7,IUPAC Dissocation Constants,0,O=S(O)CCCc1ccccc1,3,"InChI=1S/C9H12O2S/c10-12(11)8-4-7-9-5-2-1-3-6-9/h1-3,5-6H,4,7-8H2,(H,10,11)",0,pKa Data
O=C(O)C12CCC(Br)(CC1)CC2,O=C(O)C12CCC(Br)(CC1)CC2,sour,pKa between 2 and 7,IUPAC Dissocation Constants,0,O=C(O)C12CCC(Br)(CC1)CC2,3,"InChI=1S/C9H13BrO2/c10-9-4-1-8(2-5-9,3-6-9)7(11)12/h1-6H2,(H,11,12)",0,pKa Data
Nc1ccn([C@@H]2O[C@H](CO)[C@@H](O)[C@H]2O)c(=O)n1,Nc1ccn([C@@H]2O[C@H](CO)[C@@H](O)[C@H]2O)c(=O)n1,sour,pKa between 2 and 7,IUPAC Dissocation Constants,0,Nc1ccn([C@@H]2O[C@H](CO)[C@@H](O)[C@H]2O)c(=O)n1,3,"InChI=1S/C9H13N3O5/c10-5-1-2-12(9(16)11-5)8-7(15)6(14)4(3-13)17-8/h1-2,4,6-8,13-15H,3H2,(H2,10,11,16)",0,pKa Data
O=C(O)CN1C(C(=O)O)CCCC1C(=O)O,O=C(O)CN1C(C(=O)O)CCCC1C(=O)O,sour,pKa between 2 and 7,IUPAC Dissocation Constants,0,O=C(O)CN1C(C(=O)O)CCCC1C(=O)O,3,"InChI=1S/C9H13NO6/c11-7(12)4-10-5(8(13)14)2-1-3-6(10)9(15)16/h5-6H,1-4H2,(H,11,12)(H,13,14)(H,15,16)",0,pKa Data
O=C(O)CCC(C(=O)O)N(CC(=O)O)CC(=O)O,O=C(O)CCC(C(=O)O)N(CC(=O)O)CC(=O)O,sour,pKa between 2 and 7,IUPAC Dissocation Constants,0,O=C(O)CCC(C(=O)O)N(CC(=O)O)CC(=O)O,3,"InChI=1S/C9H13NO8/c11-6(12)2-1-5(9(17)18)10(3-7(13)14)4-8(15)16/h5H,1-4H2,(H,11,12)(H,13,14)(H,15,16)(H,17,18)",0,pKa Data
CC(C)C(C#N)(C(=O)O)C(C)C,CC(C)C(C#N)(C(=O)O)C(C)C,sour,pKa between 2 and 7,IUPAC Dissocation Constants,0,CC(C)C(C#N)(C(=O)O)C(C)C,3,"InChI=1S/C9H15NO2/c1-6(2)9(5-10,7(3)4)8(11)12/h6-7H,1-4H3,(H,11,12)",0,pKa Data
O=C(O)CCN(CCC(=O)O)CCC(=O)O,O=C(O)CCN(CCC(=O)O)CCC(=O)O,sour,pKa between 2 and 7,IUPAC Dissocation Constants,0,O=C(O)CCN(CCC(=O)O)CCC(=O)O,3,"InChI=1S/C9H15NO6/c11-7(12)1-4-10(5-2-8(13)14)6-3-9(15)16/h1-6H2,(H,11,12)(H,13,14)(H,15,16)",0,pKa Data
O=C(O)CCP(CCC(=O)O)CCC(=O)O,O=C(O)CCP(CCC(=O)O)CCC(=O)O,sour,pKa between 2 and 7,IUPAC Dissocation Constants,0,O=C(O)CCP(CCC(=O)O)CCC(=O)O,3,"InChI=1S/C9H15O6P/c10-7(11)1-4-16(5-2-8(12)13)6-3-9(14)15/h1-6H2,(H,10,11)(H,12,13)(H,14,15)",0,pKa Data
CCCCC(CC)CNC(=S)S,CCCCC(CC)CNC(=S)S,sour,pKa between 2 and 7,IUPAC Dissocation Constants,0,CCCCC(CC)CNC(=S)S,3,"InChI=1S/C9H19NS2/c1-3-5-6-8(4-2)7-10-9(11)12/h8H,3-7H2,1-2H3,(H2,10,11,12)",0,pKa Data
O=c1o[nH]c(-c2ccccc2)c1Br,O=c1o[nH]c(-c2ccccc2)c1Br,sour,pKa between 2 and 7,IUPAC Dissocation Constants,0,O=c1o[nH]c(-c2ccccc2)c1Br,3,"InChI=1S/C9H6BrNO2/c10-7-8(11-13-9(7)12)6-4-2-1-3-5-6/h1-5,11H",0,pKa Data
N#Cc1ccc(SCC(=O)O)cc1,N#Cc1ccc(SCC(=O)O)cc1,sour,pKa between 2 and 7,IUPAC Dissocation Constants,0,N#Cc1ccc(SCC(=O)O)cc1,3,"InChI=1S/C9H7NO2S/c10-5-7-1-3-8(4-2-7)13-6-9(11)12/h1-4H,6H2,(H,11,12)",0,pKa Data
O=C(O)CSc1cccc(C(F)(F)F)c1,O=C(O)CSc1cccc(C(F)(F)F)c1,sour,pKa between 2 and 7,IUPAC Dissocation Constants,0,O=C(O)CSc1cccc(C(F)(F)F)c1,3,"InChI=1S/C9H7F3O2S/c10-9(11,12)6-2-1-3-7(4-6)15-5-8(13)14/h1-4H,5H2,(H,13,14)",0,pKa Data
O=P(O)(O)Oc1cccc2cccnc12,O=P(O)(O)Oc1cccc2cccnc12,sour,pKa between 2 and 7,IUPAC Dissocation Constants,0,O=P(O)(O)Oc1cccc2cccnc12,3,"InChI=1S/C9H8NO4P/c11-15(12,13)14-8-5-1-3-7-4-2-6-10-9(7)8/h1-6H,(H2,11,12,13)",0,pKa Data
Cc1nc(SCC(=O)O)nc2c1ncn2C,Cc1nc(SCC(=O)O)nc2c1ncn2C,sour,pKa between 2 and 7,IUPAC Dissocation Constants,0,Cc1nc(SCC(=O)O)nc2c1ncn2C,3,"InChI=1S/C9H10N4O2S/c1-5-7-8(13(2)4-10-7)12-9(11-5)16-3-6(14)15/h4H,3H2,1-2H3,(H,14,15)",0,pKa Data
CSc1ccccc1[Se]CC(=O)O,CSc1ccccc1[Se]CC(=O)O,sour,pKa between 2 and 7,IUPAC Dissocation Constants,0,CSc1ccccc1[Se]CC(=O)O,3,"InChI=1S/C9H10O2SSe/c1-12-7-4-2-3-5-8(7)13-6-9(10)11/h2-5H,6H2,1H3,(H,10,11)",0,pKa Data
CSc1ccc([Se]CC(=O)O)cc1,CSc1ccc([Se]CC(=O)O)cc1,sour,pKa between 2 and 7,IUPAC Dissocation Constants,0,CSc1ccc([Se]CC(=O)O)cc1,3,"InChI=1S/C9H10O2SSe/c1-12-7-2-4-8(5-3-7)13-6-9(10)11/h2-5H,6H2,1H3,(H,10,11)",0,pKa Data
CC(=O)N(C)c1ccccc1S,CC(=O)N(C)c1ccccc1S,sour,pKa between 2 and 7,IUPAC Dissocation Constants,0,CC(=O)N(C)c1ccccc1S,3,"InChI=1S/C9H11NOS/c1-7(11)10(2)8-5-3-4-6-9(8)12/h3-6,12H,1-2H3",0,pKa Data
CCCCn1c(=S)[nH]c2c[nH]c(=O)nc21,CCCCn1c(=S)[nH]c2c[nH]c(=O)nc21,sour,pKa between 2 and 7,IUPAC Dissocation Constants,0,CCCCn1c(=S)[nH]c2c[nH]c(=O)nc21,3,"InChI=1S/C9H12N4OS/c1-2-3-4-13-7-6(11-9(13)15)5-10-8(14)12-7/h5H,2-4H2,1H3,(H,11,15)(H,10,12,14)",0,pKa Data
O=C1C=C(O)C(=O)c2ccccc21,O=C1C=C(O)C(=O)c2ccccc21,sour,pKa between 2 and 7,IUPAC Dissocation Constants,0,O=C1C=C(O)C(=O)c2ccccc21,3,"InChI=1S/C10H6O3/c11-8-5-9(12)10(13)7-4-2-1-3-6(7)8/h1-4H,5H2",0,pKa Data
O=C(O)C=C=Cc1ccccc1,O=C(O)C=C=Cc1ccccc1,sour,pKa between 2 and 7,IUPAC Dissocation Constants,0,O=C(O)C=C=Cc1ccccc1,3,"InChI=1S/C10H8O2/c11-10(12)8-4-7-9-5-2-1-3-6-9/h1-3,5-8H,(H,11,12)",0,pKa Data
O=C(O)CC#Cc1ccccc1,O=C(O)CC#Cc1ccccc1,sour,pKa between 2 and 7,IUPAC Dissocation Constants,0,O=C(O)CC#Cc1ccccc1,3,"InChI=1S/C10H8O2/c11-10(12)8-4-7-9-5-2-1-3-6-9/h1-3,5-6H,8H2,(H,11,12)",0,pKa Data
O=C1CC(c2ccccc2)=C1O,O=C1CC(c2ccccc2)=C1O,sour,pKa between 2 and 7,IUPAC Dissocation Constants,0,O=C1CC(c2ccccc2)=C1O,3,"InChI=1S/C10H8O2/c11-9-6-8(10(9)12)7-4-2-1-3-5-7/h1-5,8H,6H2",0,pKa Data
CC1C(=O)c2ccccc2C1=O,CC1C(=O)c2ccccc2C1=O,sour,pKa between 2 and 7,IUPAC Dissocation Constants,0,CC1C(=O)c2ccccc2C1=O,3,"InChI=1S/C10H8O2/c1-6-9(11)7-4-2-3-5-8(7)10(6)12/h2-6H,1H3",0,pKa Data
Oc1cccc2cccc(O)c12,Oc1cccc2cccc(O)c12,sour,pKa between 2 and 7,IUPAC Dissocation Constants,0,Oc1cccc2cccc(O)c12,3,"InChI=1S/C10H8O2/c11-8-5-1-3-7-4-2-6-9(12)10(7)8/h1-6,11-12H",0,pKa Data
O=C(O)Cc1cccc(O)c(=O)c1C(=O)O,O=C(O)Cc1cccc(O)c(=O)c1C(=O)O,sour,pKa between 2 and 7,IUPAC Dissocation Constants,0,O=C(O)Cc1cccc(O)c(=O)c1C(=O)O,3,"InChI=1S/C10H8O6/c11-6-3-1-2-5(4-7(12)13)8(9(6)14)10(15)16/h1-3H,4H2,(H,11,14)(H,12,13)(H,15,16)",0,pKa Data
C=CCc1cccc(C(=O)O)c1,C=CCc1cccc(C(=O)O)c1,sour,pKa between 2 and 7,IUPAC Dissocation Constants,0,C=CCc1cccc(C(=O)O)c1,3,"InChI=1S/C10H10O2/c1-2-4-8-5-3-6-9(7-8)10(11)12/h2-3,5-7H,1,4H2,(H,11,12)",0,pKa Data
C=CCc1ccc(C(=O)O)cc1,C=CCc1ccc(C(=O)O)cc1,sour,pKa between 2 and 7,IUPAC Dissocation Constants,0,C=CCc1ccc(C(=O)O)cc1,3,"InChI=1S/C10H10O2/c1-2-3-8-4-6-9(7-5-8)10(11)12/h2,4-7H,1,3H2,(H,11,12)",0,pKa Data
O=C(O)c1ccccc1C1CC1,O=C(O)c1ccccc1C1CC1,sour,pKa between 2 and 7,IUPAC Dissocation Constants,0,O=C(O)c1ccccc1C1CC1,3,"InChI=1S/C10H10O2/c11-10(12)9-4-2-1-3-8(9)7-5-6-7/h1-4,7H,5-6H2,(H,11,12)",0,pKa Data
O=C(O)c1ccc(C2CC2)cc1,O=C(O)c1ccc(C2CC2)cc1,sour,pKa between 2 and 7,IUPAC Dissocation Constants,0,O=C(O)c1ccc(C2CC2)cc1,3,"InChI=1S/C10H10O2/c11-10(12)9-5-3-8(4-6-9)7-1-2-7/h3-7H,1-2H2,(H,11,12)",0,pKa Data
C=C(C)c1ccc(C(=O)O)cc1,C=C(C)c1ccc(C(=O)O)cc1,sour,pKa between 2 and 7,IUPAC Dissocation Constants,0,C=C(C)c1ccc(C(=O)O)cc1,3,"InChI=1S/C10H10O2/c1-7(2)8-3-5-9(6-4-8)10(11)12/h3-6H,1H2,2H3,(H,11,12)",0,pKa Data
O=C(O)[C@@H]1C[C@H]1c1ccccc1,O=C(O)[C@@H]1C[C@H]1c1ccccc1,sour,pKa between 2 and 7,IUPAC Dissocation Constants,0,O=C(O)[C@@H]1C[C@H]1c1ccccc1,3,"InChI=1S/C10H10O2/c11-10(12)9-6-8(9)7-4-2-1-3-5-7/h1-5,8-9H,6H2,(H,11,12)",0,pKa Data
Cc1ccc(O)c(C=CC(=O)O)c1,Cc1ccc(O)c(C=CC(=O)O)c1,sour,pKa between 2 and 7,IUPAC Dissocation Constants,0,Cc1ccc(O)c(C=CC(=O)O)c1,3,"InChI=1S/C10H10O3/c1-7-2-4-9(11)8(6-7)3-5-10(12)13/h2-6,11H,1H3,(H,12,13)",0,pKa Data
CC(=O)c1ccc(OCC(=O)O)cc1,CC(=O)c1ccc(OCC(=O)O)cc1,sour,pKa between 2 and 7,IUPAC Dissocation Constants,0,CC(=O)c1ccc(OCC(=O)O)cc1,3,"InChI=1S/C10H10O4/c1-7(11)8-2-4-9(5-3-8)14-6-10(12)13/h2-5H,6H2,1H3,(H,12,13)",0,pKa Data
COC(=O)C1=C(C(=O)O)C2C=CC1C2,COC(=O)C1=C(C(=O)O)C2C=CC1C2,sour,pKa between 2 and 7,IUPAC Dissocation Constants,0,COC(=O)C1=C(C(=O)O)C2C=CC1C2,3,"InChI=1S/C10H10O4/c1-14-10(13)8-6-3-2-5(4-6)7(8)9(11)12/h2-3,5-6H,4H2,1H3,(H,11,12)",0,pKa Data
O=C(O)C(Cc1ccccc1)C(=O)O,O=C(O)C(Cc1ccccc1)C(=O)O,sour,pKa between 2 and 7,IUPAC Dissocation Constants,0,O=C(O)C(Cc1ccccc1)C(=O)O,3,"InChI=1S/C10H10O4/c11-9(12)8(10(13)14)6-7-4-2-1-3-5-7/h1-5,8H,6H2,(H,11,12)(H,13,14)",0,pKa Data
COc1cc(/C=C/C(=O)O)ccc1O,COc1cc(/C=C/C(=O)O)ccc1O,sour,pKa between 2 and 7,IUPAC Dissocation Constants,0,COc1cc(/C=C/C(=O)O)ccc1O,3,"InChI=1S/C10H10O4/c1-14-9-6-7(2-4-8(9)11)3-5-10(12)13/h2-6,11H,1H3,(H,12,13)",0,pKa Data
CCOc1ccc(C(=O)O)c(C(=O)O)c1,CCOc1ccc(C(=O)O)c(C(=O)O)c1,sour,pKa between 2 and 7,IUPAC Dissocation Constants,0,CCOc1ccc(C(=O)O)c(C(=O)O)c1,3,"InChI=1S/C10H10O5/c1-2-15-6-3-4-7(9(11)12)8(5-6)10(13)14/h3-5H,2H2,1H3,(H,11,12)(H,13,14)",0,pKa Data
COc1ccc(C=O)c(C(=O)O)c1OC,COc1ccc(C=O)c(C(=O)O)c1OC,sour,pKa between 2 and 7,IUPAC Dissocation Constants,0,COc1ccc(C=O)c(C(=O)O)c1OC,3,"InChI=1S/C10H10O5/c1-14-7-4-3-6(5-11)8(10(12)13)9(7)15-2/h3-5H,1-2H3,(H,12,13)",0,pKa Data
O=C(O)COC(C(=O)O)c1ccccc1,O=C(O)COC(C(=O)O)c1ccccc1,sour,pKa between 2 and 7,IUPAC Dissocation Constants,0,O=C(O)COC(C(=O)O)c1ccccc1,3,"InChI=1S/C10H10O5/c11-8(12)6-15-9(10(13)14)7-4-2-1-3-5-7/h1-5,9H,6H2,(H,11,12)(H,13,14)",0,pKa Data
O=C(O)COc1ccccc1OCC(=O)O,O=C(O)COc1ccccc1OCC(=O)O,sour,pKa between 2 and 7,IUPAC Dissocation Constants,0,O=C(O)COc1ccccc1OCC(=O)O,3,"InChI=1S/C10H10O6/c11-9(12)5-15-7-3-1-2-4-8(7)16-6-10(13)14/h1-4H,5-6H2,(H,11,12)(H,13,14)",0,pKa Data
CC(C)c1ccc(C(=O)O)cc1,CC(C)c1ccc(C(=O)O)cc1,sour,pKa between 2 and 7,IUPAC Dissocation Constants,0,CC(C)c1ccc(C(=O)O)cc1,3,"InChI=1S/C10H12O2/c1-7(2)8-3-5-9(6-4-8)10(11)12/h3-7H,1-2H3,(H,11,12)",0,pKa Data
Cc1ccc(C(=O)O)c(C)c1C,Cc1ccc(C(=O)O)c(C)c1C,sour,pKa between 2 and 7,IUPAC Dissocation Constants,0,Cc1ccc(C(=O)O)c(C)c1C,3,"InChI=1S/C10H12O2/c1-6-4-5-9(10(11)12)8(3)7(6)2/h4-5H,1-3H3,(H,11,12)",0,pKa Data
Cc1cc(C)c(C)c(C(=O)O)c1,Cc1cc(C)c(C)c(C(=O)O)c1,sour,pKa between 2 and 7,IUPAC Dissocation Constants,0,Cc1cc(C)c(C)c(C(=O)O)c1,3,"InChI=1S/C10H12O2/c1-6-4-7(2)8(3)9(5-6)10(11)12/h4-5H,1-3H3,(H,11,12)",0,pKa Data
Cc1ccc(C)c(C(=O)O)c1C,Cc1ccc(C)c(C(=O)O)c1C,sour,pKa between 2 and 7,IUPAC Dissocation Constants,0,Cc1ccc(C)c(C(=O)O)c1C,3,"InChI=1S/C10H12O2/c1-6-4-5-7(2)9(8(6)3)10(11)12/h4-5H,1-3H3,(H,11,12)",0,pKa Data
Cc1cc(C)c(C(=O)O)cc1C,Cc1cc(C)c(C(=O)O)cc1C,sour,pKa between 2 and 7,IUPAC Dissocation Constants,0,Cc1cc(C)c(C(=O)O)cc1C,3,"InChI=1S/C10H12O2/c1-6-4-8(3)9(10(11)12)5-7(6)2/h4-5H,1-3H3,(H,11,12)",0,pKa Data
Cc1cc(C)c(C(=O)O)c(C)c1,Cc1cc(C)c(C(=O)O)c(C)c1,sour,pKa between 2 and 7,IUPAC Dissocation Constants,0,Cc1cc(C)c(C(=O)O)c(C)c1,3,"InChI=1S/C10H12O2/c1-6-4-7(2)9(10(11)12)8(3)5-6/h4-5H,1-3H3,(H,11,12)",0,pKa Data
Cc1cc(C(=O)O)cc(C)c1C,Cc1cc(C(=O)O)cc(C)c1C,sour,pKa between 2 and 7,IUPAC Dissocation Constants,0,Cc1cc(C(=O)O)cc(C)c1C,3,"InChI=1S/C10H12O2/c1-6-4-9(10(11)12)5-7(2)8(6)3/h4-5H,1-3H3,(H,11,12)",0,pKa Data
CC(CC(=O)O)c1ccccc1,CC(CC(=O)O)c1ccccc1,sour,pKa between 2 and 7,IUPAC Dissocation Constants,0,CC(CC(=O)O)c1ccccc1,3,"InChI=1S/C10H12O2/c1-8(7-10(11)12)9-5-3-2-4-6-9/h2-6,8H,7H2,1H3,(H,11,12)",0,pKa Data
CC(C)c1cccc(=O)c(O)c1,CC(C)c1cccc(=O)c(O)c1,sour,pKa between 2 and 7,IUPAC Dissocation Constants,0,CC(C)c1cccc(=O)c(O)c1,3,"InChI=1S/C10H12O2/c1-7(2)8-4-3-5-9(11)10(12)6-8/h3-7H,1-2H3,(H,11,12)",0,pKa Data
CC(C)c1ccc(O)c(=O)cc1,CC(C)c1ccc(O)c(=O)cc1,sour,pKa between 2 and 7,IUPAC Dissocation Constants,0,CC(C)c1ccc(O)c(=O)cc1,3,"InChI=1S/C10H12O2/c1-7(2)8-3-5-9(11)10(12)6-4-8/h3-7H,1-2H3,(H,11,12)",0,pKa Data
Cc1ccc(CCC(=O)O)cc1,Cc1ccc(CCC(=O)O)cc1,sour,pKa between 2 and 7,IUPAC Dissocation Constants,0,Cc1ccc(CCC(=O)O)cc1,3,"InChI=1S/C10H12O2/c1-8-2-4-9(5-3-8)6-7-10(11)12/h2-5H,6-7H2,1H3,(H,11,12)",0,pKa Data
Cc1ccc(OCC(=O)O)c(C)c1,Cc1ccc(OCC(=O)O)c(C)c1,sour,pKa between 2 and 7,IUPAC Dissocation Constants,0,Cc1ccc(OCC(=O)O)c(C)c1,3,"InChI=1S/C10H12O3/c1-7-3-4-9(8(2)5-7)13-6-10(11)12/h3-5H,6H2,1-2H3,(H,11,12)",0,pKa Data
Cc1cc(C)cc(OCC(=O)O)c1,Cc1cc(C)cc(OCC(=O)O)c1,sour,pKa between 2 and 7,IUPAC Dissocation Constants,0,Cc1cc(C)cc(OCC(=O)O)c1,3,"InChI=1S/C10H12O3/c1-7-3-8(2)5-9(4-7)13-6-10(11)12/h3-5H,6H2,1-2H3,(H,11,12)",0,pKa Data
Cc1ccc(C)c(C(O)C(=O)O)c1,Cc1ccc(C)c(C(O)C(=O)O)c1,sour,pKa between 2 and 7,IUPAC Dissocation Constants,0,Cc1ccc(C)c(C(O)C(=O)O)c1,3,"InChI=1S/C10H12O3/c1-6-3-4-7(2)8(5-6)9(11)10(12)13/h3-5,9,11H,1-2H3,(H,12,13)",0,pKa Data
CCc1ccc(C(O)C(=O)O)cc1,CCc1ccc(C(O)C(=O)O)cc1,sour,pKa between 2 and 7,IUPAC Dissocation Constants,0,CCc1ccc(C(O)C(=O)O)cc1,3,"InChI=1S/C10H12O3/c1-2-7-3-5-8(6-4-7)9(11)10(12)13/h3-6,9,11H,2H2,1H3,(H,12,13)",0,pKa Data
CC(C)c1cccc(C(=O)O)c1O,CC(C)c1cccc(C(=O)O)c1O,sour,pKa between 2 and 7,IUPAC Dissocation Constants,0,CC(C)c1cccc(C(=O)O)c1O,3,"InChI=1S/C10H12O3/c1-6(2)7-4-3-5-8(9(7)11)10(12)13/h3-6,11H,1-2H3,(H,12,13)",0,pKa Data
COc1ccc(CCC(=O)O)cc1,COc1ccc(CCC(=O)O)cc1,sour,pKa between 2 and 7,IUPAC Dissocation Constants,0,COc1ccc(CCC(=O)O)cc1,3,"InChI=1S/C10H12O3/c1-13-9-5-2-8(3-6-9)4-7-10(11)12/h2-3,5-6H,4,7H2,1H3,(H,11,12)",0,pKa Data
COC(=O)C1=C(C(=O)O)C2CCC1C2,COC(=O)C1=C(C(=O)O)C2CCC1C2,sour,pKa between 2 and 7,IUPAC Dissocation Constants,0,COC(=O)C1=C(C(=O)O)C2CCC1C2,3,"InChI=1S/C10H12O4/c1-14-10(13)8-6-3-2-5(4-6)7(8)9(11)12/h5-6H,2-4H2,1H3,(H,11,12)",0,pKa Data
O=C(O)C1CC2C=CC1(C(=O)O)CC2,O=C(O)C1CC2C=CC1(C(=O)O)CC2,sour,pKa between 2 and 7,IUPAC Dissocation Constants,0,O=C(O)C1CC2C=CC1(C(=O)O)CC2,3,"InChI=1S/C10H12O4/c11-8(12)7-5-6-1-3-10(7,4-2-6)9(13)14/h1,3,6-7H,2,4-5H2,(H,11,12)(H,13,14)",0,pKa Data
CCC(=O)c1c(O)oc(CC)cc1=O,CCC(=O)c1c(O)oc(CC)cc1=O,sour,pKa between 2 and 7,IUPAC Dissocation Constants,0,CCC(=O)c1c(O)oc(CC)cc1=O,3,"InChI=1S/C10H12O4/c1-3-6-5-8(12)9(7(11)4-2)10(13)14-6/h5,12H,3-4H2,1-2H3",0,pKa Data
COc1cc(C(=O)O)cc(OC)c1OC,COc1cc(C(=O)O)cc(OC)c1OC,sour,pKa between 2 and 7,IUPAC Dissocation Constants,0,COc1cc(C(=O)O)cc(OC)c1OC,3,"InChI=1S/C10H12O5/c1-13-7-4-6(10(11)12)5-8(14-2)9(7)15-3/h4-5H,1-3H3,(H,11,12)",0,pKa Data
COC(=O)C12CCC(C(=O)O)(CC1)C2,COC(=O)C12CCC(C(=O)O)(CC1)C2,sour,pKa between 2 and 7,IUPAC Dissocation Constants,0,COC(=O)C12CCC(C(=O)O)(CC1)C2,3,"InChI=1S/C10H14O4/c1-14-8(13)10-4-2-9(6-10,3-5-10)7(11)12/h2-6H2,1H3,(H,11,12)",0,pKa Data
O=C(O)C12CCC(C(=O)O)(CC1)CC2,O=C(O)C12CCC(C(=O)O)(CC1)CC2,sour,pKa between 2 and 7,IUPAC Dissocation Constants,0,O=C(O)C12CCC(C(=O)O)(CC1)CC2,3,"InChI=1S/C10H14O4/c11-7(12)9-1-2-10(5-3-9,6-4-9)8(13)14/h1-6H2,(H,11,12)(H,13,14)",0,pKa Data
O=C(O)C1C2CCC(CC2)C1C(=O)O,O=C(O)C1C2CCC(CC2)C1C(=O)O,sour,pKa between 2 and 7,IUPAC Dissocation Constants,0,O=C(O)C1C2CCC(CC2)C1C(=O)O,3,"InChI=1S/C10H14O4/c11-9(12)7-5-1-2-6(4-3-5)8(7)10(13)14/h5-8H,1-4H2,(H,11,12)(H,13,14)",0,pKa Data
CC(=O)C1CC(CC(=O)O)C1(C)C,CC(=O)C1CC(CC(=O)O)C1(C)C,sour,pKa between 2 and 7,IUPAC Dissocation Constants,0,CC(=O)C1CC(CC(=O)O)C1(C)C,3,"InChI=1S/C10H16O3/c1-6(11)8-4-7(5-9(12)13)10(8,2)3/h7-8H,4-5H2,1-3H3,(H,12,13)",0,pKa Data
CC1(C)C(CC(=O)O)CC1CC(=O)O,CC1(C)C(CC(=O)O)CC1CC(=O)O,sour,pKa between 2 and 7,IUPAC Dissocation Constants,0,CC1(C)C(CC(=O)O)CC1CC(=O)O,3,"InChI=1S/C10H16O4/c1-10(2)6(4-8(11)12)3-7(10)5-9(13)14/h6-7H,3-5H2,1-2H3,(H,11,12)(H,13,14)",0,pKa Data
O=C(O)[C@H]1CCCCCC[C@H]1C(=O)O,O=C(O)[C@H]1CCCCCC[C@H]1C(=O)O,sour,pKa between 2 and 7,IUPAC Dissocation Constants,0,O=C(O)[C@H]1CCCCCC[C@H]1C(=O)O,3,"InChI=1S/C10H16O4/c11-9(12)7-5-3-1-2-4-6-8(7)10(13)14/h7-8H,1-6H2,(H,11,12)(H,13,14)",0,pKa Data
O=C(O)[C@@H]1CCCCCC[C@H]1C(=O)O,O=C(O)[C@@H]1CCCCCC[C@H]1C(=O)O,sour,pKa between 2 and 7,IUPAC Dissocation Constants,0,O=C(O)[C@@H]1CCCCCC[C@H]1C(=O)O,3,"InChI=1S/C10H16O4/c11-9(12)7-5-3-1-2-4-6-8(7)10(13)14/h7-8H,1-6H2,(H,11,12)(H,13,14)",0,pKa Data
CC1(C)[C@H](C(=O)O)CC[C@]1(C)C(=O)O,CC1(C)[C@H](C(=O)O)CC[C@]1(C)C(=O)O,sour,pKa between 2 and 7,IUPAC Dissocation Constants,0,CC1(C)[C@H](C(=O)O)CC[C@]1(C)C(=O)O,3,"InChI=1S/C10H16O4/c1-9(2)6(7(11)12)4-5-10(9,3)8(13)14/h6H,4-5H2,1-3H3,(H,11,12)(H,13,14)",0,pKa Data
CC(O)C1CC(CC(=O)O)C1(C)C,CC(O)C1CC(CC(=O)O)C1(C)C,sour,pKa between 2 and 7,IUPAC Dissocation Constants,0,CC(O)C1CC(CC(=O)O)C1(C)C,3,"InChI=1S/C10H18O3/c1-6(11)8-4-7(5-9(12)13)10(8,2)3/h6-8,11H,4-5H2,1-3H3,(H,12,13)",0,pKa Data
CCOC(=O)C(CC)(C(=O)O)C(C)C,CCOC(=O)C(CC)(C(=O)O)C(C)C,sour,pKa between 2 and 7,IUPAC Dissocation Constants,0,CCOC(=O)C(CC)(C(=O)O)C(C)C,3,"InChI=1S/C10H18O4/c1-5-10(7(3)4,8(11)12)9(13)14-6-2/h7H,5-6H2,1-4H3,(H,11,12)",0,pKa Data
O=C(O)CCCCCCCCC(=O)O,O=C(O)CCCCCCCCC(=O)O,sour,pKa between 2 and 7,IUPAC Dissocation Constants,0,O=C(O)CCCCCCCCC(=O)O,3,"InChI=1S/C10H18O4/c11-9(12)7-5-3-1-2-4-6-8-10(13)14/h1-8H2,(H,11,12)(H,13,14)",0,pKa Data
CC(C)(C)C(C)(CC(=O)O)CC(=O)O,CC(C)(C)C(C)(CC(=O)O)CC(=O)O,sour,pKa between 2 and 7,IUPAC Dissocation Constants,0,CC(C)(C)C(C)(CC(=O)O)CC(=O)O,3,"InChI=1S/C10H18O4/c1-9(2,3)10(4,5-7(11)12)6-8(13)14/h5-6H2,1-4H3,(H,11,12)(H,13,14)",0,pKa Data
CCC(CC)C(CC)(C(=O)O)C(=O)O,CCC(CC)C(CC)(C(=O)O)C(=O)O,sour,pKa between 2 and 7,IUPAC Dissocation Constants,0,CCC(CC)C(CC)(C(=O)O)C(=O)O,3,"InChI=1S/C10H18O4/c1-4-7(5-2)10(6-3,8(11)12)9(13)14/h7H,4-6H2,1-3H3,(H,11,12)(H,13,14)",0,pKa Data
CCC(C)(OC(C)(CC)C(=O)O)C(=O)O,CCC(C)(OC(C)(CC)C(=O)O)C(=O)O,sour,pKa between 2 and 7,IUPAC Dissocation Constants,0,CCC(C)(OC(C)(CC)C(=O)O)C(=O)O,3,"InChI=1S/C10H18O5/c1-5-9(3,7(11)12)15-10(4,6-2)8(13)14/h5-6H2,1-4H3,(H,11,12)(H,13,14)",0,pKa Data
O=Nc1c(O)c(N=O)c2ccccc2c1O,O=Nc1c(O)c(N=O)c2ccccc2c1O,sour,pKa between 2 and 7,IUPAC Dissocation Constants,0,O=Nc1c(O)c(N=O)c2ccccc2c1O,3,"InChI=1S/C10H6N2O4/c13-9-6-4-2-1-3-5(6)7(11-15)10(14)8(9)12-16/h1-4,15-16H",0,pKa Data
O=C(CC(=O)C(F)(F)F)c1ccccc1,O=C(CC(=O)C(F)(F)F)c1ccccc1,sour,pKa between 2 and 7,IUPAC Dissocation Constants,0,O=C(CC(=O)C(F)(F)F)c1ccccc1,3,"InChI=1S/C10H7F3O2/c11-10(12,13)9(15)6-8(14)7-4-2-1-3-5-7/h1-5H,6H2",0,pKa Data
O=[N+]([O-])c1ccc2ccccc2c1O,O=[N+]([O-])c1ccc2ccccc2c1O,sour,pKa between 2 and 7,IUPAC Dissocation Constants,0,O=[N+]([O-])c1ccc2ccccc2c1O,3,"InChI=1S/C10H7NO3/c12-10-8-4-2-1-3-7(8)5-6-9(10)11(13)14/h1-6,12H",0,pKa Data
O=[N+]([O-])c1ccc(O)c2ccccc12,O=[N+]([O-])c1ccc(O)c2ccccc12,sour,pKa between 2 and 7,IUPAC Dissocation Constants,0,O=[N+]([O-])c1ccc(O)c2ccccc12,3,"InChI=1S/C10H7NO3/c12-10-6-5-9(11(13)14)7-3-1-2-4-8(7)10/h1-6,12H",0,pKa Data
O=[N+]([O-])c1c(O)ccc2ccccc12,O=[N+]([O-])c1c(O)ccc2ccccc12,sour,pKa between 2 and 7,IUPAC Dissocation Constants,0,O=[N+]([O-])c1c(O)ccc2ccccc12,3,"InChI=1S/C10H7NO3/c12-9-6-5-7-3-1-2-4-8(7)10(9)11(13)14/h1-6,12H",0,pKa Data
N#Cc1ccc(O)c(C=CC(=O)O)c1,N#Cc1ccc(O)c(C=CC(=O)O)c1,sour,pKa between 2 and 7,IUPAC Dissocation Constants,0,N#Cc1ccc(O)c(C=CC(=O)O)c1,3,"InChI=1S/C10H7NO3/c11-6-7-1-3-9(12)8(5-7)2-4-10(13)14/h1-5,12H,(H,13,14)",0,pKa Data
Cc1cc(=O)oc2cc(O)c(Cl)cc12,Cc1cc(=O)oc2cc(O)c(Cl)cc12,sour,pKa between 2 and 7,IUPAC Dissocation Constants,0,Cc1cc(=O)oc2cc(O)c(Cl)cc12,3,"InChI=1S/C10H7ClO3/c1-5-2-10(13)14-9-4-8(12)7(11)3-6(5)9/h2-4,12H,1H3",0,pKa Data
O=C(O)c1nnn(-c2ccccc2)c1C(=O)O,O=C(O)c1nnn(-c2ccccc2)c1C(=O)O,sour,pKa between 2 and 7,IUPAC Dissocation Constants,0,O=C(O)c1nnn(-c2ccccc2)c1C(=O)O,3,"InChI=1S/C10H7N3O4/c14-9(15)7-8(10(16)17)13(12-11-7)6-4-2-1-3-5-6/h1-5H,(H,14,15)(H,16,17)",0,pKa Data
O=C1c2ccccc2C(=O)N1CC([N+](=O)[O-])[N+](=O)[O-],O=C1c2ccccc2C(=O)N1CC([N+](=O)[O-])[N+](=O)[O-],sour,pKa between 2 and 7,IUPAC Dissocation Constants,0,O=C1c2ccccc2C(=O)N1CC([N+](=O)[O-])[N+](=O)[O-],3,"InChI=1S/C10H7N3O6/c14-9-6-3-1-2-4-7(6)10(15)11(9)5-8(12(16)17)13(18)19/h1-4H,5H2,(H,16,17)",0,pKa Data
O=C(O)c1ccn(-c2ccccc2)n1,O=C(O)c1ccn(-c2ccccc2)n1,sour,pKa between 2 and 7,IUPAC Dissocation Constants,0,O=C(O)c1ccn(-c2ccccc2)n1,3,"InChI=1S/C10H8N2O2/c13-10(14)9-6-7-12(11-9)8-4-2-1-3-5-8/h1-7H,(H,13,14)",0,pKa Data
O=C(O)c1ccnn1-c1ccccc1,O=C(O)c1ccnn1-c1ccccc1,sour,pKa between 2 and 7,IUPAC Dissocation Constants,0,O=C(O)c1ccnn1-c1ccccc1,3,"InChI=1S/C10H8N2O2/c13-10(14)9-6-7-11-12(9)8-4-2-1-3-5-8/h1-7H,(H,13,14)",0,pKa Data
O=C1CCCc2c([N+](=O)[O-])cc([N+](=O)[O-])c(O)c21,O=C1CCCc2c([N+](=O)[O-])cc([N+](=O)[O-])c(O)c21,sour,pKa between 2 and 7,IUPAC Dissocation Constants,0,O=C1CCCc2c([N+](=O)[O-])cc([N+](=O)[O-])c(O)c21,3,"InChI=1S/C10H8N2O6/c13-8-3-1-2-5-6(11(15)16)4-7(12(17)18)10(14)9(5)8/h4,14H,1-3H2",0,pKa Data
Cc1c(-c2ccccc2)[nH]oc1=O,Cc1c(-c2ccccc2)[nH]oc1=O,sour,pKa between 2 and 7,IUPAC Dissocation Constants,0,Cc1c(-c2ccccc2)[nH]oc1=O,3,"InChI=1S/C10H9NO2/c1-7-9(11-13-10(7)12)8-5-3-2-4-6-8/h2-6,11H,1H3",0,pKa Data
CC1=NOC(=O)C1=NNc1ccccc1,CC1=NOC(=O)C1=NNc1ccccc1,sour,pKa between 2 and 7,IUPAC Dissocation Constants,0,CC1=NOC(=O)C1=NNc1ccccc1,3,"InChI=1S/C10H9N3O2/c1-7-9(10(14)15-13-7)12-11-8-5-3-2-4-6-8/h2-6,13H,1H3",0,pKa Data
Cc1c(C(=O)O)nnn1-c1ccccc1,Cc1c(C(=O)O)nnn1-c1ccccc1,sour,pKa between 2 and 7,IUPAC Dissocation Constants,0,Cc1c(C(=O)O)nnn1-c1ccccc1,3,"InChI=1S/C10H9N3O2/c1-7-9(10(14)15)11-12-13(7)8-5-3-2-4-6-8/h2-6H,1H3,(H,14,15)",0,pKa Data
O=C(O)[C@@H]1C[C@H]1c1cccc(Cl)c1,O=C(O)[C@@H]1C[C@H]1c1cccc(Cl)c1,sour,pKa between 2 and 7,IUPAC Dissocation Constants,0,O=C(O)[C@@H]1C[C@H]1c1cccc(Cl)c1,3,"InChI=1S/C10H9ClO2/c11-7-3-1-2-6(4-7)8-5-9(8)10(12)13/h1-4,8-9H,5H2,(H,12,13)",0,pKa Data
O=C(O)[C@@H]1C[C@H]1c1ccc(Cl)cc1,O=C(O)[C@@H]1C[C@H]1c1ccc(Cl)cc1,sour,pKa between 2 and 7,IUPAC Dissocation Constants,0,O=C(O)[C@@H]1C[C@H]1c1ccc(Cl)cc1,3,"InChI=1S/C10H9ClO2/c11-7-3-1-6(2-4-7)8-5-9(8)10(12)13/h1-4,8-9H,5H2,(H,12,13)",0,pKa Data
O=C(O)[C@@H]1C[C@H]1c1cccc([N+](=O)[O-])c1,O=C(O)[C@@H]1C[C@H]1c1cccc([N+](=O)[O-])c1,sour,pKa between 2 and 7,IUPAC Dissocation Constants,0,O=C(O)[C@@H]1C[C@H]1c1cccc([N+](=O)[O-])c1,3,"InChI=1S/C10H9NO4/c12-10(13)9-5-8(9)6-2-1-3-7(4-6)11(14)15/h1-4,8-9H,5H2,(H,12,13)",0,pKa Data
O=C(O)[C@@H]1C[C@H]1c1ccc([N+](=O)[O-])cc1,O=C(O)[C@@H]1C[C@H]1c1ccc([N+](=O)[O-])cc1,sour,pKa between 2 and 7,IUPAC Dissocation Constants,0,O=C(O)[C@@H]1C[C@H]1c1ccc([N+](=O)[O-])cc1,3,"InChI=1S/C10H9NO4/c12-10(13)9-5-8(9)6-1-3-7(4-2-6)11(14)15/h1-4,8-9H,5H2,(H,12,13)",0,pKa Data
NC(=O)c1ccc(O)c(/C=C\C(=O)O)c1,NC(=O)c1ccc(O)c(/C=C\C(=O)O)c1,sour,pKa between 2 and 7,IUPAC Dissocation Constants,0,NC(=O)c1ccc(O)c(/C=C\C(=O)O)c1,3,"InChI=1S/C10H9NO4/c11-10(15)7-1-3-8(12)6(5-7)2-4-9(13)14/h1-5,12H,(H2,11,15)(H,13,14)",0,pKa Data
O=C(O)CC(C(=O)O)c1ccc([N+](=O)[O-])cc1,O=C(O)CC(C(=O)O)c1ccc([N+](=O)[O-])cc1,sour,pKa between 2 and 7,IUPAC Dissocation Constants,0,O=C(O)CC(C(=O)O)c1ccc([N+](=O)[O-])cc1,3,"InChI=1S/C10H9NO6/c12-9(13)5-8(10(14)15)6-1-3-7(4-2-6)11(16)17/h1-4,8H,5H2,(H,12,13)(H,14,15)",0,pKa Data
CCOC(=O)c1nc2c(C)nc[nH]c-2nc1=O,CCOC(=O)c1nc2c(C)nc[nH]c-2nc1=O,sour,pKa between 2 and 7,IUPAC Dissocation Constants,0,CCOC(=O)c1nc2c(C)nc[nH]c-2nc1=O,3,"InChI=1S/C10H10N4O3/c1-3-17-10(16)7-9(15)14-8-6(13-7)5(2)11-4-12-8/h4H,3H2,1-2H3,(H,11,12,14,15)",0,pKa Data
O=C(O)CSC(C(=O)O)c1ccccc1,O=C(O)CSC(C(=O)O)c1ccccc1,sour,pKa between 2 and 7,IUPAC Dissocation Constants,0,O=C(O)CSC(C(=O)O)c1ccccc1,3,"InChI=1S/C10H10O4S/c11-8(12)6-15-9(10(13)14)7-4-2-1-3-5-7/h1-5,9H,6H2,(H,11,12)(H,13,14)",0,pKa Data
O=C(CCC([N+](=O)[O-])[N+](=O)[O-])c1ccccc1,O=C(CCC([N+](=O)[O-])[N+](=O)[O-])c1ccccc1,sour,pKa between 2 and 7,IUPAC Dissocation Constants,0,O=C(CCC([N+](=O)[O-])[N+](=O)[O-])c1ccccc1,3,"InChI=1S/C10H10N2O5/c13-9(8-4-2-1-3-5-8)6-7-10(11(14)15)12(16)17/h1-5H,6-7H2,(H,14,15)",0,pKa Data
Cn1c(=O)c2nc(C(=O)O)c(=O)n(C)c2n(C)c1=O,Cn1c(=O)c2nc(C(=O)O)c(=O)n(C)c2n(C)c1=O,sour,pKa between 2 and 7,IUPAC Dissocation Constants,0,Cn1c(=O)c2nc(C(=O)O)c(=O)n(C)c2n(C)c1=O,3,"InChI=1S/C10H10N4O5/c1-12-6-4(11-5(8(12)16)9(17)18)7(15)14(3)10(19)13(6)2/h1-3H3,(H,17,18)",0,pKa Data
COc1nc2c(nc1C(=O)O)c(=O)n(C)c(=O)n2C,COc1nc2c(nc1C(=O)O)c(=O)n(C)c(=O)n2C,sour,pKa between 2 and 7,IUPAC Dissocation Constants,0,COc1nc2c(nc1C(=O)O)c(=O)n(C)c(=O)n2C,3,"InChI=1S/C10H10N4O5/c1-13-6-4(8(15)14(2)10(13)18)11-5(9(16)17)7(12-6)19-3/h1-3H3,(H,16,17)",0,pKa Data
O=C(O)C[As](CC(=O)O)c1ccccc1,O=C(O)C[As](CC(=O)O)c1ccccc1,sour,pKa between 2 and 7,IUPAC Dissocation Constants,0,O=C(O)C[As](CC(=O)O)c1ccccc1,3,"InChI=1S/C10H11AsO4/c12-9(13)6-11(7-10(14)15)8-4-2-1-3-5-8/h1-5H,6-7H2,(H,12,13)(H,14,15)",0,pKa Data
O=C(O)CN(CC(=O)O)c1ccccc1O,O=C(O)CN(CC(=O)O)c1ccccc1O,sour,pKa between 2 and 7,IUPAC Dissocation Constants,0,O=C(O)CN(CC(=O)O)c1ccccc1O,3,"InChI=1S/C10H11NO5/c12-8-4-2-1-3-7(8)11(5-9(13)14)6-10(15)16/h1-4,12H,5-6H2,(H,13,14)(H,15,16)",0,pKa Data
CCOc1ccccc1[Se]CC(=O)O,CCOc1ccccc1[Se]CC(=O)O,sour,pKa between 2 and 7,IUPAC Dissocation Constants,0,CCOc1ccccc1[Se]CC(=O)O,3,"InChI=1S/C10H12O3Se/c1-2-13-8-5-3-4-6-9(8)14-7-10(11)12/h3-6H,2,7H2,1H3,(H,11,12)",0,pKa Data
CCOc1ccc([Se]CC(=O)O)cc1,CCOc1ccc([Se]CC(=O)O)cc1,sour,pKa between 2 and 7,IUPAC Dissocation Constants,0,CCOc1ccc([Se]CC(=O)O)cc1,3,"InChI=1S/C10H12O3Se/c1-2-13-8-3-5-9(6-4-8)14-7-10(11)12/h3-6H,2,7H2,1H3,(H,11,12)",0,pKa Data
Cc1c([N+](=O)[O-])cc(C(C)C)c(O)c1[N+](=O)[O-],Cc1c([N+](=O)[O-])cc(C(C)C)c(O)c1[N+](=O)[O-],sour,pKa between 2 and 7,IUPAC Dissocation Constants,0,Cc1c([N+](=O)[O-])cc(C(C)C)c(O)c1[N+](=O)[O-],3,"InChI=1S/C10H12N2O5/c1-5(2)7-4-8(11(14)15)6(3)9(10(7)13)12(16)17/h4-5,13H,1-3H3",0,pKa Data
[O-][n+]1cnc2c(ncn2[C@@H]2O[C@H](CO)[C@@H](O)[C@H]2O)c1O,[O-][n+]1cnc2c(ncn2[C@@H]2O[C@H](CO)[C@@H](O)[C@H]2O)c1O,sour,pKa between 2 and 7,IUPAC Dissocation Constants,0,[O-][n+]1cnc2c(ncn2[C@@H]2O[C@H](CO)[C@@H](O)[C@H]2O)c1O,3,"InChI=1S/C10H12N4O6/c15-1-4-6(16)7(17)10(20-4)13-2-11-5-8(13)12-3-14(19)9(5)18/h2-4,6-7,10,12,15-17H,1H2",0,pKa Data
N#CC12CCC(C(=O)O)(CC1)CC2,N#CC12CCC(C(=O)O)(CC1)CC2,sour,pKa between 2 and 7,IUPAC Dissocation Constants,0,N#CC12CCC(C(=O)O)(CC1)CC2,3,"InChI=1S/C10H13NO2/c11-7-9-1-4-10(5-2-9,6-3-9)8(12)13/h1-6H2,(H,12,13)",0,pKa Data
NCc1ccccc1CCC(=O)O,NCc1ccccc1CCC(=O)O,sour,pKa between 2 and 7,IUPAC Dissocation Constants,0,NCc1ccccc1CCC(=O)O,3,"InChI=1S/C10H13NO2/c11-7-9-4-2-1-3-8(9)5-6-10(12)13/h1-4H,5-7,11H2,(H,12,13)",0,pKa Data
NCc1ccc(CCC(=O)O)cc1,NCc1ccc(CCC(=O)O)cc1,sour,pKa between 2 and 7,IUPAC Dissocation Constants,0,NCc1ccc(CCC(=O)O)cc1,3,"InChI=1S/C10H13NO2/c11-7-9-3-1-8(2-4-9)5-6-10(12)13/h1-4H,5-7,11H2,(H,12,13)",0,pKa Data
O=S(O)CCCCc1ccccc1,O=S(O)CCCCc1ccccc1,sour,pKa between 2 and 7,IUPAC Dissocation Constants,0,O=S(O)CCCCc1ccccc1,3,"InChI=1S/C10H14O2S/c11-13(12)9-5-4-8-10-6-2-1-3-7-10/h1-3,6-7H,4-5,8-9H2,(H,11,12)",0,pKa Data
C[Si](C)(C)c1cccc(C(=O)O)c1,C[Si](C)(C)c1cccc(C(=O)O)c1,sour,pKa between 2 and 7,IUPAC Dissocation Constants,0,C[Si](C)(C)c1cccc(C(=O)O)c1,3,"InChI=1S/C10H14O2Si/c1-13(2,3)9-6-4-5-8(7-9)10(11)12/h4-7H,1-3H3,(H,11,12)",0,pKa Data
C[Si](C)(C)c1ccc(C(=O)O)cc1,C[Si](C)(C)c1ccc(C(=O)O)cc1,sour,pKa between 2 and 7,IUPAC Dissocation Constants,0,C[Si](C)(C)c1ccc(C(=O)O)cc1,3,"InChI=1S/C10H14O2Si/c1-13(2,3)9-6-4-8(5-7-9)10(11)12/h4-7H,1-3H3,(H,11,12)",0,pKa Data
O=C(O)CSC(SCC(=O)O)C(SCC(=O)O)SCC(=O)O,O=C(O)CSC(SCC(=O)O)C(SCC(=O)O)SCC(=O)O,sour,pKa between 2 and 7,IUPAC Dissocation Constants,0,O=C(O)CSC(SCC(=O)O)C(SCC(=O)O)SCC(=O)O,3,"InChI=1S/C10H14O8S4/c11-5(12)1-19-9(20-2-6(13)14)10(21-3-7(15)16)22-4-8(17)18/h9-10H,1-4H2,(H,11,12)(H,13,14)(H,15,16)(H,17,18)",0,pKa Data
CC(C)(O)CCNc1ncnc2nc[nH]c12,CC(C)(O)CCNc1ncnc2nc[nH]c12,sour,pKa between 2 and 7,IUPAC Dissocation Constants,0,CC(C)(O)CCNc1ncnc2nc[nH]c12,3,"InChI=1S/C10H15N5O/c1-10(2,16)3-4-11-8-7-9(13-5-12-7)15-6-14-8/h5-6,16H,3-4H2,1-2H3,(H2,11,12,13,14,15)",0,pKa Data
Nc1c(C(=O)O)ncn1C1CCCCC1,Nc1c(C(=O)O)ncn1C1CCCCC1,sour,pKa between 2 and 7,IUPAC Dissocation Constants,0,Nc1c(C(=O)O)ncn1C1CCCCC1,3,"InChI=1S/C10H15N3O2/c11-9-8(10(14)15)12-6-13(9)7-4-2-1-3-5-7/h6-7H,1-5,11H2,(H,14,15)",0,pKa Data
CNc1ccn([C@@H]2O[C@H](CO)[C@@H](O)[C@H]2O)c(=O)n1,CNc1ccn([C@@H]2O[C@H](CO)[C@@H](O)[C@H]2O)c(=O)n1,sour,pKa between 2 and 7,IUPAC Dissocation Constants,0,CNc1ccn([C@@H]2O[C@H](CO)[C@@H](O)[C@H]2O)c(=O)n1,3,"InChI=1S/C10H15N3O5/c1-11-6-2-3-13(10(17)12-6)9-8(16)7(15)5(4-14)18-9/h2-3,5,7-9,14-16H,4H2,1H3,(H,11,12,17)",0,pKa Data
O=C(O)CN(CC(=O)O)C1(C(=O)O)CCCC1,O=C(O)CN(CC(=O)O)C1(C(=O)O)CCCC1,sour,pKa between 2 and 7,IUPAC Dissocation Constants,0,O=C(O)CN(CC(=O)O)C1(C(=O)O)CCCC1,3,"InChI=1S/C10H15NO6/c12-7(13)5-11(6-8(14)15)10(9(16)17)3-1-2-4-10/h1-6H2,(H,12,13)(H,14,15)(H,16,17)",0,pKa Data
O=C(O)CN(CCN(CC(=O)O)CC(=O)O)CC(=O)O,O=C(O)CN(CCN(CC(=O)O)CC(=O)O)CC(=O)O,sour,pKa between 2 and 7,IUPAC Dissocation Constants,0,O=C(O)CN(CCN(CC(=O)O)CC(=O)O)CC(=O)O,3,"InChI=1S/C10H16N2O8/c13-7(14)3-11(4-8(15)16)1-2-12(5-9(17)18)6-10(19)20/h1-6H2,(H,13,14)(H,15,16)(H,17,18)(H,19,20)",0,pKa Data
CN(C)C12CCC(C(=O)O)(CC1)C2,CN(C)C12CCC(C(=O)O)(CC1)C2,sour,pKa between 2 and 7,IUPAC Dissocation Constants,0,CN(C)C12CCC(C(=O)O)(CC1)C2,3,"InChI=1S/C10H17NO2/c1-11(2)10-5-3-9(7-10,4-6-10)8(12)13/h3-7H2,1-2H3,(H,12,13)",0,pKa Data
O=C(O)CN(CC(=O)O)C1CCCCC1,O=C(O)CN(CC(=O)O)C1CCCCC1,sour,pKa between 2 and 7,IUPAC Dissocation Constants,0,O=C(O)CN(CC(=O)O)C1CCCCC1,3,"InChI=1S/C10H17NO4/c12-9(13)6-11(7-10(14)15)8-4-2-1-3-5-8/h8H,1-7H2,(H,12,13)(H,14,15)",0,pKa Data
O=C(O)CN(CC(=O)O)C1CCCCC1O,O=C(O)CN(CC(=O)O)C1CCCCC1O,sour,pKa between 2 and 7,IUPAC Dissocation Constants,0,O=C(O)CN(CC(=O)O)C1CCCCC1O,3,"InChI=1S/C10H17NO5/c12-8-4-2-1-3-7(8)11(5-9(13)14)6-10(15)16/h7-8,12H,1-6H2,(H,13,14)(H,15,16)",0,pKa Data
CCCCCCCCCC([N+](=O)[O-])[N+](=O)[O-],CCCCCCCCCC([N+](=O)[O-])[N+](=O)[O-],sour,pKa between 2 and 7,IUPAC Dissocation Constants,0,CCCCCCCCCC([N+](=O)[O-])[N+](=O)[O-],3,"InChI=1S/C10H20N2O4/c1-2-3-4-5-6-7-8-9-10(11(13)14)12(15)16/h2-9H2,1H3,(H,13,14)",0,pKa Data
CCCCOP(=O)(CC(=O)O)OCCCC,CCCCOP(=O)(CC(=O)O)OCCCC,sour,pKa between 2 and 7,IUPAC Dissocation Constants,0,CCCCOP(=O)(CC(=O)O)OCCCC,3,"InChI=1S/C10H21O5P/c1-3-5-7-14-16(13,9-10(11)12)15-8-6-4-2/h3-9H2,1-2H3,(H,11,12)",0,pKa Data
CC1=NOC(=O)C1=NNc1ccccc1Cl,CC1=NOC(=O)C1=NNc1ccccc1Cl,sour,pKa between 2 and 7,IUPAC Dissocation Constants,0,CC1=NOC(=O)C1=NNc1ccccc1Cl,3,"InChI=1S/C10H8ClN3O2/c1-6-9(10(15)16-14-6)13-12-8-5-3-2-4-7(8)11/h2-5,14H,1H3",0,pKa Data
CC1=NOC(=O)C1=NNc1cccc(Cl)c1,CC1=NOC(=O)C1=NNc1cccc(Cl)c1,sour,pKa between 2 and 7,IUPAC Dissocation Constants,0,CC1=NOC(=O)C1=NNc1cccc(Cl)c1,3,"InChI=1S/C10H8ClN3O2/c1-6-9(10(15)16-14-6)13-12-8-4-2-3-7(11)5-8/h2-5,14H,1H3",0,pKa Data
CC1=NOC(=O)C1=NNc1ccc(Cl)cc1,CC1=NOC(=O)C1=NNc1ccc(Cl)cc1,sour,pKa between 2 and 7,IUPAC Dissocation Constants,0,CC1=NOC(=O)C1=NNc1ccc(Cl)cc1,3,"InChI=1S/C10H8ClN3O2/c1-6-9(10(15)16-14-6)13-12-8-4-2-7(11)3-5-8/h2-5,14H,1H3",0,pKa Data
O=C(O)c1ccc2cccccc1-2,O=C(O)c1ccc2cccccc1-2,sour,pKa between 2 and 7,IUPAC Dissocation Constants,0,O=C(O)c1ccc2cccccc1-2,3,"InChI=1S/C11H8O2/c12-11(13)10-7-6-8-4-2-1-3-5-9(8)10/h1-7H,(H,12,13)",0,pKa Data
O=Cc1ccc(O)c2ccccc12,O=Cc1ccc(O)c2ccccc12,sour,pKa between 2 and 7,IUPAC Dissocation Constants,0,O=Cc1ccc(O)c2ccccc12,3,"InChI=1S/C11H8O2/c12-7-8-5-6-11(13)10-4-2-1-3-9(8)10/h1-7,13H",0,pKa Data
O=C(O)c1ccc2ccccc2c1,O=C(O)c1ccc2ccccc2c1,sour,pKa between 2 and 7,IUPAC Dissocation Constants,0,O=C(O)c1ccc2ccccc2c1,3,"InChI=1S/C11H8O2/c12-11(13)10-6-5-8-3-1-2-4-9(8)7-10/h1-7H,(H,12,13)",0,pKa Data
O=C(O)c1cc(O)cc2ccccc12,O=C(O)c1cc(O)cc2ccccc12,sour,pKa between 2 and 7,IUPAC Dissocation Constants,0,O=C(O)c1cc(O)cc2ccccc12,3,"InChI=1S/C11H8O3/c12-8-5-7-3-1-2-4-9(7)10(6-8)11(13)14/h1-6,12H,(H,13,14)",0,pKa Data
O=C(O)c1cc2ccccc2cc1O,O=C(O)c1cc2ccccc2cc1O,sour,pKa between 2 and 7,IUPAC Dissocation Constants,0,O=C(O)c1cc2ccccc2cc1O,3,"InChI=1S/C11H8O3/c12-10-6-8-4-2-1-3-7(8)5-9(10)11(13)14/h1-6,12H,(H,13,14)",0,pKa Data
O=C(O)c1cc(O)c2ccccc2c1,O=C(O)c1cc(O)c2ccccc2c1,sour,pKa between 2 and 7,IUPAC Dissocation Constants,0,O=C(O)c1cc(O)c2ccccc2c1,3,"InChI=1S/C11H8O3/c12-10-6-8(11(13)14)5-7-3-1-2-4-9(7)10/h1-6,12H,(H,13,14)",0,pKa Data
CC(=O)c1c(O)c2ccccc2oc1=O,CC(=O)c1c(O)c2ccccc2oc1=O,sour,pKa between 2 and 7,IUPAC Dissocation Constants,0,CC(=O)c1c(O)c2ccccc2oc1=O,3,"InChI=1S/C11H8O4/c1-6(12)9-10(13)7-4-2-3-5-8(7)15-11(9)14/h2-5,13H,1H3",0,pKa Data
COc1ccc(-c2c(O)c(=O)c2=O)cc1,COc1ccc(-c2c(O)c(=O)c2=O)cc1,sour,pKa between 2 and 7,IUPAC Dissocation Constants,0,COc1ccc(-c2c(O)c(=O)c2=O)cc1,3,"InChI=1S/C11H8O4/c1-15-7-4-2-6(3-5-7)8-9(12)11(14)10(8)13/h2-5,12H,1H3",0,pKa Data
O=C(O)[C@@H]1C[C@@]1(C(=O)O)c1ccccc1,O=C(O)[C@@H]1C[C@@]1(C(=O)O)c1ccccc1,sour,pKa between 2 and 7,IUPAC Dissocation Constants,0,O=C(O)[C@@H]1C[C@@]1(C(=O)O)c1ccccc1,3,"InChI=1S/C11H10O4/c12-9(13)8-6-11(8,10(14)15)7-4-2-1-3-5-7/h1-5,8H,6H2,(H,12,13)(H,14,15)",0,pKa Data
O=C(O)[C@@H]1C[C@]1(C(=O)O)c1ccccc1,O=C(O)[C@@H]1C[C@]1(C(=O)O)c1ccccc1,sour,pKa between 2 and 7,IUPAC Dissocation Constants,0,O=C(O)[C@@H]1C[C@]1(C(=O)O)c1ccccc1,3,"InChI=1S/C11H10O4/c12-9(13)8-6-11(8,10(14)15)7-4-2-1-3-5-7/h1-5,8H,6H2,(H,12,13)(H,14,15)",0,pKa Data
O=C(O)c1ccc(C2CCC2)cc1,O=C(O)c1ccc(C2CCC2)cc1,sour,pKa between 2 and 7,IUPAC Dissocation Constants,0,O=C(O)c1ccc(C2CCC2)cc1,3,"InChI=1S/C11H12O2/c12-11(13)10-6-4-9(5-7-10)8-2-1-3-8/h4-8H,1-3H2,(H,12,13)",0,pKa Data
Cc1ccc(C2CC2C(=O)O)cc1,Cc1ccc(C2CC2C(=O)O)cc1,sour,pKa between 2 and 7,IUPAC Dissocation Constants,0,Cc1ccc(C2CC2C(=O)O)cc1,3,"InChI=1S/C11H12O2/c1-7-2-4-8(5-3-7)9-6-10(9)11(12)13/h2-5,9-10H,6H2,1H3,(H,12,13)",0,pKa Data
CCCC(=O)c1ccccc1C(=O)O,CCCC(=O)c1ccccc1C(=O)O,sour,pKa between 2 and 7,IUPAC Dissocation Constants,0,CCCC(=O)c1ccccc1C(=O)O,3,"InChI=1S/C11H12O3/c1-2-5-10(12)8-6-3-4-7-9(8)11(13)14/h3-4,6-7H,2,5H2,1H3,(H,13,14)",0,pKa Data
COc1ccc(C2CC2C(=O)O)cc1,COc1ccc(C2CC2C(=O)O)cc1,sour,pKa between 2 and 7,IUPAC Dissocation Constants,0,COc1ccc(C2CC2C(=O)O)cc1,3,"InChI=1S/C11H12O3/c1-14-8-4-2-7(3-5-8)9-6-10(9)11(12)13/h2-5,9-10H,6H2,1H3,(H,12,13)",0,pKa Data
Cc1ccc(C)c(C=CC(=O)O)c1O,Cc1ccc(C)c(C=CC(=O)O)c1O,sour,pKa between 2 and 7,IUPAC Dissocation Constants,0,Cc1ccc(C)c(C=CC(=O)O)c1O,3,"InChI=1S/C11H12O3/c1-7-3-4-8(2)11(14)9(7)5-6-10(12)13/h3-6,14H,1-2H3,(H,12,13)",0,pKa Data
Cc1cc(C)c(C=CC(=O)O)c(O)c1,Cc1cc(C)c(C=CC(=O)O)c(O)c1,sour,pKa between 2 and 7,IUPAC Dissocation Constants,0,Cc1cc(C)c(C=CC(=O)O)c(O)c1,3,"InChI=1S/C11H12O3/c1-7-5-8(2)9(10(12)6-7)3-4-11(13)14/h3-6,12H,1-2H3,(H,13,14)",0,pKa Data
CC(CC(=O)O)(C(=O)O)c1ccccc1,CC(CC(=O)O)(C(=O)O)c1ccccc1,sour,pKa between 2 and 7,IUPAC Dissocation Constants,0,CC(CC(=O)O)(C(=O)O)c1ccccc1,3,"InChI=1S/C11H12O4/c1-11(10(14)15,7-9(12)13)8-5-3-2-4-6-8/h2-6H,7H2,1H3,(H,12,13)(H,14,15)",0,pKa Data
O=C(O)CC(CC(=O)O)c1ccccc1,O=C(O)CC(CC(=O)O)c1ccccc1,sour,pKa between 2 and 7,IUPAC Dissocation Constants,0,O=C(O)CC(CC(=O)O)c1ccccc1,3,"InChI=1S/C11H12O4/c12-10(13)6-9(7-11(14)15)8-4-2-1-3-5-8/h1-5,9H,6-7H2,(H,12,13)(H,14,15)",0,pKa Data
COc1cccc(/C=C/C(=O)O)c1OC,COc1cccc(/C=C/C(=O)O)c1OC,sour,pKa between 2 and 7,IUPAC Dissocation Constants,0,COc1cccc(/C=C/C(=O)O)c1OC,3,"InChI=1S/C11H12O4/c1-14-9-5-3-4-8(11(9)15-2)6-7-10(12)13/h3-7H,1-2H3,(H,12,13)",0,pKa Data
COc1ccc(/C=C/C(=O)O)c(OC)c1,COc1ccc(/C=C/C(=O)O)c(OC)c1,sour,pKa between 2 and 7,IUPAC Dissocation Constants,0,COc1ccc(/C=C/C(=O)O)c(OC)c1,3,"InChI=1S/C11H12O4/c1-14-9-5-3-8(4-6-11(12)13)10(7-9)15-2/h3-7H,1-2H3,(H,12,13)",0,pKa Data
COc1ccc(/C=C/C(=O)O)cc1OC,COc1ccc(/C=C/C(=O)O)cc1OC,sour,pKa between 2 and 7,IUPAC Dissocation Constants,0,COc1ccc(/C=C/C(=O)O)cc1OC,3,"InChI=1S/C11H12O4/c1-14-9-5-3-8(4-6-11(12)13)7-10(9)15-2/h3-7H,1-2H3,(H,12,13)",0,pKa Data
COc1cc(/C=C/C(=O)O)cc(OC)c1,COc1cc(/C=C/C(=O)O)cc(OC)c1,sour,pKa between 2 and 7,IUPAC Dissocation Constants,0,COc1cc(/C=C/C(=O)O)cc(OC)c1,3,"InChI=1S/C11H12O4/c1-14-9-5-8(3-4-11(12)13)6-10(7-9)15-2/h3-7H,1-2H3,(H,12,13)",0,pKa Data
CCOC(=O)c1cc(=O)c(O)c(C(=O)OCC)o1,CCOC(=O)c1cc(=O)c(O)c(C(=O)OCC)o1,sour,pKa between 2 and 7,IUPAC Dissocation Constants,0,CCOC(=O)c1cc(=O)c(O)c(C(=O)OCC)o1,3,"InChI=1S/C11H12O7/c1-3-16-10(14)7-5-6(12)8(13)9(18-7)11(15)17-4-2/h5,13H,3-4H2,1-2H3",0,pKa Data
CC(C)(C)c1cccc(C(=O)O)c1,CC(C)(C)c1cccc(C(=O)O)c1,sour,pKa between 2 and 7,IUPAC Dissocation Constants,0,CC(C)(C)c1cccc(C(=O)O)c1,3,"InChI=1S/C11H14O2/c1-11(2,3)9-6-4-5-8(7-9)10(12)13/h4-7H,1-3H3,(H,12,13)",0,pKa Data
CC(C)(C)c1ccc(C(=O)O)cc1,CC(C)(C)c1ccc(C(=O)O)cc1,sour,pKa between 2 and 7,IUPAC Dissocation Constants,0,CC(C)(C)c1ccc(C(=O)O)cc1,3,"InChI=1S/C11H14O2/c1-11(2,3)9-6-4-8(5-7-9)10(12)13/h4-7H,1-3H3,(H,12,13)",0,pKa Data
Cc1cc(C)c(C)c(C(=O)O)c1C,Cc1cc(C)c(C)c(C(=O)O)c1C,sour,pKa between 2 and 7,IUPAC Dissocation Constants,0,Cc1cc(C)c(C)c(C(=O)O)c1C,3,"InChI=1S/C11H14O2/c1-6-5-7(2)9(4)10(8(6)3)11(12)13/h5H,1-4H3,(H,12,13)",0,pKa Data
CC(CCC(=O)O)c1ccccc1,CC(CCC(=O)O)c1ccccc1,sour,pKa between 2 and 7,IUPAC Dissocation Constants,0,CC(CCC(=O)O)c1ccccc1,3,"InChI=1S/C11H14O2/c1-9(7-8-11(12)13)10-5-3-2-4-6-10/h2-6,9H,7-8H2,1H3,(H,12,13)",0,pKa Data
O=C(O)CCCCc1ccccc1,O=C(O)CCCCc1ccccc1,sour,pKa between 2 and 7,IUPAC Dissocation Constants,0,O=C(O)CCCCc1ccccc1,3,"InChI=1S/C11H14O2/c12-11(13)9-5-4-8-10-6-2-1-3-7-10/h1-3,6-7H,4-5,8-9H2,(H,12,13)",0,pKa Data
CC(C)c1ccc(C(O)C(=O)O)cc1,CC(C)c1ccc(C(O)C(=O)O)cc1,sour,pKa between 2 and 7,IUPAC Dissocation Constants,0,CC(C)c1ccc(C(O)C(=O)O)cc1,3,"InChI=1S/C11H14O3/c1-7(2)8-3-5-9(6-4-8)10(12)11(13)14/h3-7,10,12H,1-2H3,(H,13,14)",0,pKa Data
CC(C)C(CC(=O)O)(CC(=O)O)C(C)C,CC(C)C(CC(=O)O)(CC(=O)O)C(C)C,sour,pKa between 2 and 7,IUPAC Dissocation Constants,0,CC(C)C(CC(=O)O)(CC(=O)O)C(C)C,3,"InChI=1S/C11H20O4/c1-7(2)11(8(3)4,5-9(12)13)6-10(14)15/h7-8H,5-6H2,1-4H3,(H,12,13)(H,14,15)",0,pKa Data
CCCC(CCC)(CC(=O)O)CC(=O)O,CCCC(CCC)(CC(=O)O)CC(=O)O,sour,pKa between 2 and 7,IUPAC Dissocation Constants,0,CCCC(CCC)(CC(=O)O)CC(=O)O,3,"InChI=1S/C11H20O4/c1-3-5-11(6-4-2,7-9(12)13)8-10(14)15/h3-8H2,1-2H3,(H,12,13)(H,14,15)",0,pKa Data
CCCCC(CCCC)(C(=O)O)C(=O)O,CCCCC(CCCC)(C(=O)O)C(=O)O,sour,pKa between 2 and 7,IUPAC Dissocation Constants,0,CCCCC(CCCC)(C(=O)O)C(=O)O,3,"InChI=1S/C11H20O4/c1-3-5-7-11(9(12)13,10(14)15)8-6-4-2/h3-8H2,1-2H3,(H,12,13)(H,14,15)",0,pKa Data
O=C(O)c1ccc(Cl)c2ccccc12,O=C(O)c1ccc(Cl)c2ccccc12,sour,pKa between 2 and 7,IUPAC Dissocation Constants,0,O=C(O)c1ccc(Cl)c2ccccc12,3,"InChI=1S/C11H7ClO2/c12-10-6-5-9(11(13)14)7-3-1-2-4-8(7)10/h1-6H,(H,13,14)",0,pKa Data
O=C(O)c1ccc(Br)c2ccccc12,O=C(O)c1ccc(Br)c2ccccc12,sour,pKa between 2 and 7,IUPAC Dissocation Constants,0,O=C(O)c1ccc(Br)c2ccccc12,3,"InChI=1S/C11H7BrO2/c12-10-6-5-9(11(13)14)7-3-1-2-4-8(7)10/h1-6H,(H,13,14)",0,pKa Data
O=C(O)c1ccc(F)c2ccccc12,O=C(O)c1ccc(F)c2ccccc12,sour,pKa between 2 and 7,IUPAC Dissocation Constants,0,O=C(O)c1ccc(F)c2ccccc12,3,"InChI=1S/C11H7FO2/c12-10-6-5-9(11(13)14)7-3-1-2-4-8(7)10/h1-6H,(H,13,14)",0,pKa Data
O=C(O)c1cc([N+](=O)[O-])cc2ccccc12,O=C(O)c1cc([N+](=O)[O-])cc2ccccc12,sour,pKa between 2 and 7,IUPAC Dissocation Constants,0,O=C(O)c1cc([N+](=O)[O-])cc2ccccc12,3,"InChI=1S/C11H7NO4/c13-11(14)10-6-8(12(15)16)5-7-3-1-2-4-9(7)10/h1-6H,(H,13,14)",0,pKa Data
O=C(O)c1ccc([N+](=O)[O-])c2ccccc12,O=C(O)c1ccc([N+](=O)[O-])c2ccccc12,sour,pKa between 2 and 7,IUPAC Dissocation Constants,0,O=C(O)c1ccc([N+](=O)[O-])c2ccccc12,3,"InChI=1S/C11H7NO4/c13-11(14)9-5-6-10(12(15)16)8-4-2-1-3-7(8)9/h1-6H,(H,13,14)",0,pKa Data
Nc1nc2[nH]nc(-c3ccccc3)nc-2c(=O)n1,Nc1nc2[nH]nc(-c3ccccc3)nc-2c(=O)n1,sour,pKa between 2 and 7,IUPAC Dissocation Constants,0,Nc1nc2[nH]nc(-c3ccccc3)nc-2c(=O)n1,3,"InChI=1S/C11H8N6O/c12-11-14-9-7(10(18)15-11)13-8(16-17-9)6-4-2-1-3-5-6/h1-5H,(H3,12,14,15,17,18)",0,pKa Data
O=c1nc(Cc2ccccc2)[nH]c(O)c1[N+](=O)[O-],O=c1nc(Cc2ccccc2)[nH]c(O)c1[N+](=O)[O-],sour,pKa between 2 and 7,IUPAC Dissocation Constants,0,O=c1nc(Cc2ccccc2)[nH]c(O)c1[N+](=O)[O-],3,"InChI=1S/C11H9N3O4/c15-10-9(14(17)18)11(16)13-8(12-10)6-7-4-2-1-3-5-7/h1-5H,6H2,(H2,12,13,15,16)",0,pKa Data
O=c1cc(O)[nH]c(Cc2ccccc2)n1,O=c1cc(O)[nH]c(Cc2ccccc2)n1,sour,pKa between 2 and 7,IUPAC Dissocation Constants,0,O=c1cc(O)[nH]c(Cc2ccccc2)n1,3,"InChI=1S/C11H10N2O2/c14-10-7-11(15)13-9(12-10)6-8-4-2-1-3-5-8/h1-5,7H,6H2,(H2,12,13,14,15)",0,pKa Data
CC(=O)Nc1ccc(O)c(/C=C\C(=O)O)c1,CC(=O)Nc1ccc(O)c(/C=C\C(=O)O)c1,sour,pKa between 2 and 7,IUPAC Dissocation Constants,0,CC(=O)Nc1ccc(O)c(/C=C\C(=O)O)c1,3,"InChI=1S/C11H11NO4/c1-7(13)12-9-3-4-10(14)8(6-9)2-5-11(15)16/h2-6,14H,1H3,(H,12,13)(H,15,16)",0,pKa Data
CC(CC(=O)O)(C(=O)O)c1ccc([N+](=O)[O-])cc1,CC(CC(=O)O)(C(=O)O)c1ccc([N+](=O)[O-])cc1,sour,pKa between 2 and 7,IUPAC Dissocation Constants,0,CC(CC(=O)O)(C(=O)O)c1ccc([N+](=O)[O-])cc1,3,"InChI=1S/C11H11NO6/c1-11(10(15)16,6-9(13)14)7-2-4-8(5-3-7)12(17)18/h2-5H,6H2,1H3,(H,13,14)(H,15,16)",0,pKa Data
COC(=O)CC(C(=O)O)c1ccc([N+](=O)[O-])cc1,COC(=O)CC(C(=O)O)c1ccc([N+](=O)[O-])cc1,sour,pKa between 2 and 7,IUPAC Dissocation Constants,0,COC(=O)CC(C(=O)O)c1ccc([N+](=O)[O-])cc1,3,"InChI=1S/C11H11NO6/c1-18-10(13)6-9(11(14)15)7-2-4-8(5-3-7)12(16)17/h2-5,9H,6H2,1H3,(H,14,15)",0,pKa Data
COC(=O)C(CC(=O)O)c1ccc([N+](=O)[O-])cc1,COC(=O)C(CC(=O)O)c1ccc([N+](=O)[O-])cc1,sour,pKa between 2 and 7,IUPAC Dissocation Constants,0,COC(=O)C(CC(=O)O)c1ccc([N+](=O)[O-])cc1,3,"InChI=1S/C11H11NO6/c1-18-11(15)9(6-10(13)14)7-2-4-8(5-3-7)12(16)17/h2-5,9H,6H2,1H3,(H,13,14)",0,pKa Data
CC1(CC(C(=O)O)c2ccccc2)N=N1,CC1(CC(C(=O)O)c2ccccc2)N=N1,sour,pKa between 2 and 7,IUPAC Dissocation Constants,0,CC1(CC(C(=O)O)c2ccccc2)N=N1,3,"InChI=1S/C11H12N2O2/c1-11(12-13-11)7-9(10(14)15)8-5-3-2-4-6-8/h2-6,9H,7H2,1H3,(H,14,15)",0,pKa Data
CC(SC(C(=O)O)c1ccccc1)C(=O)O,CC(SC(C(=O)O)c1ccccc1)C(=O)O,sour,pKa between 2 and 7,IUPAC Dissocation Constants,0,CC(SC(C(=O)O)c1ccccc1)C(=O)O,3,"InChI=1S/C11H12O4S/c1-7(10(12)13)16-9(11(14)15)8-5-3-2-4-6-8/h2-7,9H,1H3,(H,12,13)(H,14,15)",0,pKa Data
O=C(O)CSC(SCC(=O)O)c1ccccc1,O=C(O)CSC(SCC(=O)O)c1ccccc1,sour,pKa between 2 and 7,IUPAC Dissocation Constants,0,O=C(O)CSC(SCC(=O)O)c1ccccc1,3,"InChI=1S/C11H12O4S2/c12-9(13)6-16-11(17-7-10(14)15)8-4-2-1-3-5-8/h1-5,11H,6-7H2,(H,12,13)(H,14,15)",0,pKa Data
O=C(O)CN(CC(=O)O)Cc1cc([N+](=O)[O-])ccc1O,O=C(O)CN(CC(=O)O)Cc1cc([N+](=O)[O-])ccc1O,sour,pKa between 2 and 7,IUPAC Dissocation Constants,0,O=C(O)CN(CC(=O)O)Cc1cc([N+](=O)[O-])ccc1O,3,"InChI=1S/C11H12N2O7/c14-9-2-1-8(13(19)20)3-7(9)4-12(5-10(15)16)6-11(17)18/h1-3,14H,4-6H2,(H,15,16)(H,17,18)",0,pKa Data
CCOC(=O)CNc1cccc(C(=O)O)c1,CCOC(=O)CNc1cccc(C(=O)O)c1,sour,pKa between 2 and 7,IUPAC Dissocation Constants,0,CCOC(=O)CNc1cccc(C(=O)O)c1,3,"InChI=1S/C11H13NO4/c1-2-16-10(13)7-12-9-5-3-4-8(6-9)11(14)15/h3-6,12H,2,7H2,1H3,(H,14,15)",0,pKa Data
O=C(O)CC(NCc1ccccc1)C(=O)O,O=C(O)CC(NCc1ccccc1)C(=O)O,sour,pKa between 2 and 7,IUPAC Dissocation Constants,0,O=C(O)CC(NCc1ccccc1)C(=O)O,3,"InChI=1S/C11H13NO4/c13-10(14)6-9(11(15)16)12-7-8-4-2-1-3-5-8/h1-5,9,12H,6-7H2,(H,13,14)(H,15,16)",0,pKa Data
COc1ccccc1N(CC(=O)O)CC(=O)O,COc1ccccc1N(CC(=O)O)CC(=O)O,sour,pKa between 2 and 7,IUPAC Dissocation Constants,0,COc1ccccc1N(CC(=O)O)CC(=O)O,3,"InChI=1S/C11H13NO5/c1-17-9-5-3-2-4-8(9)12(6-10(13)14)7-11(15)16/h2-5H,6-7H2,1H3,(H,13,14)(H,15,16)",0,pKa Data
CNc1ncnc2c1ncn2[C@@H]1O[C@H](CO)[C@@H](O)[C@H]1O,CNc1ncnc2c1ncn2[C@@H]1O[C@H](CO)[C@@H](O)[C@H]1O,sour,pKa between 2 and 7,IUPAC Dissocation Constants,0,CNc1ncnc2c1ncn2[C@@H]1O[C@H](CO)[C@@H](O)[C@H]1O,3,"InChI=1S/C11H15N5O4/c1-12-9-6-10(14-3-13-9)16(4-15-6)11-8(19)7(18)5(2-17)20-11/h3-5,7-8,11,17-19H,2H2,1H3,(H,12,13,14)",0,pKa Data
COC(=O)c1cc(O)c(O)c(O)c1CN(C)C,COC(=O)c1cc(O)c(O)c(O)c1CN(C)C,sour,pKa between 2 and 7,IUPAC Dissocation Constants,0,COC(=O)c1cc(O)c(O)c(O)c1CN(C)C,3,"InChI=1S/C11H15NO5/c1-12(2)5-7-6(11(16)17-3)4-8(13)10(15)9(7)14/h4,13-15H,5H2,1-3H3",0,pKa Data
CCOP(=O)(OCC)c1cccc(C(=O)O)c1,CCOP(=O)(OCC)c1cccc(C(=O)O)c1,sour,pKa between 2 and 7,IUPAC Dissocation Constants,0,CCOP(=O)(OCC)c1cccc(C(=O)O)c1,3,"InChI=1S/C11H15O5P/c1-3-15-17(14,16-4-2)10-7-5-6-9(8-10)11(12)13/h5-8H,3-4H2,1-2H3,(H,12,13)",0,pKa Data
CCOP(=O)(OCC)c1ccc(C(=O)O)cc1,CCOP(=O)(OCC)c1ccc(C(=O)O)cc1,sour,pKa between 2 and 7,IUPAC Dissocation Constants,0,CCOP(=O)(OCC)c1ccc(C(=O)O)cc1,3,"InChI=1S/C11H15O5P/c1-3-15-17(14,16-4-2)10-7-5-9(6-8-10)11(12)13/h5-8H,3-4H2,1-2H3,(H,12,13)",0,pKa Data
CN(C)c1ccn([C@@H]2O[C@H](CO)[C@@H](O)[C@H]2O)c(=O)n1,CN(C)c1ccn([C@@H]2O[C@H](CO)[C@@H](O)[C@H]2O)c(=O)n1,sour,pKa between 2 and 7,IUPAC Dissocation Constants,0,CN(C)c1ccn([C@@H]2O[C@H](CO)[C@@H](O)[C@H]2O)c(=O)n1,3,"InChI=1S/C11H17N3O5/c1-13(2)7-3-4-14(11(18)12-7)10-9(17)8(16)6(5-15)19-10/h3-4,6,8-10,15-17H,5H2,1-2H3",0,pKa Data
O=C(O)CN(CC(=O)O)C1(C(=O)O)CCCCC1,O=C(O)CN(CC(=O)O)C1(C(=O)O)CCCCC1,sour,pKa between 2 and 7,IUPAC Dissocation Constants,0,O=C(O)CN(CC(=O)O)C1(C(=O)O)CCCCC1,3,"InChI=1S/C11H17NO6/c13-8(14)6-12(7-9(15)16)11(10(17)18)4-2-1-3-5-11/h1-7H2,(H,13,14)(H,15,16)(H,17,18)",0,pKa Data
CN(C)C12CCC(C(=O)O)(CC1)CC2,CN(C)C12CCC(C(=O)O)(CC1)CC2,sour,pKa between 2 and 7,IUPAC Dissocation Constants,0,CN(C)C12CCC(C(=O)O)(CC1)CC2,3,"InChI=1S/C11H19NO2/c1-12(2)11-6-3-10(4-7-11,5-8-11)9(13)14/h3-8H2,1-2H3,(H,13,14)",0,pKa Data
CCCCP(=O)(CCCC)C(C)(O)C(=O)O,CCCCP(=O)(CCCC)C(C)(O)C(=O)O,sour,pKa between 2 and 7,IUPAC Dissocation Constants,0,CCCCP(=O)(CCCC)C(C)(O)C(=O)O,3,"InChI=1S/C11H23O4P/c1-4-6-8-16(15,9-7-5-2)11(3,14)10(12)13/h14H,4-9H2,1-3H3,(H,12,13)",0,pKa Data
O=C(O)Cc1cccc2ccccc12,O=C(O)Cc1cccc2ccccc12,sour,pKa between 2 and 7,IUPAC Dissocation Constants,0,O=C(O)Cc1cccc2ccccc12,3,"InChI=1S/C12H10O2/c13-12(14)8-10-6-3-5-9-4-1-2-7-11(9)10/h1-7H,8H2,(H,13,14)",0,pKa Data
O=C(O)Cc1ccc2ccccc2c1,O=C(O)Cc1ccc2ccccc2c1,sour,pKa between 2 and 7,IUPAC Dissocation Constants,0,O=C(O)Cc1ccc2ccccc2c1,3,"InChI=1S/C12H10O2/c13-12(14)8-9-5-6-10-3-1-2-4-11(10)7-9/h1-7H,8H2,(H,13,14)",0,pKa Data
Cc1ccc2ccccc2c1C(=O)O,Cc1ccc2ccccc2c1C(=O)O,sour,pKa between 2 and 7,IUPAC Dissocation Constants,0,Cc1ccc2ccccc2c1C(=O)O,3,"InChI=1S/C12H10O2/c1-8-6-7-9-4-2-3-5-10(9)11(8)12(13)14/h2-7H,1H3,(H,13,14)",0,pKa Data
Cc1cc(C(=O)O)c2ccccc2c1,Cc1cc(C(=O)O)c2ccccc2c1,sour,pKa between 2 and 7,IUPAC Dissocation Constants,0,Cc1cc(C(=O)O)c2ccccc2c1,3,"InChI=1S/C12H10O2/c1-8-6-9-4-2-3-5-10(9)11(7-8)12(13)14/h2-7H,1H3,(H,13,14)",0,pKa Data
COc1ccc(C(=O)O)c2ccccc12,COc1ccc(C(=O)O)c2ccccc12,sour,pKa between 2 and 7,IUPAC Dissocation Constants,0,COc1ccc(C(=O)O)c2ccccc12,3,"InChI=1S/C12H10O3/c1-15-11-7-6-10(12(13)14)8-4-2-3-5-9(8)11/h2-7H,1H3,(H,13,14)",0,pKa Data
COc1cc2ccccc2cc1C(=O)O,COc1cc2ccccc2cc1C(=O)O,sour,pKa between 2 and 7,IUPAC Dissocation Constants,0,COc1cc2ccccc2cc1C(=O)O,3,"InChI=1S/C12H10O3/c1-15-11-7-9-5-3-2-4-8(9)6-10(11)12(13)14/h2-7H,1H3,(H,13,14)",0,pKa Data
C[C@@]1(C(=O)O)C[C@@]1(C(=O)O)c1ccccc1,C[C@@]1(C(=O)O)C[C@@]1(C(=O)O)c1ccccc1,sour,pKa between 2 and 7,IUPAC Dissocation Constants,0,C[C@@]1(C(=O)O)C[C@@]1(C(=O)O)c1ccccc1,3,"InChI=1S/C12H12O4/c1-11(9(13)14)7-12(11,10(15)16)8-5-3-2-4-6-8/h2-6H,7H2,1H3,(H,13,14)(H,15,16)",0,pKa Data
C[C@@]1(C(=O)O)C[C@]1(C(=O)O)c1ccccc1,C[C@@]1(C(=O)O)C[C@]1(C(=O)O)c1ccccc1,sour,pKa between 2 and 7,IUPAC Dissocation Constants,0,C[C@@]1(C(=O)O)C[C@]1(C(=O)O)c1ccccc1,3,"InChI=1S/C12H12O4/c1-11(9(13)14)7-12(11,10(15)16)8-5-3-2-4-6-8/h2-6H,7H2,1H3,(H,13,14)(H,15,16)",0,pKa Data
CC(=CC(=O)O)c1cc(C)cc(C)c1O,CC(=CC(=O)O)c1cc(C)cc(C)c1O,sour,pKa between 2 and 7,IUPAC Dissocation Constants,0,CC(=CC(=O)O)c1cc(C)cc(C)c1O,3,"InChI=1S/C12H14O3/c1-7-4-9(3)12(15)10(5-7)8(2)6-11(13)14/h4-6,15H,1-3H3,(H,13,14)",0,pKa Data
CC(CC(=O)O)(Cc1ccccc1)C(=O)O,CC(CC(=O)O)(Cc1ccccc1)C(=O)O,sour,pKa between 2 and 7,IUPAC Dissocation Constants,0,CC(CC(=O)O)(Cc1ccccc1)C(=O)O,3,"InChI=1S/C12H14O4/c1-12(11(15)16,8-10(13)14)7-9-5-3-2-4-6-9/h2-6H,7-8H2,1H3,(H,13,14)(H,15,16)",0,pKa Data
CCC(CC(=O)O)(C(=O)O)c1ccccc1,CCC(CC(=O)O)(C(=O)O)c1ccccc1,sour,pKa between 2 and 7,IUPAC Dissocation Constants,0,CCC(CC(=O)O)(C(=O)O)c1ccccc1,3,"InChI=1S/C12H14O4/c1-2-12(11(15)16,8-10(13)14)9-6-4-3-5-7-9/h3-7H,2,8H2,1H3,(H,13,14)(H,15,16)",0,pKa Data
COC(=O)C(C)(CC(=O)O)c1ccccc1,COC(=O)C(C)(CC(=O)O)c1ccccc1,sour,pKa between 2 and 7,IUPAC Dissocation Constants,0,COC(=O)C(C)(CC(=O)O)c1ccccc1,3,"InChI=1S/C12H14O4/c1-12(8-10(13)14,11(15)16-2)9-6-4-3-5-7-9/h3-7H,8H2,1-2H3,(H,13,14)",0,pKa Data
COC(=O)CC(C)(C(=O)O)c1ccccc1,COC(=O)CC(C)(C(=O)O)c1ccccc1,sour,pKa between 2 and 7,IUPAC Dissocation Constants,0,COC(=O)CC(C)(C(=O)O)c1ccccc1,3,"InChI=1S/C12H14O4/c1-12(11(14)15,8-10(13)16-2)9-6-4-3-5-7-9/h3-7H,8H2,1-2H3,(H,14,15)",0,pKa Data
CC(CC(=O)O)(CC(=O)O)c1ccccc1,CC(CC(=O)O)(CC(=O)O)c1ccccc1,sour,pKa between 2 and 7,IUPAC Dissocation Constants,0,CC(CC(=O)O)(CC(=O)O)c1ccccc1,3,"InChI=1S/C12H14O4/c1-12(7-10(13)14,8-11(15)16)9-5-3-2-4-6-9/h2-6H,7-8H2,1H3,(H,13,14)(H,15,16)",0,pKa Data
CC(CCCC(=O)O)c1ccccc1,CC(CCCC(=O)O)c1ccccc1,sour,pKa between 2 and 7,IUPAC Dissocation Constants,0,CC(CCCC(=O)O)c1ccccc1,3,"InChI=1S/C12H16O2/c1-10(6-5-9-12(13)14)11-7-3-2-4-8-11/h2-4,7-8,10H,5-6,9H2,1H3,(H,13,14)",0,pKa Data
CCCCc1ccc(C(O)C(=O)O)cc1,CCCCc1ccc(C(O)C(=O)O)cc1,sour,pKa between 2 and 7,IUPAC Dissocation Constants,0,CCCCc1ccc(C(O)C(=O)O)cc1,3,"InChI=1S/C12H16O3/c1-2-3-4-9-5-7-10(8-6-9)11(13)12(14)15/h5-8,11,13H,2-4H2,1H3,(H,14,15)",0,pKa Data
CCCC(=O)c1c(O)oc(CCC)cc1=O,CCCC(=O)c1c(O)oc(CCC)cc1=O,sour,pKa between 2 and 7,IUPAC Dissocation Constants,0,CCCC(=O)c1c(O)oc(CCC)cc1=O,3,"InChI=1S/C12H16O4/c1-3-5-8-7-10(14)11(12(15)16-8)9(13)6-4-2/h7,14H,3-6H2,1-2H3",0,pKa Data
O=C(O)C1(OC2(C(=O)O)CCCC2)CCCC1,O=C(O)C1(OC2(C(=O)O)CCCC2)CCCC1,sour,pKa between 2 and 7,IUPAC Dissocation Constants,0,O=C(O)C1(OC2(C(=O)O)CCCC2)CCCC1,3,"InChI=1S/C12H18O5/c13-9(14)11(5-1-2-6-11)17-12(10(15)16)7-3-4-8-12/h1-8H2,(H,13,14)(H,15,16)",0,pKa Data
CC(C)(C)C1CCC(C(=O)O)C(C(=O)O)C1,CC(C)(C)C1CCC(C(=O)O)C(C(=O)O)C1,sour,pKa between 2 and 7,IUPAC Dissocation Constants,0,CC(C)(C)C1CCC(C(=O)O)C(C(=O)O)C1,3,"InChI=1S/C12H20O4/c1-12(2,3)7-4-5-8(10(13)14)9(6-7)11(15)16/h7-9H,4-6H2,1-3H3,(H,13,14)(H,15,16)",0,pKa Data
CC(C)(C)C(C(=O)O)C(C(=O)O)C(C)(C)C,CC(C)(C)C(C(=O)O)C(C(=O)O)C(C)(C)C,sour,pKa between 2 and 7,IUPAC Dissocation Constants,0,CC(C)(C)C(C(=O)O)C(C(=O)O)C(C)(C)C,3,"InChI=1S/C12H22O4/c1-11(2,3)7(9(13)14)8(10(15)16)12(4,5)6/h7-8H,1-6H3,(H,13,14)(H,15,16)",0,pKa Data
CCC(CC)(C(=O)O)C(CC)(CC)C(=O)O,CCC(CC)(C(=O)O)C(CC)(CC)C(=O)O,sour,pKa between 2 and 7,IUPAC Dissocation Constants,0,CCC(CC)(C(=O)O)C(CC)(CC)C(=O)O,3,"InChI=1S/C12H22O4/c1-5-11(6-2,9(13)14)12(7-3,8-4)10(15)16/h5-8H2,1-4H3,(H,13,14)(H,15,16)",0,pKa Data
O=c1cnc2c(=O)[nH]c(=O)n(-c3ccccc3)c2[nH]1,O=c1cnc2c(=O)[nH]c(=O)n(-c3ccccc3)c2[nH]1,sour,pKa between 2 and 7,IUPAC Dissocation Constants,0,O=c1cnc2c(=O)[nH]c(=O)n(-c3ccccc3)c2[nH]1,3,"InChI=1S/C12H8N4O3/c17-8-6-13-9-10(14-8)16(12(19)15-11(9)18)7-4-2-1-3-5-7/h1-6H,(H,14,17)(H,15,18,19)",0,pKa Data
O=C(O)c1cc(=O)cc(-c2ccccc2)s1,O=C(O)c1cc(=O)cc(-c2ccccc2)s1,sour,pKa between 2 and 7,IUPAC Dissocation Constants,0,O=C(O)c1cc(=O)cc(-c2ccccc2)s1,3,"InChI=1S/C12H8O3S/c13-9-6-10(8-4-2-1-3-5-8)16-11(7-9)12(14)15/h1-7H,(H,14,15)",0,pKa Data
O=C(O)C(=O)C=S1SCC=C1c1ccccc1,O=C(O)C(=O)C=S1SCC=C1c1ccccc1,sour,pKa between 2 and 7,IUPAC Dissocation Constants,0,O=C(O)C(=O)C=S1SCC=C1c1ccccc1,3,"InChI=1S/C12H10O3S2/c13-10(12(14)15)8-17-11(6-7-16-17)9-4-2-1-3-5-9/h1-6,8H,7H2,(H,14,15)",0,pKa Data
O=[N+]([O-])c1cc(-c2ccccc2)c(O)c([N+](=O)[O-])c1,O=[N+]([O-])c1cc(-c2ccccc2)c(O)c([N+](=O)[O-])c1,sour,pKa between 2 and 7,IUPAC Dissocation Constants,0,O=[N+]([O-])c1cc(-c2ccccc2)c(O)c([N+](=O)[O-])c1,3,"InChI=1S/C12H8N2O5/c15-12-10(8-4-2-1-3-5-8)6-9(13(16)17)7-11(12)14(18)19/h1-7,15H",0,pKa Data
O=[N+]([O-])c1ccc(-c2ccccc2)cc1O,O=[N+]([O-])c1ccc(-c2ccccc2)cc1O,sour,pKa between 2 and 7,IUPAC Dissocation Constants,0,O=[N+]([O-])c1ccc(-c2ccccc2)cc1O,3,"InChI=1S/C12H9NO3/c14-12-8-10(6-7-11(12)13(15)16)9-4-2-1-3-5-9/h1-8,14H",0,pKa Data
O=[N+]([O-])c1cc(-c2ccccc2)ccc1O,O=[N+]([O-])c1cc(-c2ccccc2)ccc1O,sour,pKa between 2 and 7,IUPAC Dissocation Constants,0,O=[N+]([O-])c1cc(-c2ccccc2)ccc1O,3,"InChI=1S/C12H9NO3/c14-12-7-6-10(8-11(12)13(15)16)9-4-2-1-3-5-9/h1-8,14H",0,pKa Data
O=c1[nH]c(=O)c2ncn(Cc3ccccc3)c2[nH]1,O=c1[nH]c(=O)c2ncn(Cc3ccccc3)c2[nH]1,sour,pKa between 2 and 7,IUPAC Dissocation Constants,0,O=c1[nH]c(=O)c2ncn(Cc3ccccc3)c2[nH]1,3,"InChI=1S/C12H10N4O2/c17-11-9-10(14-12(18)15-11)16(7-13-9)6-8-4-2-1-3-5-8/h1-5,7H,6H2,(H2,14,15,17,18)",0,pKa Data
Cc1[nH]c(=O)n(Cc2ccccc2)c(=O)c1[N+](=O)[O-],Cc1[nH]c(=O)n(Cc2ccccc2)c(=O)c1[N+](=O)[O-],sour,pKa between 2 and 7,IUPAC Dissocation Constants,0,Cc1[nH]c(=O)n(Cc2ccccc2)c(=O)c1[N+](=O)[O-],3,"InChI=1S/C12H11N3O4/c1-8-10(15(18)19)11(16)14(12(17)13-8)7-9-5-3-2-4-6-9/h2-6H,7H2,1H3,(H,13,17)",0,pKa Data
O=C(O)CN(CC(=O)O)c1cc(C(=O)O)c(O)cc1C(=O)O,O=C(O)CN(CC(=O)O)c1cc(C(=O)O)c(O)cc1C(=O)O,sour,pKa between 2 and 7,IUPAC Dissocation Constants,0,O=C(O)CN(CC(=O)O)c1cc(C(=O)O)c(O)cc1C(=O)O,3,"InChI=1S/C12H11NO9/c14-8-2-5(11(19)20)7(1-6(8)12(21)22)13(3-9(15)16)4-10(17)18/h1-2,14H,3-4H2,(H,15,16)(H,17,18)(H,19,20)(H,21,22)",0,pKa Data
CC(=O)Nc1ccc([C@@H]2C[C@H]2C(=O)O)cc1,CC(=O)Nc1ccc([C@@H]2C[C@H]2C(=O)O)cc1,sour,pKa between 2 and 7,IUPAC Dissocation Constants,0,CC(=O)Nc1ccc([C@@H]2C[C@H]2C(=O)O)cc1,3,"InChI=1S/C12H13NO3/c1-7(14)13-9-4-2-8(3-5-9)10-6-11(10)12(15)16/h2-5,10-11H,6H2,1H3,(H,13,14)(H,15,16)",0,pKa Data
O=C(O)CCC(NC(=O)c1ccccc1)C(=O)O,O=C(O)CCC(NC(=O)c1ccccc1)C(=O)O,sour,pKa between 2 and 7,IUPAC Dissocation Constants,0,O=C(O)CCC(NC(=O)c1ccccc1)C(=O)O,3,"InChI=1S/C12H13NO5/c14-10(15)7-6-9(12(17)18)13-11(16)8-4-2-1-3-5-8/h1-5,9H,6-7H2,(H,13,16)(H,14,15)(H,17,18)",0,pKa Data
O=C(O)CN(CC(=O)O)C(C(=O)O)c1ccccc1,O=C(O)CN(CC(=O)O)C(C(=O)O)c1ccccc1,sour,pKa between 2 and 7,IUPAC Dissocation Constants,0,O=C(O)CN(CC(=O)O)C(C(=O)O)c1ccccc1,3,"InChI=1S/C12H13NO6/c14-9(15)6-13(7-10(16)17)11(12(18)19)8-4-2-1-3-5-8/h1-5,11H,6-7H2,(H,14,15)(H,16,17)(H,18,19)",0,pKa Data
CCC(CC(=O)O)(C(=O)O)c1ccc([N+](=O)[O-])cc1,CCC(CC(=O)O)(C(=O)O)c1ccc([N+](=O)[O-])cc1,sour,pKa between 2 and 7,IUPAC Dissocation Constants,0,CCC(CC(=O)O)(C(=O)O)c1ccc([N+](=O)[O-])cc1,3,"InChI=1S/C12H13NO6/c1-2-12(11(16)17,7-10(14)15)8-3-5-9(6-4-8)13(18)19/h3-6H,2,7H2,1H3,(H,14,15)(H,16,17)",0,pKa Data
COC(=O)C(C)(CC(=O)O)c1ccc([N+](=O)[O-])cc1,COC(=O)C(C)(CC(=O)O)c1ccc([N+](=O)[O-])cc1,sour,pKa between 2 and 7,IUPAC Dissocation Constants,0,COC(=O)C(C)(CC(=O)O)c1ccc([N+](=O)[O-])cc1,3,"InChI=1S/C12H13NO6/c1-12(7-10(14)15,11(16)19-2)8-3-5-9(6-4-8)13(17)18/h3-6H,7H2,1-2H3,(H,14,15)",0,pKa Data
COC(=O)CC(C)(C(=O)O)c1ccc([N+](=O)[O-])cc1,COC(=O)CC(C)(C(=O)O)c1ccc([N+](=O)[O-])cc1,sour,pKa between 2 and 7,IUPAC Dissocation Constants,0,COC(=O)CC(C)(C(=O)O)c1ccc([N+](=O)[O-])cc1,3,"InChI=1S/C12H13NO6/c1-12(11(15)16,7-10(14)19-2)8-3-5-9(6-4-8)13(17)18/h3-6H,7H2,1-2H3,(H,15,16)",0,pKa Data
CC(CC(=O)O)(Cc1ccc([N+](=O)[O-])cc1)C(=O)O,CC(CC(=O)O)(Cc1ccc([N+](=O)[O-])cc1)C(=O)O,sour,pKa between 2 and 7,IUPAC Dissocation Constants,0,CC(CC(=O)O)(Cc1ccc([N+](=O)[O-])cc1)C(=O)O,3,"InChI=1S/C12H13NO6/c1-12(11(16)17,7-10(14)15)6-8-2-4-9(5-3-8)13(18)19/h2-5H,6-7H2,1H3,(H,14,15)(H,16,17)",0,pKa Data
CC(C)(C)c1ccc(SCC(=O)O)cc1,CC(C)(C)c1ccc(SCC(=O)O)cc1,sour,pKa between 2 and 7,IUPAC Dissocation Constants,0,CC(C)(C)c1ccc(SCC(=O)O)cc1,3,"InChI=1S/C12H16O2S/c1-12(2,3)9-4-6-10(7-5-9)15-8-11(13)14/h4-7H,8H2,1-3H3,(H,13,14)",0,pKa Data
CC(C)(C)c1ccc(S(=O)CC(=O)O)cc1,CC(C)(C)c1ccc([S+]([O-])CC(=O)O)cc1,sour,pKa between 2 and 7,IUPAC Dissocation Constants,0,CC(C)(C)c1ccc(S(=O)CC(=O)O)cc1,3,"InChI=1S/C12H16O3S/c1-12(2,3)9-4-6-10(7-5-9)16(15)8-11(13)14/h4-7H,8H2,1-3H3,(H,13,14)",0,pKa Data
CC(C)(C)c1ccc(S(=O)(=O)CC(=O)O)cc1,CC(C)(C)c1ccc(S(=O)(=O)CC(=O)O)cc1,sour,pKa between 2 and 7,IUPAC Dissocation Constants,0,CC(C)(C)c1ccc(S(=O)(=O)CC(=O)O)cc1,3,"InChI=1S/C12H16O4S/c1-12(2,3)9-4-6-10(7-5-9)17(15,16)8-11(13)14/h4-7H,8H2,1-3H3,(H,13,14)",0,pKa Data
CN(C)c1ncnc2c1ncn2[C@@H]1O[C@H](CO)[C@@H](O)[C@H]1O,CN(C)c1ncnc2c1ncn2[C@@H]1O[C@H](CO)[C@@H](O)[C@H]1O,sour,pKa between 2 and 7,IUPAC Dissocation Constants,0,CN(C)c1ncnc2c1ncn2[C@@H]1O[C@H](CO)[C@@H](O)[C@H]1O,3,"InChI=1S/C12H17N5O4/c1-16(2)10-7-11(14-4-13-10)17(5-15-7)12-9(20)8(19)6(3-18)21-12/h4-6,8-9,12,18-20H,3H2,1-2H3",0,pKa Data
CC(=O)NCC(=O)NC(Cc1c[nH]cn1)C(=O)NCC(=O)O,CC(=O)NCC(=O)NC(Cc1c[nH]cn1)C(=O)NCC(=O)O,sour,pKa between 2 and 7,IUPAC Dissocation Constants,0,CC(=O)NCC(=O)NC(Cc1c[nH]cn1)C(=O)NCC(=O)O,3,"InChI=1S/C12H17N5O5/c1-7(18)14-4-10(19)17-9(2-8-3-13-6-16-8)12(22)15-5-11(20)21/h3,6,9H,2,4-5H2,1H3,(H,13,16)(H,14,18)(H,15,22)(H,17,19)(H,20,21)",0,pKa Data
CCCCN(CCN(CC(=O)O)CC(=O)O)CC(=O)O,CCCCN(CCN(CC(=O)O)CC(=O)O)CC(=O)O,sour,pKa between 2 and 7,IUPAC Dissocation Constants,0,CCCCN(CCN(CC(=O)O)CC(=O)O)CC(=O)O,3,"InChI=1S/C12H22N2O6/c1-2-3-4-13(7-10(15)16)5-6-14(8-11(17)18)9-12(19)20/h2-9H2,1H3,(H,15,16)(H,17,18)(H,19,20)",0,pKa Data
O=C1C=CC(=Nc2c(Cl)cc(O)cc2Cl)C=C1,O=C1C=CC(=Nc2c(Cl)cc(O)cc2Cl)C=C1,sour,pKa between 2 and 7,IUPAC Dissocation Constants,0,O=C1C=CC(=Nc2c(Cl)cc(O)cc2Cl)C=C1,3,"InChI=1S/C12H7Cl2NO2/c13-10-5-9(17)6-11(14)12(10)15-7-1-3-8(16)4-2-7/h1-6,17H",0,pKa Data
O=[N+]([O-])c1cccc(NS(=O)(=O)c2ccccc2)c1,O=[N+]([O-])c1cccc(NS(=O)(=O)c2ccccc2)c1,sour,pKa between 2 and 7,IUPAC Dissocation Constants,0,O=[N+]([O-])c1cccc(NS(=O)(=O)c2ccccc2)c1,3,"InChI=1S/C12H10N2O4S/c15-14(16)11-6-4-5-10(9-11)13-19(17,18)12-7-2-1-3-8-12/h1-9,13H",0,pKa Data
O=[N+]([O-])c1ccc(NS(=O)(=O)c2ccccc2)cc1,O=[N+]([O-])c1ccc(NS(=O)(=O)c2ccccc2)cc1,sour,pKa between 2 and 7,IUPAC Dissocation Constants,0,O=[N+]([O-])c1ccc(NS(=O)(=O)c2ccccc2)cc1,3,"InChI=1S/C12H10N2O4S/c15-14(16)11-8-6-10(7-9-11)13-19(17,18)12-4-2-1-3-5-12/h1-9,13H",0,pKa Data
O=C(O)CC[As](CCC(=O)O)c1ccc(Cl)cc1,O=C(O)CC[As](CCC(=O)O)c1ccc(Cl)cc1,sour,pKa between 2 and 7,IUPAC Dissocation Constants,0,O=C(O)CC[As](CCC(=O)O)c1ccc(Cl)cc1,3,"InChI=1S/C12H14AsClO4/c14-10-3-1-9(2-4-10)13(7-5-11(15)16)8-6-12(17)18/h1-4H,5-8H2,(H,15,16)(H,17,18)",0,pKa Data
CN(C)Cc1cc(Cl)cc(CN(C)C)c1O,CN(C)Cc1cc(Cl)cc(CN(C)C)c1O,sour,pKa between 2 and 7,IUPAC Dissocation Constants,0,CN(C)Cc1cc(Cl)cc(CN(C)C)c1O,3,"InChI=1S/C12H19ClN2O/c1-14(2)7-9-5-11(13)6-10(12(9)16)8-15(3)4/h5-6,16H,7-8H2,1-4H3",0,pKa Data
CN(C)Cc1cc(F)cc(CN(C)C)c1O,CN(C)Cc1cc(F)cc(CN(C)C)c1O,sour,pKa between 2 and 7,IUPAC Dissocation Constants,0,CN(C)Cc1cc(F)cc(CN(C)C)c1O,3,"InChI=1S/C12H19FN2O/c1-14(2)7-9-5-11(13)6-10(12(9)16)8-15(3)4/h5-6,16H,7-8H2,1-4H3",0,pKa Data
Cc1cc2ccccc2c(C(=O)O)c1C,Cc1cc2ccccc2c(C(=O)O)c1C,sour,pKa between 2 and 7,IUPAC Dissocation Constants,0,Cc1cc2ccccc2c(C(=O)O)c1C,3,"InChI=1S/C13H12O2/c1-8-7-10-5-3-4-6-11(10)12(9(8)2)13(14)15/h3-7H,1-2H3,(H,14,15)",0,pKa Data
COC(=O)CC(C)(Cc1ccccc1)C(=O)O,COC(=O)CC(C)(Cc1ccccc1)C(=O)O,sour,pKa between 2 and 7,IUPAC Dissocation Constants,0,COC(=O)CC(C)(Cc1ccccc1)C(=O)O,3,"InChI=1S/C13H16O4/c1-13(12(15)16,9-11(14)17-2)8-10-6-4-3-5-7-10/h3-7H,8-9H2,1-2H3,(H,15,16)",0,pKa Data
CCC(CC(=O)OC)(C(=O)O)c1ccccc1,CCC(CC(=O)OC)(C(=O)O)c1ccccc1,sour,pKa between 2 and 7,IUPAC Dissocation Constants,0,CCC(CC(=O)OC)(C(=O)O)c1ccccc1,3,"InChI=1S/C13H16O4/c1-3-13(12(15)16,9-11(14)17-2)10-7-5-4-6-8-10/h4-8H,3,9H2,1-2H3,(H,15,16)",0,pKa Data
CCC(CC(=O)O)(CC(=O)O)c1ccccc1,CCC(CC(=O)O)(CC(=O)O)c1ccccc1,sour,pKa between 2 and 7,IUPAC Dissocation Constants,0,CCC(CC(=O)O)(CC(=O)O)c1ccccc1,3,"InChI=1S/C13H16O4/c1-2-13(8-11(14)15,9-12(16)17)10-6-4-3-5-7-10/h3-7H,2,8-9H2,1H3,(H,14,15)(H,16,17)",0,pKa Data
CCC(CC(=O)O)(C(=O)OC)c1ccccc1,CCC(CC(=O)O)(C(=O)OC)c1ccccc1,sour,pKa between 2 and 7,IUPAC Dissocation Constants,0,CCC(CC(=O)O)(C(=O)OC)c1ccccc1,3,"InChI=1S/C13H16O4/c1-3-13(9-11(14)15,12(16)17-2)10-7-5-4-6-8-10/h4-8H,3,9H2,1-2H3,(H,14,15)",0,pKa Data
O=C(O)CCCCCCc1ccccc1,O=C(O)CCCCCCc1ccccc1,sour,pKa between 2 and 7,IUPAC Dissocation Constants,0,O=C(O)CCCCCCc1ccccc1,3,"InChI=1S/C13H18O2/c14-13(15)11-7-2-1-4-8-12-9-5-3-6-10-12/h3,5-6,9-10H,1-2,4,7-8,11H2,(H,14,15)",0,pKa Data
COC(=O)C(C(C(=O)O)C(C)(C)C)C(C)(C)C,COC(=O)C(C(C(=O)O)C(C)(C)C)C(C)(C)C,sour,pKa between 2 and 7,IUPAC Dissocation Constants,0,COC(=O)C(C(C(=O)O)C(C)(C)C)C(C)(C)C,3,"InChI=1S/C13H24O4/c1-12(2,3)8(10(14)15)9(11(16)17-7)13(4,5)6/h8-9H,1-7H3,(H,14,15)",0,pKa Data
CCC(CC)(C(=O)O)C(CC)(CC)C(=O)OC,CCC(CC)(C(=O)O)C(CC)(CC)C(=O)OC,sour,pKa between 2 and 7,IUPAC Dissocation Constants,0,CCC(CC)(C(=O)O)C(CC)(CC)C(=O)OC,3,"InChI=1S/C13H24O4/c1-6-12(7-2,10(14)15)13(8-3,9-4)11(16)17-5/h6-9H2,1-5H3,(H,14,15)",0,pKa Data
Cn1c(=O)c2ncc(=O)[nH]c2n(-c2ccccc2)c1=O,Cn1c(=O)c2ncc(=O)[nH]c2n(-c2ccccc2)c1=O,sour,pKa between 2 and 7,IUPAC Dissocation Constants,0,Cn1c(=O)c2ncc(=O)[nH]c2n(-c2ccccc2)c1=O,3,"InChI=1S/C13H10N4O3/c1-16-12(19)10-11(15-9(18)7-14-10)17(13(16)20)8-5-3-2-4-6-8/h2-7H,1H3,(H,15,18)",0,pKa Data
O=C(O)c1ccccc1N=Nc1ccc(O)c(O)c1,O=C(O)c1ccccc1N=Nc1ccc(O)c(O)c1,sour,pKa between 2 and 7,IUPAC Dissocation Constants,0,O=C(O)c1ccccc1N=Nc1ccc(O)c(O)c1,3,"InChI=1S/C13H10N2O4/c16-11-6-5-8(7-12(11)17)14-15-10-4-2-1-3-9(10)13(18)19/h1-7,16-17H,(H,18,19)",0,pKa Data
O=C(O)c1ccccc1Nc1ccccc1,O=C(O)c1ccccc1Nc1ccccc1,sour,pKa between 2 and 7,IUPAC Dissocation Constants,0,O=C(O)c1ccccc1Nc1ccccc1,3,"InChI=1S/C13H11NO2/c15-13(16)11-8-4-5-9-12(11)14-10-6-2-1-3-7-10/h1-9,14H,(H,15,16)",0,pKa Data
Nc1ccc(NC(=O)c2ccc([N+](=O)[O-])cc2)cc1,Nc1ccc(NC(=O)c2ccc([N+](=O)[O-])cc2)cc1,sour,pKa between 2 and 7,IUPAC Dissocation Constants,0,Nc1ccc(NC(=O)c2ccc([N+](=O)[O-])cc2)cc1,3,"InChI=1S/C13H11N3O3/c14-10-3-5-11(6-4-10)15-13(17)9-1-7-12(8-2-9)16(18)19/h1-8H,14H2,(H,15,17)",0,pKa Data
Nc1ccc(NC(=O)c2ccccc2)cc1,Nc1ccc(NC(=O)c2ccccc2)cc1,sour,pKa between 2 and 7,IUPAC Dissocation Constants,0,Nc1ccc(NC(=O)c2ccccc2)cc1,3,"InChI=1S/C13H12N2O/c14-11-6-8-12(9-7-11)15-13(16)10-4-2-1-3-5-10/h1-9H,14H2,(H,15,16)",0,pKa Data
O=[As](O)(Cc1ccccc1)c1ccccc1,O=[As](O)(Cc1ccccc1)c1ccccc1,sour,pKa between 2 and 7,IUPAC Dissocation Constants,0,O=[As](O)(Cc1ccccc1)c1ccccc1,3,"InChI=1S/C13H13AsO2/c15-14(16,13-9-5-2-6-10-13)11-12-7-3-1-4-8-12/h1-10H,11H2,(H,15,16)",0,pKa Data
NC(C(=O)CCC(=O)O)C(=O)OCc1ccccc1,NC(C(=O)CCC(=O)O)C(=O)OCc1ccccc1,sour,pKa between 2 and 7,IUPAC Dissocation Constants,0,NC(C(=O)CCC(=O)O)C(=O)OCc1ccccc1,3,"InChI=1S/C13H15NO5/c14-12(10(15)6-7-11(16)17)13(18)19-8-9-4-2-1-3-5-9/h1-5,12H,6-8,14H2,(H,16,17)",0,pKa Data
CC(C(=O)O)(c1ccccc1)N(CC(=O)O)CC(=O)O,CC(C(=O)O)(c1ccccc1)N(CC(=O)O)CC(=O)O,sour,pKa between 2 and 7,IUPAC Dissocation Constants,0,CC(C(=O)O)(c1ccccc1)N(CC(=O)O)CC(=O)O,3,"InChI=1S/C13H15NO6/c1-13(12(19)20,9-5-3-2-4-6-9)14(7-10(15)16)8-11(17)18/h2-6H,7-8H2,1H3,(H,15,16)(H,17,18)(H,19,20)",0,pKa Data
CCN(CC(=O)O)C(C(=O)O)c1ccc(C)cc1,CCN(CC(=O)O)C(C(=O)O)c1ccc(C)cc1,sour,pKa between 2 and 7,IUPAC Dissocation Constants,0,CCN(CC(=O)O)C(C(=O)O)c1ccc(C)cc1,3,"InChI=1S/C13H17NO4/c1-3-14(8-11(15)16)12(13(17)18)10-6-4-9(2)5-7-10/h4-7,12H,3,8H2,1-2H3,(H,15,16)(H,17,18)",0,pKa Data
CCC(CC(=O)OC)(Cc1ccc([N+](=O)[O-])cc1)C(=O)O,CCC(CC(=O)OC)(Cc1ccc([N+](=O)[O-])cc1)C(=O)O,sour,pKa between 2 and 7,IUPAC Dissocation Constants,0,CCC(CC(=O)OC)(Cc1ccc([N+](=O)[O-])cc1)C(=O)O,3,"InChI=1S/C14H17NO6/c1-3-14(13(17)18,9-12(16)21-2)8-10-4-6-11(7-5-10)15(19)20/h4-7H,3,8-9H2,1-2H3,(H,17,18)",0,pKa Data
COC(=O)CC(C)(Cc1ccc([N+](=O)[O-])cc1)C(=O)O,COC(=O)CC(C)(Cc1ccc([N+](=O)[O-])cc1)C(=O)O,sour,pKa between 2 and 7,IUPAC Dissocation Constants,0,COC(=O)CC(C)(Cc1ccc([N+](=O)[O-])cc1)C(=O)O,3,"InChI=1S/C13H15NO6/c1-13(12(16)17,8-11(15)20-2)7-9-3-5-10(6-4-9)14(18)19/h3-6H,7-8H2,1-2H3,(H,16,17)",0,pKa Data
COC(=O)C(C)(CC(=O)O)Cc1ccc([N+](=O)[O-])cc1,COC(=O)C(C)(CC(=O)O)Cc1ccc([N+](=O)[O-])cc1,sour,pKa between 2 and 7,IUPAC Dissocation Constants,0,COC(=O)C(C)(CC(=O)O)Cc1ccc([N+](=O)[O-])cc1,3,"InChI=1S/C13H15NO6/c1-13(8-11(15)16,12(17)20-2)7-9-3-5-10(6-4-9)14(18)19/h3-6H,7-8H2,1-2H3,(H,15,16)",0,pKa Data
CCC(CC(=O)O)(C(=O)OC)c1ccc([N+](=O)[O-])cc1,CCC(CC(=O)O)(C(=O)OC)c1ccc([N+](=O)[O-])cc1,sour,pKa between 2 and 7,IUPAC Dissocation Constants,0,CCC(CC(=O)O)(C(=O)OC)c1ccc([N+](=O)[O-])cc1,3,"InChI=1S/C13H15NO6/c1-3-13(8-11(15)16,12(17)20-2)9-4-6-10(7-5-9)14(18)19/h4-7H,3,8H2,1-2H3,(H,15,16)",0,pKa Data
NC(=O)NCCCC(NC(=O)c1ccccc1)C(=O)O,NC(=O)NCCCC(NC(=O)c1ccccc1)C(=O)O,sour,pKa between 2 and 7,IUPAC Dissocation Constants,0,NC(=O)NCCCC(NC(=O)c1ccccc1)C(=O)O,3,"InChI=1S/C13H17N3O4/c14-13(20)15-8-4-7-10(12(18)19)16-11(17)9-5-2-1-3-6-9/h1-3,5-6,10H,4,7-8H2,(H,16,17)(H,18,19)(H3,14,15,20)",0,pKa Data
N=C(N)NCCC[C@H](NC(=O)c1ccccc1)C(=O)O,N=C(N)NCCC[C@H](NC(=O)c1ccccc1)C(=O)O,sour,pKa between 2 and 7,IUPAC Dissocation Constants,0,N=C(N)NCCC[C@H](NC(=O)c1ccccc1)C(=O)O,3,"InChI=1S/C13H18N4O3/c14-13(15)16-8-4-7-10(12(19)20)17-11(18)9-5-2-1-3-6-9/h1-3,5-6,10H,4,7-8H2,(H,17,18)(H,19,20)(H4,14,15,16)",0,pKa Data
Cc1cc(CN(C)C)c(O)c(CN(C)C)c1,Cc1cc(CN(C)C)c(O)c(CN(C)C)c1,sour,pKa between 2 and 7,IUPAC Dissocation Constants,0,Cc1cc(CN(C)C)c(O)c(CN(C)C)c1,3,"InChI=1S/C13H22N2O/c1-10-6-11(8-14(2)3)13(16)12(7-10)9-15(4)5/h6-7,16H,8-9H2,1-5H3",0,pKa Data
COc1cc(CN(C)C)c(O)c(CN(C)C)c1,COc1cc(CN(C)C)c(O)c(CN(C)C)c1,sour,pKa between 2 and 7,IUPAC Dissocation Constants,0,COc1cc(CN(C)C)c(O)c(CN(C)C)c1,3,"InChI=1S/C13H22N2O2/c1-14(2)8-10-6-12(17-5)7-11(13(10)16)9-15(3)4/h6-7,16H,8-9H2,1-5H3",0,pKa Data
O=C(O)c1cc(N=Nc2ccc(S(=O)(=O)O)cc2)ccc1O,O=C(O)c1cc(N=Nc2ccc(S(=O)(=O)O)cc2)ccc1O,sour,pKa between 2 and 7,IUPAC Dissocation Constants,0,O=C(O)c1cc(N=Nc2ccc(S(=O)(=O)O)cc2)ccc1O,3,"InChI=1S/C13H10N2O6S/c16-12-6-3-9(7-11(12)13(17)18)15-14-8-1-4-10(5-2-8)22(19,20)21/h1-7,16H,(H,17,18)(H,19,20,21)",0,pKa Data
Nc1ccc(NC(=O)c2ccc(Cl)cc2)cc1,Nc1ccc(NC(=O)c2ccc(Cl)cc2)cc1,sour,pKa between 2 and 7,IUPAC Dissocation Constants,0,Nc1ccc(NC(=O)c2ccc(Cl)cc2)cc1,3,"InChI=1S/C13H11ClN2O/c14-10-3-1-9(2-4-10)13(17)16-12-7-5-11(15)6-8-12/h1-8H,15H2,(H,16,17)",0,pKa Data
O=C1c2ccc(O)cc2C(=O)c2ccc(O)cc21,O=C1c2ccc(O)cc2C(=O)c2ccc(O)cc21,sour,pKa between 2 and 7,IUPAC Dissocation Constants,0,O=C1c2ccc(O)cc2C(=O)c2ccc(O)cc21,3,"InChI=1S/C14H8O4/c15-7-1-3-9-11(5-7)14(18)10-4-2-8(16)6-12(10)13(9)17/h1-6,15-16H",0,pKa Data
CC1=CC(=O)C(C2=C(O)C(=O)C(C)=CC2=O)=C(O)C1=O,CC1=CC(=O)C(C2=C(O)C(=O)C(C)=CC2=O)=C(O)C1=O,sour,pKa between 2 and 7,IUPAC Dissocation Constants,0,CC1=CC(=O)C(C2=C(O)C(=O)C(C)=CC2=O)=C(O)C1=O,3,"InChI=1S/C14H10O6/c1-5-3-7(15)9(13(19)11(5)17)10-8(16)4-6(2)12(18)14(10)20/h3-4,15,17,19H,1H2,2H3",0,pKa Data
CC1=C(C2C(=O)C=C(O)C(=O)C2C)C(=O)C=C(O)C1=O,CC1=C(C2C(=O)C=C(O)C(=O)C2C)C(=O)C=C(O)C1=O,sour,pKa between 2 and 7,IUPAC Dissocation Constants,0,CC1=C(C2C(=O)C=C(O)C(=O)C2C)C(=O)C=C(O)C1=O,3,"InChI=1S/C14H12O6/c1-5-11(7(15)3-9(17)13(5)19)12-6(2)14(20)10(18)4-8(12)16/h3-4,15-20H,1-2H2",0,pKa Data
CC1=C(c2c(C)cc(O)cc2O)C(=O)C=C(O)C1=O,CC1=C(c2c(C)cc(O)cc2O)C(=O)C=C(O)C1=O,sour,pKa between 2 and 7,IUPAC Dissocation Constants,0,CC1=C(c2c(C)cc(O)cc2O)C(=O)C=C(O)C1=O,3,"InChI=1S/C14H12O5/c1-6-3-8(15)4-9(16)12(6)13-7(2)14(19)11(18)5-10(13)17/h3-5,15-19H,1-2H2",0,pKa Data
CCCC(CC(=O)O)(CC(=O)O)c1ccccc1,CCCC(CC(=O)O)(CC(=O)O)c1ccccc1,sour,pKa between 2 and 7,IUPAC Dissocation Constants,0,CCCC(CC(=O)O)(CC(=O)O)c1ccccc1,3,"InChI=1S/C14H18O4/c1-2-8-14(9-12(15)16,10-13(17)18)11-6-4-3-5-7-11/h3-7H,2,8-10H2,1H3,(H,15,16)(H,17,18)",0,pKa Data
O=[N+]([O-])C(C(c1ccccc1)c1ccccc1)[N+](=O)[O-],O=[N+]([O-])C(C(c1ccccc1)c1ccccc1)[N+](=O)[O-],sour,pKa between 2 and 7,IUPAC Dissocation Constants,0,O=[N+]([O-])C(C(c1ccccc1)c1ccccc1)[N+](=O)[O-],3,"InChI=1S/C14H12N2O4/c17-15(18)14(16(19)20)13(11-7-3-1-4-8-11)12-9-5-2-6-10-12/h1-10,13H,(H,17,18)",0,pKa Data
O=C(O)CP(=O)(c1ccccc1)c1ccccc1,O=C(O)CP(=O)(c1ccccc1)c1ccccc1,sour,pKa between 2 and 7,IUPAC Dissocation Constants,0,O=C(O)CP(=O)(c1ccccc1)c1ccccc1,3,"InChI=1S/C14H13O3P/c15-14(16)11-18(17,12-7-3-1-4-8-12)13-9-5-2-6-10-13/h1-10H,11H2,(H,15,16)",0,pKa Data
NNC(=O)C(c1ccccc1)c1ccccc1,NNC(=O)C(c1ccccc1)c1ccccc1,sour,pKa between 2 and 7,IUPAC Dissocation Constants,0,NNC(=O)C(c1ccccc1)c1ccccc1,3,"InChI=1S/C14H14N2O/c15-16-14(17)13(11-7-3-1-4-8-11)12-9-5-2-6-10-12/h1-10,13H,15H2,(H,16,17)",0,pKa Data
Cc1ccc(C(=O)Nc2ccc(N)cc2)cc1,Cc1ccc(C(=O)Nc2ccc(N)cc2)cc1,sour,pKa between 2 and 7,IUPAC Dissocation Constants,0,Cc1ccc(C(=O)Nc2ccc(N)cc2)cc1,3,"InChI=1S/C14H14N2O/c1-10-2-4-11(5-3-10)14(17)16-13-8-6-12(15)7-9-13/h2-9H,15H2,1H3,(H,16,17)",0,pKa Data
COc1ccc(C(=O)Nc2ccc(N)cc2)cc1,COc1ccc(C(=O)Nc2ccc(N)cc2)cc1,sour,pKa between 2 and 7,IUPAC Dissocation Constants,0,COc1ccc(C(=O)Nc2ccc(N)cc2)cc1,3,"InChI=1S/C14H14N2O2/c1-18-13-8-2-10(3-9-13)14(17)16-12-6-4-11(15)5-7-12/h2-9H,15H2,1H3,(H,16,17)",0,pKa Data
NC(=O)C(Cc1cn(-c2ccccc2)c(=O)[nH]c1=O)C(N)=O,NC(=O)C(Cc1cn(-c2ccccc2)c(=O)[nH]c1=O)C(N)=O,sour,pKa between 2 and 7,IUPAC Dissocation Constants,0,NC(=O)C(Cc1cn(-c2ccccc2)c(=O)[nH]c1=O)C(N)=O,3,"InChI=1S/C14H14N4O4/c15-11(19)10(12(16)20)6-8-7-18(14(22)17-13(8)21)9-4-2-1-3-5-9/h1-5,7,10H,6H2,(H2,15,19)(H2,16,20)(H,17,21,22)",0,pKa Data
CC1(C)CC(=O)C(C2NC=Nc3nccnc32)C(=O)C1,CC1(C)CC(=O)C(C2NC=Nc3nccnc32)C(=O)C1,sour,pKa between 2 and 7,IUPAC Dissocation Constants,0,CC1(C)CC(=O)C(C2NC=Nc3nccnc32)C(=O)C1,3,"InChI=1S/C14H16N4O2/c1-14(2)5-8(19)10(9(20)6-14)11-12-13(18-7-17-11)16-4-3-15-12/h3-4,7,10-11H,5-6H2,1-2H3,(H,16,17,18)",0,pKa Data
O=C(O)CN(CC(=O)O)c1ccc(N(CC(=O)O)CC(=O)O)cc1,O=C(O)CN(CC(=O)O)c1ccc(N(CC(=O)O)CC(=O)O)cc1,sour,pKa between 2 and 7,IUPAC Dissocation Constants,0,O=C(O)CN(CC(=O)O)c1ccc(N(CC(=O)O)CC(=O)O)cc1,3,"InChI=1S/C14H16N2O8/c17-11(18)5-15(6-12(19)20)9-1-2-10(4-3-9)16(7-13(21)22)8-14(23)24/h1-4H,5-8H2,(H,17,18)(H,19,20)(H,21,22)(H,23,24)",0,pKa Data
CC(C)(C)c1cc([N+](=O)[O-])cc(C(C)(C)C)c1O,CC(C)(C)c1cc([N+](=O)[O-])cc(C(C)(C)C)c1O,sour,pKa between 2 and 7,IUPAC Dissocation Constants,0,CC(C)(C)c1cc([N+](=O)[O-])cc(C(C)(C)C)c1O,3,"InChI=1S/C14H21NO3/c1-13(2,3)10-7-9(15(17)18)8-11(12(10)16)14(4,5)6/h7-8,16H,1-6H3",0,pKa Data
CC(=O)c1ccc(NS(=O)(=O)c2ccccc2)cc1,CC(=O)c1ccc(NS(=O)(=O)c2ccccc2)cc1,sour,pKa between 2 and 7,IUPAC Dissocation Constants,0,CC(=O)c1ccc(NS(=O)(=O)c2ccccc2)cc1,3,"InChI=1S/C14H13NO3S/c1-11(16)12-7-9-13(10-8-12)15-19(17,18)14-5-3-2-4-6-14/h2-10,15H,1H3",0,pKa Data
COC1=C(C2C(=O)C=C(C)C(=O)C2O)C(=O)C=C(C)C1=O,COC1=C(C2C(=O)C=C(C)C(=O)C2O)C(=O)C=C(C)C1=O,sour,pKa between 2 and 7,IUPAC Dissocation Constants,0,COC1=C(C2C(=O)C=C(C)C(=O)C2O)C(=O)C=C(C)C1=O,3,"InChI=1S/C15H14O6/c1-6-4-8(16)10(14(20)12(6)18)11-9(17)5-7(2)13(19)15(11)21-3/h4-5,16-20H,1-2H2,3H3",0,pKa Data
O=C1c2ccccc2C(=O)C1c1ccc(Br)cc1,O=C1c2ccccc2C(=O)C1c1ccc(Br)cc1,sour,pKa between 2 and 7,IUPAC Dissocation Constants,0,O=C1c2ccccc2C(=O)C1c1ccc(Br)cc1,3,"InChI=1S/C15H9BrO2/c16-10-7-5-9(6-8-10)13-14(17)11-3-1-2-4-12(11)15(13)18/h1-8,13H",0,pKa Data
CC(=O)NC(C(=O)CCC(=O)O)C(=O)OCc1ccccc1,CC(=O)NC(C(=O)CCC(=O)O)C(=O)OCc1ccccc1,sour,pKa between 2 and 7,IUPAC Dissocation Constants,0,CC(=O)NC(C(=O)CCC(=O)O)C(=O)OCc1ccccc1,3,"InChI=1S/C15H17NO6/c1-10(17)16-14(12(18)7-8-13(19)20)15(21)22-9-11-5-3-2-4-6-11/h2-6,14H,7-9H2,1H3,(H,16,17)(H,19,20)",0,pKa Data
CC1=Nc2nccnc2C(C2C(=O)CC(C)(C)CC2=O)N1,CC1=Nc2nccnc2C(C2C(=O)CC(C)(C)CC2=O)N1,sour,pKa between 2 and 7,IUPAC Dissocation Constants,0,CC1=Nc2nccnc2C(C2C(=O)CC(C)(C)CC2=O)N1,3,"InChI=1S/C15H18N4O2/c1-8-18-12(13-14(19-8)17-5-4-16-13)11-9(20)6-15(2,3)7-10(11)21/h4-5,11-12H,6-7H2,1-3H3,(H,17,18,19)",0,pKa Data
O=C(O)CN(CCN(CC(=O)O)Cc1ccccc1)CC(=O)O,O=C(O)CN(CCN(CC(=O)O)Cc1ccccc1)CC(=O)O,sour,pKa between 2 and 7,IUPAC Dissocation Constants,0,O=C(O)CN(CCN(CC(=O)O)Cc1ccccc1)CC(=O)O,3,"InChI=1S/C15H20N2O6/c18-13(19)9-16(8-12-4-2-1-3-5-12)6-7-17(10-14(20)21)11-15(22)23/h1-5H,6-11H2,(H,18,19)(H,20,21)(H,22,23)",0,pKa Data
CC(C)=CCNc1ncnc2c1ncn2[C@@H]1O[C@H](CO)[C@@H](O)[C@H]1O,CC(C)=CCNc1ncnc2c1ncn2[C@@H]1O[C@H](CO)[C@@H](O)[C@H]1O,sour,pKa between 2 and 7,IUPAC Dissocation Constants,0,CC(C)=CCNc1ncnc2c1ncn2[C@@H]1O[C@H](CO)[C@@H](O)[C@H]1O,3,"InChI=1S/C15H21N5O4/c1-8(2)3-4-16-13-10-14(18-6-17-13)20(7-19-10)15-12(23)11(22)9(5-21)24-15/h3,6-7,9,11-12,15,21-23H,4-5H2,1-2H3,(H,16,17,18)",0,pKa Data
O=C(O)C(O)C(C(=O)O)(c1ccccc1)c1ccccc1,O=C(O)C(O)C(C(=O)O)(c1ccccc1)c1ccccc1,sour,pKa between 2 and 7,IUPAC Dissocation Constants,0,O=C(O)C(O)C(C(=O)O)(c1ccccc1)c1ccccc1,3,"InChI=1S/C16H14O5/c17-13(14(18)19)16(15(20)21,11-7-3-1-4-8-11)12-9-5-2-6-10-12/h1-10,13,17H,(H,18,19)(H,20,21)",0,pKa Data
O=C(/C=C/c1ccc(O)c(O)c1)O[C@@H]1C[C@](O)(C(=O)O)C[C@@H](O)[C@H]1O,O=C(/C=C/c1ccc(O)c(O)c1)O[C@@H]1C[C@](O)(C(=O)O)C[C@@H](O)[C@H]1O,sour,pKa between 2 and 7,IUPAC Dissocation Constants,0,O=C(/C=C/c1ccc(O)c(O)c1)O[C@@H]1C[C@](O)(C(=O)O)C[C@@H](O)[C@H]1O,3,"InChI=1S/C16H18O9/c17-9-3-1-8(5-10(9)18)2-4-13(20)25-12-7-16(24,15(22)23)6-11(19)14(12)21/h1-5,11-12,14,17-19,21,24H,6-7H2,(H,22,23)",0,pKa Data
O=C1NC(=O)C(c2ccccc2)(c2ccccc2)C1=O,O=C1NC(=O)C(c2ccccc2)(c2ccccc2)C1=O,sour,pKa between 2 and 7,IUPAC Dissocation Constants,0,O=C1NC(=O)C(c2ccccc2)(c2ccccc2)C1=O,3,"InChI=1S/C16H11NO3/c18-13-14(19)17-15(20)16(13,11-7-3-1-4-8-11)12-9-5-2-6-10-12/h1-10H,(H,17,19,20)",0,pKa Data
O=C(O)C(SC(C(=O)O)c1ccccc1)c1ccccc1,O=C(O)C(SC(C(=O)O)c1ccccc1)c1ccccc1,sour,pKa between 2 and 7,IUPAC Dissocation Constants,0,O=C(O)C(SC(C(=O)O)c1ccccc1)c1ccccc1,3,"InChI=1S/C16H14O4S/c17-15(18)13(11-7-3-1-4-8-11)21-14(16(19)20)12-9-5-2-6-10-12/h1-10,13-14H,(H,17,18)(H,19,20)",0,pKa Data
Cc1ccccc1C(c1ccccc1C)C([N+](=O)[O-])[N+](=O)[O-],Cc1ccccc1C(c1ccccc1C)C([N+](=O)[O-])[N+](=O)[O-],sour,pKa between 2 and 7,IUPAC Dissocation Constants,0,Cc1ccccc1C(c1ccccc1C)C([N+](=O)[O-])[N+](=O)[O-],3,"InChI=1S/C16H16N2O4/c1-11-7-3-5-9-13(11)15(16(17(19)20)18(21)22)14-10-6-4-8-12(14)2/h3-10,15H,1-2H3,(H,19,20)",0,pKa Data
CN(C)Cc1cc(C(C)(C)C)cc(CN(C)C)c1O,CN(C)Cc1cc(C(C)(C)C)cc(CN(C)C)c1O,sour,pKa between 2 and 7,IUPAC Dissocation Constants,0,CN(C)Cc1cc(C(C)(C)C)cc(CN(C)C)c1O,3,"InChI=1S/C16H28N2O/c1-16(2,3)14-8-12(10-17(4)5)15(19)13(9-14)11-18(6)7/h8-9,19H,10-11H2,1-7H3",0,pKa Data
CCCCCCCCN(CCN(CC(=O)O)CC(=O)O)CC(=O)O,CCCCCCCCN(CCN(CC(=O)O)CC(=O)O)CC(=O)O,sour,pKa between 2 and 7,IUPAC Dissocation Constants,0,CCCCCCCCN(CCN(CC(=O)O)CC(=O)O)CC(=O)O,3,"InChI=1S/C16H30N2O6/c1-2-3-4-5-6-7-8-17(11-14(19)20)9-10-18(12-15(21)22)13-16(23)24/h2-13H2,1H3,(H,19,20)(H,21,22)(H,23,24)",0,pKa Data
CCCCC(CC)COP(=O)(O)OCC(CC)CCCC,CCCCC(CC)COP(=O)(O)OCC(CC)CCCC,sour,pKa between 2 and 7,IUPAC Dissocation Constants,0,CCCCC(CC)COP(=O)(O)OCC(CC)CCCC,3,"InChI=1S/C16H35O4P/c1-5-9-11-15(7-3)13-19-21(17,18)20-14-16(8-4)12-10-6-2/h15-16H,5-14H2,1-4H3,(H,17,18)",0,pKa Data
O=P(O)(O)C(NCCNC(c1ccccc1O)P(=O)(O)O)c1ccccc1O,O=P(O)(O)C(NCCNC(c1ccccc1O)P(=O)(O)O)c1ccccc1O,sour,pKa between 2 and 7,IUPAC Dissocation Constants,0,O=P(O)(O)C(NCCNC(c1ccccc1O)P(=O)(O)O)c1ccccc1O,3,"InChI=1S/C16H22N2O8P2/c19-13-7-3-1-5-11(13)15(27(21,22)23)17-9-10-18-16(28(24,25)26)12-6-2-4-8-14(12)20/h1-8,15-20H,9-10H2,(H2,21,22,23)(H2,24,25,26)",0,pKa Data
O=C(c1ccc(C(=O)O)c(C(=O)O)c1)c1ccc(C(=O)O)c(C(=O)O)c1,O=C(c1ccc(C(=O)O)c(C(=O)O)c1)c1ccc(C(=O)O)c(C(=O)O)c1,sour,pKa between 2 and 7,IUPAC Dissocation Constants,0,O=C(c1ccc(C(=O)O)c(C(=O)O)c1)c1ccc(C(=O)O)c(C(=O)O)c1,3,"InChI=1S/C17H10O9/c18-13(7-1-3-9(14(19)20)11(5-7)16(23)24)8-2-4-10(15(21)22)12(6-8)17(25)26/h1-6H,(H,19,20)(H,21,22)(H,23,24)(H,25,26)",0,pKa Data
Cc1cc(=O)oc2c(C(=O)c3ccccc3)c(O)ccc12,Cc1cc(=O)oc2c(C(=O)c3ccccc3)c(O)ccc12,sour,pKa between 2 and 7,IUPAC Dissocation Constants,0,Cc1cc(=O)oc2c(C(=O)c3ccccc3)c(O)ccc12,3,"InChI=1S/C17H12O4/c1-10-9-14(19)21-17-12(10)7-8-13(18)15(17)16(20)11-5-3-2-4-6-11/h2-9,18H,1H3",0,pKa Data
O=C(O)C1C(C(=O)O)C12c1ccccc1-c1ccccc12,O=C(O)C1C(C(=O)O)C12c1ccccc1-c1ccccc12,sour,pKa between 2 and 7,IUPAC Dissocation Constants,0,O=C(O)C1C(C(=O)O)C12c1ccccc1-c1ccccc12,3,"InChI=1S/C17H12O4/c18-15(19)13-14(16(20)21)17(13)11-7-3-1-5-9(11)10-6-2-4-8-12(10)17/h1-8,13-14H,(H,18,19)(H,20,21)",0,pKa Data
O=C(O)C1C(C(=O)O)C1(c1ccccc1)c1ccccc1,O=C(O)C1C(C(=O)O)C1(c1ccccc1)c1ccccc1,sour,pKa between 2 and 7,IUPAC Dissocation Constants,0,O=C(O)C1C(C(=O)O)C1(c1ccccc1)c1ccccc1,3,"InChI=1S/C17H14O4/c18-15(19)13-14(16(20)21)17(13,11-7-3-1-4-8-11)12-9-5-2-6-10-12/h1-10,13-14H,(H,18,19)(H,20,21)",0,pKa Data
O=C(O)CC(CC(=O)O)(c1ccccc1)c1ccccc1,O=C(O)CC(CC(=O)O)(c1ccccc1)c1ccccc1,sour,pKa between 2 and 7,IUPAC Dissocation Constants,0,O=C(O)CC(CC(=O)O)(c1ccccc1)c1ccccc1,3,"InChI=1S/C17H16O4/c18-15(19)11-17(12-16(20)21,13-7-3-1-4-8-13)14-9-5-2-6-10-14/h1-10H,11-12H2,(H,18,19)(H,20,21)",0,pKa Data
Cc1cccc2c1[C@H](C(=O)O)[C@@]13CC(=O)[C@@](C)(CC[C@H]21)C3,Cc1cccc2c1[C@H](C(=O)O)[C@@]13CC(=O)[C@@](C)(CC[C@H]21)C3,sour,pKa between 2 and 7,IUPAC Dissocation Constants,0,Cc1cccc2c1[C@H](C(=O)O)[C@@]13CC(=O)[C@@](C)(CC[C@H]21)C3,3,"InChI=1S/C18H20O3/c1-10-4-3-5-11-12-6-7-17(2)9-18(12,8-13(17)19)15(14(10)11)16(20)21/h3-5,12,15H,6-9H2,1-2H3,(H,20,21)",0,pKa Data
CC1=NN(c2ccccc2)C(=O)C1C(=O)c1ccccc1,CC1=NN(c2ccccc2)C(=O)C1C(=O)c1ccccc1,sour,pKa between 2 and 7,IUPAC Dissocation Constants,0,CC1=NN(c2ccccc2)C(=O)C1C(=O)c1ccccc1,3,"InChI=1S/C17H14N2O2/c1-12-15(16(20)13-8-4-2-5-9-13)17(21)19(18-12)14-10-6-3-7-11-14/h2-11,18H,1H3",0,pKa Data
O=C1C(O)=C(Oc2ccccc2)C(=O)C(O)=C1Oc1ccccc1,O=C1C(O)=C(Oc2ccccc2)C(=O)C(O)=C1Oc1ccccc1,sour,pKa between 2 and 7,IUPAC Dissocation Constants,0,O=C1C(O)=C(Oc2ccccc2)C(=O)C(O)=C1Oc1ccccc1,3,"InChI=1S/C18H12O6/c19-13-15(21)18(24-12-9-5-2-6-10-12)16(22)14(20)17(13)23-11-7-3-1-4-8-11/h1-10,19,22H",0,pKa Data
O=C(O)CN(CCN(CC(=O)O)Cc1ccccn1)Cc1ccccn1,O=C(O)CN(CCN(CC(=O)O)Cc1ccccn1)Cc1ccccn1,sour,pKa between 2 and 7,IUPAC Dissocation Constants,0,O=C(O)CN(CCN(CC(=O)O)Cc1ccccn1)Cc1ccccn1,3,"InChI=1S/C18H22N4O4/c23-17(24)13-21(11-15-5-1-3-7-19-15)9-10-22(14-18(25)26)12-16-6-2-4-8-20-16/h1-8H,9-14H2,(H,23,24)(H,25,26)",0,pKa Data
O=C(O)CN(CC(=O)O)[C@@H]1Cc2ccccc2C[C@H]1N(CC(=O)O)CC(=O)O,O=C(O)CN(CC(=O)O)[C@@H]1Cc2ccccc2C[C@H]1N(CC(=O)O)CC(=O)O,sour,pKa between 2 and 7,IUPAC Dissocation Constants,0,O=C(O)CN(CC(=O)O)[C@@H]1Cc2ccccc2C[C@H]1N(CC(=O)O)CC(=O)O,3,"InChI=1S/C18H22N2O8/c21-15(22)7-19(8-16(23)24)13-5-11-3-1-2-4-12(11)6-14(13)20(9-17(25)26)10-18(27)28/h1-4,13-14H,5-10H2,(H,21,22)(H,23,24)(H,25,26)(H,27,28)",0,pKa Data
CN(C)Cc1cc(-c2ccccc2)cc(CN(C)C)c1O,CN(C)Cc1cc(-c2ccccc2)cc(CN(C)C)c1O,sour,pKa between 2 and 7,IUPAC Dissocation Constants,0,CN(C)Cc1cc(-c2ccccc2)cc(CN(C)C)c1O,3,"InChI=1S/C18H24N2O/c1-19(2)12-16-10-15(14-8-6-5-7-9-14)11-17(18(16)21)13-20(3)4/h5-11,21H,12-13H2,1-4H3",0,pKa Data
O=[N+]([O-])c1ccc(N=NNc2ccc(N=Nc3ccc(S(=O)(=O)O)cc3)cc2)c([As](=O)(O)O)c1,O=[N+]([O-])c1ccc(N=NNc2ccc(N=Nc3ccc(S(=O)(=O)O)cc3)cc2)c([As](=O)(O)O)c1,sour,pKa between 2 and 7,IUPAC Dissocation Constants,0,O=[N+]([O-])c1ccc(N=NNc2ccc(N=Nc3ccc(S(=O)(=O)O)cc3)cc2)c([As](=O)(O)O)c1,3,"InChI=1S/C18H15AsN6O8S/c26-19(27,28)17-11-15(25(29)30)7-10-18(17)23-24-22-14-3-1-12(2-4-14)20-21-13-5-8-16(9-6-13)34(31,32)33/h1-11H,(H,22,23)(H2,26,27,28)(H,31,32,33)",0,pKa Data
O=C1c2ccccc2C(=O)C1c1cccc2ccccc12,O=C1c2ccccc2C(=O)C1c1cccc2ccccc12,sour,pKa between 2 and 7,IUPAC Dissocation Constants,0,O=C1c2ccccc2C(=O)C1c1cccc2ccccc12,3,"InChI=1S/C19H12O2/c20-18-15-9-3-4-10-16(15)19(21)17(18)14-11-5-7-12-6-1-2-8-13(12)14/h1-11,17H",0,pKa Data
O=C1c2ccccc2C(=O)C1c1ccc2ccccc2c1,O=C1c2ccccc2C(=O)C1c1ccc2ccccc2c1,sour,pKa between 2 and 7,IUPAC Dissocation Constants,0,O=C1c2ccccc2C(=O)C1c1ccc2ccccc2c1,3,"InChI=1S/C19H12O2/c20-18-15-7-3-4-8-16(15)19(21)17(18)14-10-9-12-5-1-2-6-13(12)11-14/h1-11,17H",0,pKa Data
CC(=O)NCC(=O)NC(Cc1cn(Cc2ccccc2)cn1)C(=O)NCC(=O)O,CC(=O)NCC(=O)NC(Cc1cn(Cc2ccccc2)cn1)C(=O)NCC(=O)O,sour,pKa between 2 and 7,IUPAC Dissocation Constants,0,CC(=O)NCC(=O)NC(Cc1cn(Cc2ccccc2)cn1)C(=O)NCC(=O)O,3,"InChI=1S/C19H23N5O5/c1-13(25)20-8-17(26)23-16(19(29)21-9-18(27)28)7-15-11-24(12-22-15)10-14-5-3-2-4-6-14/h2-6,11-12,16H,7-10H2,1H3,(H,20,25)(H,21,29)(H,23,26)(H,27,28)",0,pKa Data
CC(C)c1ccc2c(c1)CC[C@H]1[C@](C)(C(=O)O)CCC[C@]21C,CC(C)c1ccc2c(c1)CC[C@H]1[C@](C)(C(=O)O)CCC[C@]21C,sour,pKa between 2 and 7,IUPAC Dissocation Constants,0,CC(C)c1ccc2c(c1)CC[C@H]1[C@](C)(C(=O)O)CCC[C@]21C,3,"InChI=1S/C20H28O2/c1-13(2)14-6-8-16-15(12-14)7-9-17-19(16,3)10-5-11-20(17,4)18(21)22/h6,8,12-13,17H,5,7,9-11H2,1-4H3,(H,21,22)",0,pKa Data
CC(C)C1=CC2=CC[C@@H]3[C@](C)(CCC[C@@]3(C)C(=O)O)[C@H]2CC1,CC(C)C1=CC2=CC[C@@H]3[C@](C)(CCC[C@@]3(C)C(=O)O)[C@H]2CC1,sour,pKa between 2 and 7,IUPAC Dissocation Constants,0,CC(C)C1=CC2=CC[C@@H]3[C@](C)(CCC[C@@]3(C)C(=O)O)[C@H]2CC1,3,"InChI=1S/C20H30O2/c1-13(2)14-6-8-16-15(12-14)7-9-17-19(16,3)10-5-11-20(17,4)18(21)22/h7,12-13,16-17H,5-6,8-11H2,1-4H3,(H,21,22)",0,pKa Data
CC(=O)N(c1c(C)cccc1C)N1CCN(C(=O)OCc2ccccc2)CC1,CC(=O)N(c1c(C)cccc1C)N1CCN(C(=O)OCc2ccccc2)CC1,sour,pKa between 2 and 7,IUPAC Dissocation Constants,0,CC(=O)N(c1c(C)cccc1C)N1CCN(C(=O)OCc2ccccc2)CC1,3,"InChI=1S/C22H27N3O3/c1-17-8-7-9-18(2)21(17)25(19(3)26)24-14-12-23(13-15-24)22(27)28-16-20-10-5-4-6-11-20/h4-11H,12-16H2,1-3H3",0,pKa Data
C[C@H](CCC(=O)O)[C@H]1CC[C@H]2[C@@H]3CC[C@@H]4C[C@H](O)CC[C@]4(C)[C@H]3C[C@H](O)[C@]12C,C[C@H](CCC(=O)O)[C@H]1CC[C@H]2[C@@H]3CC[C@@H]4C[C@H](O)CC[C@]4(C)[C@H]3C[C@H](O)[C@]12C,sour,pKa between 2 and 7,IUPAC Dissocation Constants,0,C[C@H](CCC(=O)O)[C@H]1CC[C@H]2[C@@H]3CC[C@@H]4C[C@H](O)CC[C@]4(C)[C@H]3C[C@H](O)[C@]12C,3,"InChI=1S/C24H40O4/c1-14(4-9-22(27)28)18-7-8-19-17-6-5-15-12-16(25)10-11-23(15,2)20(17)13-21(26)24(18,19)3/h14-21,25-26H,4-13H2,1-3H3,(H,27,28)",0,pKa Data
C[C@H](CCC(=O)O)[C@H]1CC[C@H]2[C@@H]3[C@H](O)C[C@@H]4C[C@H](O)CC[C@]4(C)[C@H]3C[C@H](O)[C@]12C,C[C@H](CCC(=O)O)[C@H]1CC[C@H]2[C@@H]3[C@H](O)C[C@@H]4C[C@H](O)CC[C@]4(C)[C@H]3C[C@H](O)[C@]12C,sour,pKa between 2 and 7,IUPAC Dissocation Constants,0,C[C@H](CCC(=O)O)[C@H]1CC[C@H]2[C@@H]3[C@H](O)C[C@@H]4C[C@H](O)CC[C@]4(C)[C@H]3C[C@H](O)[C@]12C,3,"InChI=1S/C24H40O5/c1-13(4-7-21(28)29)16-5-6-17-22-18(12-20(27)24(16,17)3)23(2)9-8-15(25)10-14(23)11-19(22)26/h13-20,22,25-27H,4-12H2,1-3H3,(H,28,29)",0,pKa Data
O=C1c2ccccc2C(=O)C1c1ccc(C2C(=O)c3ccccc3C2=O)c2ccccc12,O=C1c2ccccc2C(=O)C1c1ccc(C2C(=O)c3ccccc3C2=O)c2ccccc12,sour,pKa between 2 and 7,IUPAC Dissocation Constants,0,O=C1c2ccccc2C(=O)C1c1ccc(C2C(=O)c3ccccc3C2=O)c2ccccc12,3,"InChI=1S/C28H16O4/c29-25-19-9-3-4-10-20(19)26(30)23(25)17-13-14-18(16-8-2-1-7-15(16)17)24-27(31)21-11-5-6-12-22(21)28(24)32/h1-14,23-24H",0,pKa Data
O=C1c2ccccc2C(=O)C1c1ccc(-c2ccc(C3C(=O)c4ccccc4C3=O)cc2)cc1,O=C1c2ccccc2C(=O)C1c1ccc(-c2ccc(C3C(=O)c4ccccc4C3=O)cc2)cc1,sour,pKa between 2 and 7,IUPAC Dissocation Constants,0,O=C1c2ccccc2C(=O)C1c1ccc(-c2ccc(C3C(=O)c4ccccc4C3=O)cc2)cc1,3,"InChI=1S/C30H18O4/c31-27-21-5-1-2-6-22(21)28(32)25(27)19-13-9-17(10-14-19)18-11-15-20(16-12-18)26-29(33)23-7-3-4-8-24(23)30(26)34/h1-16,25-26H",0,pKa Data
CC(=O)c1c(O)cc(C)oc1=O,CC(=O)c1c(O)cc(C)oc1=O,sour,pKa between 2 and 7,IUPAC Dissocation Constants,1,CC(=O)c1c(O)cc(C)oc1=O,3,"InChI=1S/C8H8O4/c1-4-3-6(10)7(5(2)9)8(11)12-4/h3,10H,1-2H3",0,pKa Data
CC(=O)Oc1ccccc1C(=O)O,CC(=O)Oc1ccccc1C(=O)O,sour,pKa between 2 and 7,IUPAC Dissocation Constants,1,CC(=O)Oc1ccccc1C(=O)O,3,"InChI=1S/C9H8O4/c1-6(10)13-8-5-3-2-4-7(8)9(11)12/h2-5H,1H3,(H,11,12)",0,pKa Data
CC(=O)S,CC(=O)S,sour,pKa between 2 and 7,IUPAC Dissocation Constants,1,CC(=O)S,3,"InChI=1S/C2H4OS/c1-2(3)4/h1H3,(H,3,4)",0,pKa Data
CC(C)=CC(=O)O,CC(C)=CC(=O)O,sour,pKa between 2 and 7,IUPAC Dissocation Constants,1,CC(C)=CC(=O)O,3,"InChI=1S/C5H8O2/c1-4(2)3-5(6)7/h3H,1-2H3,(H,6,7)",0,pKa Data
CC(C)C(=O)O,CC(C)C(=O)O,sour,pKa between 2 and 7,IUPAC Dissocation Constants,1,CC(C)C(=O)O,3,"InChI=1S/C4H8O2/c1-3(2)4(5)6/h3H,1-2H3,(H,5,6)",0,pKa Data
CC(S)C(=O)O,CC(S)C(=O)O,sour,pKa between 2 and 7,IUPAC Dissocation Constants,1,CC(S)C(=O)O,3,"InChI=1S/C3H6O2S/c1-2(6)3(4)5/h2,6H,1H3,(H,4,5)",0,pKa Data
Cc1ccc(C(=O)c2ccccc2C(=O)O)cc1,Cc1ccc(C(=O)c2ccccc2C(=O)O)cc1,sour,pKa between 2 and 7,IUPAC Dissocation Constants,1,Cc1ccc(C(=O)c2ccccc2C(=O)O)cc1,3,"InChI=1S/C15H12O3/c1-10-6-8-11(9-7-10)14(16)12-4-2-3-5-13(12)15(17)18/h2-9H,1H3,(H,17,18)",0,pKa Data
Cc1ccccc1S,Cc1ccccc1S,sour,pKa between 2 and 7,IUPAC Dissocation Constants,1,Cc1ccccc1S,3,"InChI=1S/C7H8S/c1-6-4-2-3-5-7(6)8/h2-5,8H,1H3",0,pKa Data
CCC(=O)C(=O)O,CCC(=O)C(=O)O,sour,pKa between 2 and 7,IUPAC Dissocation Constants,1,CCC(=O)C(=O)O,3,"InChI=1S/C4H6O3/c1-2-3(5)4(6)7/h2H2,1H3,(H,6,7)",0,pKa Data
CCCCCC=CCC=CCCCCCCCC(=O)O,CCCCCC=CCC=CCCCCCCCC(=O)O,sour,pKa between 2 and 7,IUPAC Dissocation Constants,1,CCCCCC=CCC=CCCCCCCCC(=O)O,3,"InChI=1S/C18H32O2/c1-2-3-4-5-6-7-8-9-10-11-12-13-14-15-16-17-18(19)20/h6-7,9-10H,2-5,8,11-17H2,1H3,(H,19,20)",0,pKa Data
CCCCCCCCCCCC(=O)O,CCCCCCCCCCCC(=O)O,sour,pKa between 2 and 7,IUPAC Dissocation Constants,1,CCCCCCCCCCCC(=O)O,3,"InChI=1S/C12H24O2/c1-2-3-4-5-6-7-8-9-10-11-12(13)14/h2-11H2,1H3,(H,13,14)",0,pKa Data
CCCCCCCCCCCCCC(=O)O,CCCCCCCCCCCCCC(=O)O,sour,pKa between 2 and 7,IUPAC Dissocation Constants,1,CCCCCCCCCCCCCC(=O)O,3,"InChI=1S/C14H28O2/c1-2-3-4-5-6-7-8-9-10-11-12-13-14(15)16/h2-13H2,1H3,(H,15,16)",0,pKa Data
COc1ccc(C(=O)O)cc1,COc1ccc(C(=O)O)cc1,sour,pKa between 2 and 7,IUPAC Dissocation Constants,1,COc1ccc(C(=O)O)cc1,3,"InChI=1S/C8H8O3/c1-11-7-4-2-6(3-5-7)8(9)10/h2-5H,1H3,(H,9,10)",0,pKa Data
N[C@@H](CC(=O)O)C(=O)O,N[C@@H](CC(=O)O)C(=O)O,sour,pKa between 2 and 7,IUPAC Dissocation Constants,1,N[C@@H](CC(=O)O)C(=O)O,3,"InChI=1S/C4H7NO4/c5-2(4(8)9)1-3(6)7/h2H,1,5H2,(H,6,7)(H,8,9)",0,pKa Data
Nc1ccc(C(=O)O)cc1,Nc1ccc(C(=O)O)cc1,sour,pKa between 2 and 7,IUPAC Dissocation Constants,1,Nc1ccc(C(=O)O)cc1,3,"InChI=1S/C7H7NO2/c8-6-3-1-5(2-4-6)7(9)10/h1-4H,8H2,(H,9,10)",0,pKa Data
Nc1cccc(C(=O)O)c1,Nc1cccc(C(=O)O)c1,sour,pKa between 2 and 7,IUPAC Dissocation Constants,1,Nc1cccc(C(=O)O)c1,3,"InChI=1S/C7H7NO2/c8-6-3-1-2-5(4-6)7(9)10/h1-4H,8H2,(H,9,10)",0,pKa Data
O=C(O)c1cc(I)cc(I)c1O,O=C(O)c1cc(I)cc(I)c1O,sour,pKa between 2 and 7,IUPAC Dissocation Constants,1,O=C(O)c1cc(I)cc(I)c1O,3,"InChI=1S/C7H4I2O3/c8-3-1-4(7(11)12)6(10)5(9)2-3/h1-2,10H,(H,11,12)",0,pKa Data
O=C(O)c1cc(O)cc(O)c1,O=C(O)c1cc(O)cc(O)c1,sour,pKa between 2 and 7,IUPAC Dissocation Constants,1,O=C(O)c1cc(O)cc(O)c1,3,"InChI=1S/C7H6O4/c8-5-1-4(7(10)11)2-6(9)3-5/h1-3,8-9H,(H,10,11)",0,pKa Data
O=C(O)c1ccc(O)cc1O,O=C(O)c1ccc(O)cc1O,sour,pKa between 2 and 7,IUPAC Dissocation Constants,1,O=C(O)c1ccc(O)cc1O,3,"InChI=1S/C7H6O4/c8-4-1-2-5(7(10)11)6(9)3-4/h1-3,8-9H,(H,10,11)",0,pKa Data
O=C(O)c1cccc2ccccc12,O=C(O)c1cccc2ccccc12,sour,pKa between 2 and 7,IUPAC Dissocation Constants,1,O=C(O)c1cccc2ccccc12,3,"InChI=1S/C11H8O2/c12-11(13)10-7-3-5-8-4-1-2-6-9(8)10/h1-7H,(H,12,13)",0,pKa Data
O=C(O)c1ccccc1C(=O)c1ccccc1,O=C(O)c1ccccc1C(=O)c1ccccc1,sour,pKa between 2 and 7,IUPAC Dissocation Constants,1,O=C(O)c1ccccc1C(=O)c1ccccc1,3,"InChI=1S/C14H10O3/c15-13(10-6-2-1-3-7-10)11-8-4-5-9-12(11)14(16)17/h1-9H,(H,16,17)",0,pKa Data
O=C(O)c1ccco1,O=C(O)c1ccco1,sour,pKa between 2 and 7,IUPAC Dissocation Constants,1,O=C(O)c1ccco1,3,"InChI=1S/C5H4O3/c6-5(7)4-2-1-3-8-4/h1-3H,(H,6,7)",0,pKa Data
O=C(O)CCc1ccccc1,O=C(O)CCc1ccccc1,sour,pKa between 2 and 7,IUPAC Dissocation Constants,1,O=C(O)CCc1ccccc1,3,"InChI=1S/C9H10O2/c10-9(11)7-6-8-4-2-1-3-5-8/h1-5H,6-7H2,(H,10,11)",0,pKa Data
O=C(O)CCCCCCCC(=O)O,O=C(O)CCCCCCCC(=O)O,sour,pKa between 2 and 7,IUPAC Dissocation Constants,1,O=C(O)CCCCCCCC(=O)O,3,"InChI=1S/C9H16O4/c10-8(11)6-4-2-1-3-5-7-9(12)13/h1-7H2,(H,10,11)(H,12,13)",0,pKa Data
O=C(O)CCS,O=C(O)CCS,sour,pKa between 2 and 7,IUPAC Dissocation Constants,1,O=C(O)CCS,3,"InChI=1S/C3H6O2S/c4-3(5)1-2-6/h6H,1-2H2,(H,4,5)",0,pKa Data
O=C(O)CS(=O)(=O)c1ccccc1,O=C(O)CS(=O)(=O)c1ccccc1,sour,pKa between 2 and 7,IUPAC Dissocation Constants,1,O=C(O)CS(=O)(=O)c1ccccc1,3,"InChI=1S/C8H8O4S/c9-8(10)6-13(11,12)7-4-2-1-3-5-7/h1-5H,6H2,(H,9,10)",0,pKa Data
Sc1ccccc1,Sc1ccccc1,sour,pKa between 2 and 7,IUPAC Dissocation Constants,1,Sc1ccccc1,3,"InChI=1S/C6H6S/c7-6-4-2-1-3-5-6/h1-5,7H",0,pKa Data
C=C1C(=O)OC2C1CCC(C)=C1CC3OC3(C)C12,C=C1C(=O)OC2C1CCC(C)=C1CC3OC3(C)C12,undefined,pungent (insufficient evidence),phytocompounds_db,0,C=C1C(=O)OC2C1CCC(C)=C1CC3OC3(C)C12,4,"InChI=1S/C15H18O3/c1-7-4-5-9-8(2)14(16)17-13(9)12-10(7)6-11-15(12,3)18-11/h9,11-13H,2,4-6H2,1,3H3",1,Bad label
C=CC1C(OC2OC(CO)C(O)C(O)C2OC(C)=O)OC=C2C(=O)OCCC21O,C=CC1C(OC2OC(CO)C(O)C(O)C2OC(C)=O)OC=C2C(=O)OCCC21O,bitter,bitter (insufficient evidence),phytocompounds_db,0,C=CC1C(OC2OC(CO)C(O)C(O)C2OC(C)=O)OC=C2C(=O)OCCC21O,1,"InChI=1S/C18H24O11/c1-3-9-16(26-7-10-15(23)25-5-4-18(9,10)24)29-17-14(27-8(2)20)13(22)12(21)11(6-19)28-17/h3,7,9,11-14,16-17,19,21-22,24H,1,4-6H2,2H3",1,Bad label
O=C(C=Cc1ccc(O)cc1)c1ccccc1O,O=C(C=Cc1ccc(O)cc1)c1ccccc1O,bitter,bitter (insufficient evidence),phytocompounds_db,0,O=C(C=Cc1ccc(O)cc1)c1ccccc1O,1,"InChI=1S/C15H12O3/c16-12-8-5-11(6-9-12)7-10-15(18)13-3-1-2-4-14(13)17/h1-10,16-17H",1,Bad label
CCCCCC(=O)C=C(O)C=Cc1ccc(O)c(OC)c1,CCCCCC(=O)C=C(O)C=Cc1ccc(O)c(OC)c1,undefined,pungent (insufficient evidence),phytocompounds_db,0,CCCCCC(=O)C=C(O)C=Cc1ccc(O)c(OC)c1,4,"InChI=1S/C17H22O4/c1-3-4-5-6-14(18)12-15(19)9-7-13-8-10-16(20)17(11-13)21-2/h7-11,20H,3-6,12H2,1-2H3",1,Bad label
C=C1C(=O)OC2C1CC(O)C(C)=CCCC1(C)OC21,C=C1C(=O)OC2C1CC(O)C(C)=CCCC1(C)OC21,undefined,pungent (insufficient evidence),phytocompounds_db,0,C=C1C(=O)OC2C1CC(O)C(C)=CCCC1(C)OC21,4,"InChI=1S/C15H20O4/c1-8-5-4-6-15(3)13(19-15)12-10(7-11(8)16)9(2)14(17)18-12/h5,10-13,16H,2,4,6-7H2,1,3H3",1,Bad label
Oc1ccc(C2Oc3cc(O)cc(O)c3CC2O)cc1,Oc1ccc(C2Oc3cc(O)cc(O)c3CC2O)cc1,bitter,bitter (insufficient evidence); astringent (insufficient evidence),phytocompounds_db,0,Oc1ccc(C2Oc3cc(O)cc(O)c3CC2O)cc1,1,"InChI=1S/C15H14O5/c16-9-3-1-8(2-4-9)15-13(19)7-11-12(18)5-10(17)6-14(11)20-15/h1-6,13,15-19H,7H2",1,Bad label
C=CCS(=O)CC(N)C(=O)O,C=CC[S+]([O-])CC(N)C(=O)O,undefined,pungent (insufficient evidence),phytocompounds_db,0,C=CCS(=O)CC(N)C(=O)O,4,"InChI=1S/C6H11NO3S/c1-2-3-11(10)4-5(7)6(8)9/h2,5H,1,3-4,7H2,(H,8,9)",1,Bad label
O=C1c2cccc(O)c2C(=O)c2c(O)cc(CO)cc21,O=C1c2cccc(O)c2C(=O)c2c(O)cc(CO)cc21,bitter,bitter (insufficient evidence),phytocompounds_db,0,O=C1c2cccc(O)c2C(=O)c2c(O)cc(CO)cc21,1,"InChI=1S/C15H10O5/c16-6-7-4-9-13(11(18)5-7)15(20)12-8(14(9)19)2-1-3-10(12)17/h1-5,16-18H,6H2",1,Bad label
Cc1c(C)c2c(c(C)c1O)CCC(C)(CCCC(C)CCCC(C)CCCC(C)C)O2,Cc1c(C)c2c(c(C)c1O)CCC(C)(CCCC(C)CCCC(C)CCCC(C)C)O2,sweet,fatty; sweet (low evidence),phytocompounds_db,0,Cc1c(C)c2c(c(C)c1O)CCC(C)(CCCC(C)CCCC(C)CCCC(C)C)O2,0,"InChI=1S/C29H50O2/c1-20(2)12-9-13-21(3)14-10-15-22(4)16-11-18-29(8)19-17-26-25(7)27(30)23(5)24(6)28(26)31-29/h20-22,30H,9-19H2,1-8H3",1,Bad label
C=C1C(=O)OC2C1CCC(C)C1C=CC(=O)C12C,C=C1C(=O)OC2C1CCC(C)C1C=CC(=O)C12C,bitter,bitter (insufficient evidence),phytocompounds_db,0,C=C1C(=O)OC2C1CCC(C)C1C=CC(=O)C12C,1,"InChI=1S/C15H18O3/c1-8-4-5-10-9(2)14(17)18-13(10)15(3)11(8)6-7-12(15)16/h6,8,10,13H,2,4-5,7H2,1,3H3",1,Bad label
C=C1CCC2C(=C)C(=O)OC2/C=C(\C)CCC1=O,C=C1CCC2C(=C)C(=O)OC2/C=C(\C)CCC1=O,undefined,pungent (insufficient evidence),phytocompounds_db,0,C=C1CCC2C(=C)C(=O)OC2/C=C(\C)CCC1=O,4,"InChI=1S/C15H18O3/c1-9-4-7-13(16)10(2)5-6-12-11(3)15(17)18-14(12)8-9/h8,12,14H,2-7H2,1H3",1,Bad label
CN1CCc2cccc3c2C1Cc1ccc(O)c(O)c1-3,CN1CCc2cccc3c2C1Cc1ccc(O)c(O)c1-3,bitter,bitter (insufficient evidence),phytocompounds_db,0,CN1CCc2cccc3c2C1Cc1ccc(O)c(O)c1-3,1,"InChI=1S/C17H17NO2/c1-18-8-7-10-3-2-4-12-15(10)13(18)9-11-5-6-14(19)17(20)16(11)12/h2-6,13,19-20H,7-9H2,1H3",1,Bad label
COC1C(O)COC(OCC2OC(OC3C(O)C(C)OC(CO)C3O)C(O)C(OC)C2O)C1O,COC1C(O)COC(OCC2OC(OC3C(O)C(C)OC(CO)C3O)C(O)C(OC)C2O)C1O,sweet,"sweet (insufficient evidence); sweet modifying compound: enhancer of sweetness potencies of saccharin, cyclamate, thaumatin and monellin",phytocompounds_db,0,COC1C(O)COC(OCC2OC(OC3C(O)C(C)OC(CO)C3O)C(O)C(OC)C2O)C1O,0,"InChI=1S/C20H36O14/c1-7-11(23)18(12(24)9(4-21)32-7)34-20-15(27)17(29-3)13(25)10(33-20)6-31-19-14(26)16(28-2)8(22)5-30-19/h7-27H,4-6H2,1-3H3",1,Bad label
C=C1C(=O)OC2CC(C)=CCCC(CO)=CC(O)C12,C=C1C(=O)OC2CC(C)=CCCC(CO)=CC(O)C12,bitter,bitter (insufficient evidence),phytocompounds_db,0,C=C1C(=O)OC2CC(C)=CCCC(CO)=CC(O)C12,1,"InChI=1S/C15H20O4/c1-9-4-3-5-11(8-16)7-12(17)14-10(2)15(18)19-13(14)6-9/h4,7,12-14,16-17H,2-3,5-6,8H2,1H3",1,Bad label
CN1C2CCC1CC(OC(=O)C1CCC(C(=O)OC3CC4CCC(C3)N4C)(c3ccccc3)c3ccccc31)C2,CN1C2CCC1CC(OC(=O)C1CCC(C(=O)OC3CC4CCC(C3)N4C)(c3ccccc3)c3ccccc31)C2,undefined,Bitter(insufficient evidence); pungent (burning) (insufficient evidence),phytocompounds_db,0,CN1C2CCC1CC(OC(=O)C1CCC(C(=O)OC3CC4CCC(C3)N4C)(c3ccccc3)c3ccccc31)C2,4,"InChI=1S/C34H42N2O4/c1-35-23-12-13-24(35)19-27(18-23)39-32(37)30-16-17-34(22-8-4-3-5-9-22,31-11-7-6-10-29(30)31)33(38)40-28-20-25-14-15-26(21-28)36(25)2/h3-11,23-28,30H,12-21H2,1-2H3",1,Bad label
CCN1CC2(COC)C(O)CC(OC)C34C5CC6(O)C(OC)C(O)C(O)(C5C6OC(=O)c5ccccc5)C(C(OC)C23)C14,CCN1CC2(COC)C(O)CC(OC)C34C5CC6(O)C(OC)C(O)C(O)(C5C6OC(=O)c5ccccc5)C(C(OC)C23)C14,bitter,bitter (insufficient evidence),phytocompounds_db,0,CCN1CC2(COC)C(O)CC(OC)C34C5CC6(O)C(OC)C(O)C(O)(C5C6OC(=O)c5ccccc5)C(C(OC)C23)C14,1,"InChI=1S/C32H45NO10/c1-6-33-14-29(15-39-2)18(34)12-19(40-3)31-17-13-30(37)26(43-28(36)16-10-8-7-9-11-16)20(17)32(38,25(35)27(30)42-5)21(24(31)33)22(41-4)23(29)31/h7-11,17-27,34-35,37-38H,6,12-15H2,1-5H3",1,Bad label
CC#CC#CC=C1C=CC2(CCCCO2)O1,CC#CC#CC=C1C=CC2(CCCCO2)O1,undefined,pungent (insufficient evidence),phytocompounds_db,0,CC#CC#CC=C1C=CC2(CCCCO2)O1,4,"InChI=1S/C14H14O2/c1-2-3-4-5-8-13-9-11-14(16-13)10-6-7-12-15-14/h8-9,11H,6-7,10,12H2,1H3",1,Bad label
COc1ccc2c(c1OC)CN1CCc3cc4c(cc3C1C2)OCO4,COc1ccc2c(c1OC)CN1CCc3cc4c(cc3C1C2)OCO4,bitter,bitter (insufficient evidence),phytocompounds_db,0,COc1ccc2c(c1OC)CN1CCc3cc4c(cc3C1C2)OCO4,1,"InChI=1S/C20H21NO4/c1-22-17-4-3-12-7-16-14-9-19-18(24-11-25-19)8-13(14)5-6-21(16)10-15(12)20(17)23-2/h3-4,8-9,16H,5-7,10-11H2,1-2H3",1,Bad label
COc1cc(O)c2c(=O)c(OC3OC(COC4OC(C)C(O)C(O)C4O)C(O)C(O)C3O)c(-c3ccccc3)oc2c1,COc1cc(O)c2c(=O)c(OC3OC(COC4OC(C)C(O)C(O)C4O)C(O)C(O)C3O)c(-c3ccccc3)oc2c1,bitter,bitter (insufficient evidence); acrid (insufficient evidence),phytocompounds_db,0,COc1cc(O)c2c(=O)c(OC3OC(COC4OC(C)C(O)C(O)C4O)C(O)C(O)C3O)c(-c3ccccc3)oc2c1,1,"InChI=1S/C28H32O14/c1-11-18(30)21(33)23(35)27(39-11)38-10-16-19(31)22(34)24(36)28(41-16)42-26-20(32)17-14(29)8-13(37-2)9-15(17)40-25(26)12-6-4-3-5-7-12/h3-9,11,16,18-19,21-24,27-31,33-36H,10H2,1-2H3",1,Bad label
CC1NC(CCCCCCCC(=O)O)CCC1O,CC1NC(CCCCCCCC(=O)O)CCC1O,sweet,sweet (insufficient evidence); tasteless;,phytocompounds_db,0,CC1NC(CCCCCCCC(=O)O)CCC1O,0,"InChI=1S/C14H27NO3/c1-11-13(16)10-9-12(15-11)7-5-3-2-4-6-8-14(17)18/h11-13,15-16H,2-10H2,1H3,(H,17,18)",1,Bad label
Cc1cc(O)c2c(c1)C(O)(C1OC(CO)C(O)C(O)C1O)c1cccc(O)c1C2=O,Cc1cc(O)c2c(c1)C(O)(C1OC(CO)C(O)C(O)C1O)c1cccc(O)c1C2=O,bitter,bitter (insufficient evidence),phytocompounds_db,0,Cc1cc(O)c2c(c1)C(O)(C1OC(CO)C(O)C(O)C1O)c1cccc(O)c1C2=O,1,"InChI=1S/C21H22O9/c1-8-5-10-15(12(24)6-8)17(26)14-9(3-2-4-11(14)23)21(10,29)20-19(28)18(27)16(25)13(7-22)30-20/h2-6,13,16,18-20,22-25,27-29H,7H2,1H3",1,Bad label
COC1C(O)C(C)OC(OC2CCC3(C)C(CCC4C3CCC3(C)C(C5=CC(=O)OC5)CCC43O)C2)C1OC(C)=O,COC1C(O)C(C)OC(OC2CCC3(C)C(CCC4C3CCC3(C)C(C5=CC(=O)OC5)CCC43O)C2)C1OC(C)=O,bitter,bitter (insufficient evidence); pungent (burning) (insufficient evidence),phytocompounds_db,0,COC1C(O)C(C)OC(OC2CCC3(C)C(CCC4C3CCC3(C)C(C5=CC(=O)OC5)CCC43O)C2)C1OC(C)=O,1,"InChI=1S/C32H48O9/c1-17-26(35)27(37-5)28(40-18(2)33)29(39-17)41-21-8-11-30(3)20(15-21)6-7-24-23(30)9-12-31(4)22(10-13-32(24,31)36)19-14-25(34)38-16-19/h14,17,20-24,26-29,35-36H,6-13,15-16H2,1-5H3",1,Bad label
NC(=O)NCCCC(N)C(=O)O,NC(=O)NCCCC(N)C(=O)O,bitter,bitter (insufficient evidence) > astringent (insufficient evidence),phytocompounds_db,0,NC(=O)NCCCC(N)C(=O)O,1,"InChI=1S/C6H13N3O3/c7-4(5(10)11)2-1-3-9-6(8)12/h4H,1-3,7H2,(H,10,11)(H3,8,9,12)",1,Bad label
CC(C=CC=C(C)C(=O)OC1OC(COC2OC(CO)C(O)C(O)C2O)C(O)C(O)C1O)=CC=CC=C(C)C=CC=C(C)C(=O)OC1OC(COC2OC(CO)C(O)C(O)C2O)C(O)C(O)C1O,CC(C=CC=C(C)C(=O)OC1OC(COC2OC(CO)C(O)C(O)C2O)C(O)C(O)C1O)=CC=CC=C(C)C=CC=C(C)C(=O)OC1OC(COC2OC(CO)C(O)C(O)C2O)C(O)C(O)C1O,bitter,bitter (insufficient evidence),phytocompounds_db,0,CC(C=CC=C(C)C(=O)OC1OC(COC2OC(CO)C(O)C(O)C2O)C(O)C(O)C1O)=CC=CC=C(C)C=CC=C(C)C(=O)OC1OC(COC2OC(CO)C(O)C(O)C2O)C(O)C(O)C1O,1,"InChI=1S/C44H64O24/c1-19(11-7-13-21(3)39(59)67-43-37(57)33(53)29(49)25(65-43)17-61-41-35(55)31(51)27(47)23(15-45)63-41)9-5-6-10-20(2)12-8-14-22(4)40(60)68-44-38(58)34(54)30(50)26(66-44)18-62-42-36(56)32(52)28(48)24(16-46)64-42/h5-14,23-38,41-58H,15-18H2,1-4H3",1,Bad label
COc1cc2c(cc1OC)C(=O)Cc1ccc3c(c1CN(C)CC2)OCO3,COc1cc2c(cc1OC)C(=O)Cc1ccc3c(c1CN(C)CC2)OCO3,bitter,bitter (insufficient evidence),phytocompounds_db,0,COc1cc2c(cc1OC)C(=O)Cc1ccc3c(c1CN(C)CC2)OCO3,1,"InChI=1S/C21H23NO5/c1-22-7-6-14-9-19(24-2)20(25-3)10-15(14)17(23)8-13-4-5-18-21(16(13)11-22)27-12-26-18/h4-5,9-10H,6-8,11-12H2,1-3H3",1,Bad label
O=c1ccc2ccc(OC3OC(CO)C(O)C(O)C3O)c(O)c2o1,O=c1ccc2ccc(OC3OC(CO)C(O)C(O)C3O)c(O)c2o1,bitter,bitter; astringent (insufficient evidence),phytocompounds_db,0,O=c1ccc2ccc(OC3OC(CO)C(O)C(O)C3O)c(O)c2o1,1,"InChI=1S/C15H16O9/c16-5-8-10(18)12(20)13(21)15(23-8)22-7-3-1-6-2-4-9(17)24-14(6)11(7)19/h1-4,8,10,12-13,15-16,18-21H,5H2",1,Bad label
C=C1C(=O)OC2CC3(C)CCCC(=C)C3(OO)CC12,C=C1C(=O)OC2CC3(C)CCCC(=C)C3(OO)CC12,bitter,bitter (insufficient evidence),phytocompounds_db,0,C=C1C(=O)OC2CC3(C)CCCC(=C)C3(OO)CC12,1,"InChI=1S/C15H20O4/c1-9-5-4-6-14(3)8-12-11(7-15(9,14)19-17)10(2)13(16)18-12/h11-12,17H,1-2,4-8H2,3H3",1,Bad label
O=C(C=Cc1ccc(O)c(O)c1)OC1C(O)CC(OC(=O)C=Cc2ccc(O)c(O)c2)(C(=O)O)CC1O,O=C(C=Cc1ccc(O)c(O)c1)OC1C(O)CC(OC(=O)C=Cc2ccc(O)c(O)c2)(C(=O)O)CC1O,bitter,astringent; bitter (insufficient evidence),phytocompounds_db,0,O=C(C=Cc1ccc(O)c(O)c1)OC1C(O)CC(OC(=O)C=Cc2ccc(O)c(O)c2)(C(=O)O)CC1O,1,"InChI=1S/C25H24O12/c26-15-5-1-13(9-17(15)28)3-7-21(32)36-23-19(30)11-25(24(34)35,12-20(23)31)37-22(33)8-4-14-2-6-16(27)18(29)10-14/h1-10,19-20,23,26-31H,11-12H2,(H,34,35)",1,Bad label
CC1CCC2(OC1)OC1C(O)C3C4CCC5CC(OC6OC(CO)C(OC7OC(CO)C(O)C(OC8OCC(O)C(O)C8O)C7OC7OC(CO)C(O)C(OC8OC(CO)C(O)C(O)C8O)C7O)C(O)C6O)C(O)CC5(C)C4CCC3(C)C1C2C,CC1CCC2(OC1)OC1C(O)C3C4CCC5CC(OC6OC(CO)C(OC7OC(CO)C(O)C(OC8OCC(O)C(O)C8O)C7OC7OC(CO)C(O)C(OC8OC(CO)C(O)C(O)C8O)C7O)C(O)C6O)C(O)CC5(C)C4CCC3(C)C1C2C,bitter,bitter (insufficient evidence),phytocompounds_db,0,CC1CCC2(OC1)OC1C(O)C3C4CCC5CC(OC6OC(CO)C(OC7OC(CO)C(O)C(OC8OCC(O)C(O)C8O)C7OC7OC(CO)C(O)C(OC8OC(CO)C(O)C(O)C8O)C7O)C(O)C6O)C(O)CC5(C)C4CCC3(C)C1C2C,1,"InChI=1S/C56H92O29/c1-19-7-10-56(75-17-19)20(2)31-45(85-56)37(67)32-22-6-5-21-11-26(24(61)12-55(21,4)23(22)8-9-54(31,32)3)76-50-42(72)39(69)44(30(16-60)80-50)81-53-48(47(36(66)29(15-59)79-53)83-49-40(70)33(63)25(62)18-74-49)84-52-43(73)46(35(65)28(14-58)78-52)82-51-41(71)38(68)34(64)27(13-57)77-51/h19-53,57-73H,5-18H2,1-4H3",1,Bad label
COC1=C(O)C=CC(C=CC(=O)NCCc2ccc(O)c(OC)c2)C1,COC1=C(O)C=CC(C=CC(=O)NCCc2ccc(O)c(OC)c2)C1,undefined,pungent (insufficient evidence),phytocompounds_db,0,COC1=C(O)C=CC(C=CC(=O)NCCc2ccc(O)c(OC)c2)C1,4,"InChI=1S/C19H23NO5/c1-24-17-11-13(3-6-15(17)21)5-8-19(23)20-10-9-14-4-7-16(22)18(12-14)25-2/h3-5,7-8,12,17,22H,6,9-11H2,1-2H3,(H,20,23)",1,Bad label
C=C(C=O)C1CCC(C)C1C=O,C=C(C=O)C1CCC(C)C1C=O,bitter,bitter (insufficient evidence),phytocompounds_db,0,C=C(C=O)C1CCC(C)C1C=O,1,"InChI=1S/C10H14O2/c1-7-3-4-9(8(2)5-11)10(7)6-12/h5-7,9-10H,2-4H2,1H3",1,Bad label
CC(C)C1(NC(=O)C2C=C3c4cccc5[nH]cc(c45)CC3N(C)C2)OC2(O)C3CCCN3C(=O)CN2C1=O,CC(C)C1(NC(=O)C2C=C3c4cccc5[nH]cc(c45)CC3N(C)C2)OC2(O)C3CCCN3C(=O)CN2C1=O,bitter,bitter (insufficient evidence),phytocompounds_db,0,CC(C)C1(NC(=O)C2C=C3c4cccc5[nH]cc(c45)CC3N(C)C2)OC2(O)C3CCCN3C(=O)CN2C1=O,1,"InChI=1S/C28H33N5O5/c1-15(2)27(26(36)33-14-23(34)32-9-5-8-22(32)28(33,37)38-27)30-25(35)17-10-19-18-6-4-7-20-24(18)16(12-29-20)11-21(19)31(3)13-17/h4,6-7,10,12,15,17,21-22,29,37H,5,8-9,11,13-14H2,1-3H3,(H,30,35)",1,Bad label
O=c1oc2c(O)c(O)cc3c(=O)oc4c(O)c(O)cc1c4c23,O=c1oc2c(O)c(O)cc3c(=O)oc4c(O)c(O)cc1c4c23,bitter,astringent; bitter (insufficient evidence),phytocompounds_db,0,O=c1oc2c(O)c(O)cc3c(=O)oc4c(O)c(O)cc1c4c23,1,"InChI=1S/C14H6O8/c15-5-1-3-7-8-4(14(20)22-11(7)9(5)17)2-6(16)10(18)12(8)21-13(3)19/h1-2,15-16,19-20H",1,Bad label
CC1OC(OC2C(=O)c3c(O)cc(O)cc3OC2c2ccc(O)cc2)C(O)C(O)C1O,CC1OC(OC2C(=O)c3c(O)cc(O)cc3OC2c2ccc(O)cc2)C(O)C(O)C1O,bitter,astringent; non bitter;,phytocompounds_db,0,CC1OC(OC2C(=O)c3c(O)cc(O)cc3OC2c2ccc(O)cc2)C(O)C(O)C1O,1,"InChI=1S/C21H22O10/c1-8-15(25)17(27)18(28)21(29-8)31-20-16(26)14-12(24)6-11(23)7-13(14)30-19(20)9-2-4-10(22)5-3-9/h2-8,15,17-25,27-28H,1H3",1,Bad label
O=C(OC1Cc2c(O)cc(O)c(C3c4c(O)cc(O)cc4OC(c4ccc(O)c(O)c4)C3O)c2OC1c1cc(O)c(O)c(O)c1)c1cc(O)c(O)c(O)c1,O=C(OC1Cc2c(O)cc(O)c(C3c4c(O)cc(O)cc4OC(c4ccc(O)c(O)c4)C3O)c2OC1c1cc(O)c(O)c(O)c1)c1cc(O)c(O)c(O)c1,bitter,bitter (insufficient evidence); astringent (insufficient evidence),phytocompounds_db,0,O=C(OC1Cc2c(O)cc(O)c(C3c4c(O)cc(O)cc4OC(c4ccc(O)c(O)c4)C3O)c2OC1c1cc(O)c(O)c(O)c1)c1cc(O)c(O)c(O)c1,1,"InChI=1S/C37H30O17/c38-15-8-20(42)28-26(9-15)52-35(12-1-2-17(39)19(41)3-12)33(50)30(28)29-21(43)11-18(40)16-10-27(53-37(51)14-6-24(46)32(49)25(47)7-14)34(54-36(16)29)13-4-22(44)31(48)23(45)5-13/h1-9,11,27,30,33-35,38-50H,10H2",1,Bad label
O=C(OC1Cc2c(O)cc(O)c(C3c4c(O)cc(O)cc4OC(c4cc(O)c(O)c(O)c4)C3O)c2OC1c1ccc(O)c(O)c1)c1cc(O)c(O)c(O)c1,O=C(OC1Cc2c(O)cc(O)c(C3c4c(O)cc(O)cc4OC(c4cc(O)c(O)c(O)c4)C3O)c2OC1c1ccc(O)c(O)c1)c1cc(O)c(O)c(O)c1,bitter,bitter (insufficient evidence); astringent (insufficient evidence);,phytocompounds_db,0,O=C(OC1Cc2c(O)cc(O)c(C3c4c(O)cc(O)cc4OC(c4cc(O)c(O)c(O)c4)C3O)c2OC1c1ccc(O)c(O)c1)c1cc(O)c(O)c(O)c1,1,"InChI=1S/C37H30O17/c38-15-8-20(42)28-26(9-15)52-35(13-4-22(44)31(48)23(45)5-13)33(50)30(28)29-21(43)11-18(40)16-10-27(53-37(51)14-6-24(46)32(49)25(47)7-14)34(54-36(16)29)12-1-2-17(39)19(41)3-12/h1-9,11,27,30,33-35,38-50H,10H2",1,Bad label
O=Cc1cccc2c1CCOC2=O,O=Cc1cccc2c1CCOC2=O,bitter,contradictory evidence: tasteless (metabolite of a bitter tastant: swertiamarin); bitter,phytocompounds_db,0,O=Cc1cccc2c1CCOC2=O,1,"InChI=1S/C10H8O3/c11-6-7-2-1-3-9-8(7)4-5-13-10(9)12/h1-3,6H,4-5H2",1,Bad label
Nc1nc2ncc(CNc3ccc(C(=O)NC(CCC(=O)O)C(=O)O)cc3)nc2c(=O)[nH]1,Nc1nc2ncc(CNc3ccc(C(=O)NC(CCC(=O)O)C(=O)O)cc3)nc2c(=O)[nH]1,sweet,sweet (insufficient evidence),phytocompounds_db,0,Nc1nc2ncc(CNc3ccc(C(=O)NC(CCC(=O)O)C(=O)O)cc3)nc2c(=O)[nH]1,0,"InChI=1S/C19H19N7O6/c20-19-25-15-14(17(30)26-19)23-11(8-22-15)7-21-10-3-1-9(2-4-10)16(29)24-12(18(31)32)5-6-13(27)28/h1-4,8,12,21H,5-7H2,(H,24,29)(H,27,28)(H,31,32)(H3,20,22,25,26,30)",1,Bad label
COc1cc2ccc(=O)oc2c(O)c1O,COc1cc2ccc(=O)oc2c(O)c1O,sour,"Bitter (contradictory evidence): bitter, non bitter; sour;_qwyx Note: fraxetin is also the intestinal metabolite and aglycon of fraxin (fraxetin-8-O-glucoside), which is bitter",phytocompounds_db,0,COc1cc2ccc(=O)oc2c(O)c1O,3,"InChI=1S/C10H8O5/c1-14-6-4-5-2-3-7(11)15-10(5)9(13)8(6)12/h2-4,12-13H,1H3",1,Bad label
COc1cc2ccc(=O)oc2c(O)c1OC,COc1cc2ccc(=O)oc2c(O)c1OC,bitter,bitter (insufficient evidence),phytocompounds_db,0,COc1cc2ccc(=O)oc2c(O)c1OC,1,"InChI=1S/C11H10O5/c1-14-7-5-6-3-4-8(12)16-10(6)9(13)11(7)15-2/h3-5,13H,1-2H3",1,Bad label
COc1cc2oc(=O)ccc2c(OC)c1O,COc1cc2oc(=O)ccc2c(OC)c1O,bitter,bitter (insufficient evidence),phytocompounds_db,0,COc1cc2oc(=O)ccc2c(OC)c1O,1,"InChI=1S/C11H10O5/c1-14-8-5-7-6(3-4-9(12)16-7)11(15-2)10(8)13/h3-5,13H,1-2H3",1,Bad label
COc1cc(-c2cc(=O)c3c(O)c(OC)c(OC)c(OC)c3o2)cc(OC)c1OC,COc1cc(-c2cc(=O)c3c(O)c(OC)c(OC)c(OC)c3o2)cc(OC)c1OC,bitter,bitter (ambiguous evidence) (insufficient evidence);,phytocompounds_db,0,COc1cc(-c2cc(=O)c3c(O)c(OC)c(OC)c(OC)c3o2)cc(OC)c1OC,1,"InChI=1S/C21H22O9/c1-24-13-7-10(8-14(25-2)17(13)26-3)12-9-11(22)15-16(23)19(27-4)21(29-6)20(28-5)18(15)30-12/h7-9,23H,1-6H3",1,Bad label
C=C1CC23CC1(O)CCC2C12C=CC(O)C(C)(C(=O)O1)C2C3C(=O)O,C=C1CC23CC1(O)CCC2C12C=CC(O)C(C)(C(=O)O1)C2C3C(=O)O,sour,sour (insufficient evidence),phytocompounds_db,0,C=C1CC23CC1(O)CCC2C12C=CC(O)C(C)(C(=O)O1)C2C3C(=O)O,3,"InChI=1S/C19H22O6/c1-9-7-17-8-18(9,24)5-3-10(17)19-6-4-11(20)16(2,15(23)25-19)13(19)12(17)14(21)22/h4,6,10-13,20,24H,1,3,5,7-8H2,2H3,(H,21,22)",1,Bad label
CC(=O)OC1CC2(C)OC23CC=C(C)C3C2OC(=O)C(C)C12,CC(=O)OC1CC2(C)OC23CC=C(C)C3C2OC(=O)C(C)C12,bitter,bitter (insufficient evidence),phytocompounds_db,0,CC(=O)OC1CC2(C)OC23CC=C(C)C3C2OC(=O)C(C)C12,1,"InChI=1S/C17H22O5/c1-8-5-6-17-13(8)14-12(9(2)15(19)21-14)11(20-10(3)18)7-16(17,4)22-17/h5,9,11-14H,6-7H2,1-4H3",1,Bad label
COc1cc2c(c(OC)c1OC)-c1ccc(OC)c(=O)cc1C(NC=O)CC2,COc1cc2c(c(OC)c1OC)-c1ccc(OC)c(=O)cc1C(NC=O)CC2,bitter,bitter (insufficient evidence),phytocompounds_db,0,COc1cc2c(c(OC)c1OC)-c1ccc(OC)c(=O)cc1C(NC=O)CC2,1,"InChI=1S/C21H23NO6/c1-25-17-8-6-13-14(10-16(17)24)15(22-11-23)7-5-12-9-18(26-2)20(27-3)21(28-4)19(12)13/h6,8-11,15H,5,7H2,1-4H3,(H,22,23)",1,Bad label
COc1cc(CNC(=O)CCCCCCCC(C)C)ccc1O,COc1cc(CNC(=O)CCCCCCCC(C)C)ccc1O,sour,"pungent, sour (insufficient evidence)",phytocompounds_db,0,COc1cc(CNC(=O)CCCCCCCC(C)C)ccc1O,3,"InChI=1S/C19H31NO3/c1-15(2)9-7-5-4-6-8-10-19(22)20-14-16-11-12-17(21)18(13-16)23-3/h11-13,15,21H,4-10,14H2,1-3H3,(H,20,22)",1,Bad label
CC(=O)CC1CCCN1C,CC(=O)CC1CCCN1C,undefined,pungent (insufficient evidence),phytocompounds_db,0,CC(=O)CC1CCCN1C,4,"InChI=1S/C8H15NO/c1-7(10)6-8-4-3-5-9(8)2/h8H,3-6H2,1-2H3",1,Bad label
Cc1cc(=O)c2c(O)c3c(O)cc(O)c4c5c(O)cc(O)c6c(O)c7c(=O)cc(C)c8c1c2c(c34)c(c65)c78,Cc1cc(=O)c2c(O)c3c(O)cc(O)c4c5c(O)cc(O)c6c(O)c7c(=O)cc(C)c8c1c2c(c34)c(c65)c78,bitter,bitter (insufficient evidence),phytocompounds_db,0,Cc1cc(=O)c2c(O)c3c(O)cc(O)c4c5c(O)cc(O)c6c(O)c7c(=O)cc(C)c8c1c2c(c34)c(c65)c78,1,"InChI=1S/C30H16O8/c1-7-3-9(31)19-23-15(7)16-8(2)4-10(32)20-24(16)28-26-18(12(34)6-14(36)22(26)30(20)38)17-11(33)5-13(35)21(29(19)37)25(17)27(23)28/h3-6,31,33-36,38H,1-2H3",1,Bad label
COC(=O)C1=COC(OC2OC(CO)C(O)C(O)C2O)C2C(C)(O)CCC12O,COC(=O)C1=COC(OC2OC(CO)C(O)C(O)C2O)C2C(C)(O)CCC12O,bitter,bitter (insufficient evidence),phytocompounds_db,0,COC(=O)C1=COC(OC2OC(CO)C(O)C(O)C2O)C2C(C)(O)CCC12O,1,"InChI=1S/C17H26O11/c1-16(23)3-4-17(24)7(13(22)25-2)6-26-15(12(16)17)28-14-11(21)10(20)9(19)8(5-18)27-14/h6,8-12,14-15,18-21,23-24H,3-5H2,1-2H3",1,Bad label
C=C1C(=O)OC2CC(C)=CCCC3=CC(OC3=O)C12,C=C1C(=O)OC2CC(C)=CCCC3=CC(OC3=O)C12,undefined,pungent (insufficient evidence),phytocompounds_db,0,C=C1C(=O)OC2CC(C)=CCCC3=CC(OC3=O)C12,4,"InChI=1S/C15H16O4/c1-8-4-3-5-10-7-12(19-15(10)17)13-9(2)14(16)18-11(13)6-8/h4,7,11-13H,2-3,5-6H2,1H3",1,Bad label
C=C1C(=O)OC2CC3(C)CCCC(=C)C3CC12,C=C1C(=O)OC2CC3(C)CCCC(=C)C3CC12,undefined,pungent (insufficient evidence),phytocompounds_db,0,C=C1C(=O)OC2CC3(C)CCCC(=C)C3CC12,4,"InChI=1S/C15H20O2/c1-9-5-4-6-15(3)8-13-11(7-12(9)15)10(2)14(16)17-13/h11-13H,1-2,4-8H2,3H3",1,Bad label
CC12CCC3C(C)(CO)C(O)CCC3(C)C1CC(C1=CCOC1=O)O2,CC12CCC3C(C)(CO)C(O)CCC3(C)C1CC(C1=CCOC1=O)O2,bitter,bitter (insufficient evidence),phytocompounds_db,0,CC12CCC3C(C)(CO)C(O)CCC3(C)C1CC(C1=CCOC1=O)O2,1,"InChI=1S/C20H30O5/c1-18-7-5-16(22)19(2,11-21)14(18)4-8-20(3)15(18)10-13(25-20)12-6-9-24-17(12)23/h6,13-16,21-22H,4-5,7-11H2,1-3H3",1,Bad label
CC(C)C=CC(=O)c1ccoc1,CC(C)C=CC(=O)c1ccoc1,undefined,pungent (insufficient evidence),phytocompounds_db,0,CC(C)C=CC(=O)c1ccoc1,4,"InChI=1S/C10H12O2/c1-8(2)3-4-10(11)9-5-6-12-7-9/h3,5-7H,4H2,1-2H3",1,Bad label
O=c1cc(-c2ccc(O)cc2)oc2c(C3OC(CO)C(O)C(O)C3O)c(O)c(C3OCC(O)C(O)C3O)c(O)c12,O=c1cc(-c2ccc(O)cc2)oc2c(C3OC(CO)C(O)C(O)C3O)c(O)c(C3OCC(O)C(O)C3O)c(O)c12,bitter,bitter (insufficient evidence); astringent (insufficient evidence);,phytocompounds_db,0,O=c1cc(-c2ccc(O)cc2)oc2c(C3OC(CO)C(O)C(O)C3O)c(O)c(C3OCC(O)C(O)C3O)c(O)c12,1,"InChI=1S/C26H28O14/c27-6-13-18(32)21(35)23(37)26(40-13)16-20(34)15(25-22(36)17(31)11(30)7-38-25)19(33)14-10(29)5-12(39-24(14)16)8-1-3-9(28)4-2-8/h1-5,11,13,17-18,21-23,25-28,30-37H,6-7H2",1,Bad label
O=C1C=CC(=O)c2c(O)cccc21,O=C1C=CC(=O)c2c(O)cccc21,bitter,bitter (low evidence),phytocompounds_db,0,O=C1C=CC(=O)c2c(O)cccc21,1,"InChI=1S/C10H6O3/c11-7-4-5-9(13)10-6(7)2-1-3-8(10)12/h1-5,12H",1,Bad label
CC1OC(OC2C(Oc3c(-c4ccc(O)cc4)oc4cc(O)cc(O)c4c3=O)OC(CO)C(O)C2O)C(O)C(O)C1O,CC1OC(OC2C(Oc3c(-c4ccc(O)cc4)oc4cc(O)cc(O)c4c3=O)OC(CO)C(O)C2O)C(O)C(O)C1O,bitter,bitter (insufficient evidence); astringent (insufficient evidence),phytocompounds_db,0,CC1OC(OC2C(Oc3c(-c4ccc(O)cc4)oc4cc(O)cc(O)c4c3=O)OC(CO)C(O)C2O)C(O)C(O)C1O,1,"InChI=1S/C27H30O15/c1-9-17(32)20(35)22(37)26(38-9)42-25-21(36)18(33)15(8-28)40-27(25)41-24-19(34)16-13(31)6-12(30)7-14(16)39-23(24)10-2-4-11(29)5-3-10/h2-7,9,15,17-18,20-22,25-33,35-37H,8H2,1H3",1,Bad label
COc1c(-c2ccccc2)oc2c(ccc3occc32)c1=O,COc1c(-c2ccccc2)oc2c(ccc3occc32)c1=O,bitter,bitter (insufficient evidence); tingling (insufficient evidence);,phytocompounds_db,0,COc1c(-c2ccccc2)oc2c(ccc3occc32)c1=O,1,"InChI=1S/C18H12O4/c1-20-18-15(19)13-7-8-14-12(9-10-21-14)17(13)22-16(18)11-5-3-2-4-6-11/h2-10H,1H3",1,Bad label
CC(C)=CCCC(C)C1CCC2(C)C3=C(CCC12C)C1(C)CCC(O)C(C)(C)C1CC3,CC(C)=CCCC(C)C1CCC2(C)C3=C(CCC12C)C1(C)CCC(O)C(C)(C)C1CC3,sweet,sweet (low evidence),phytocompounds_db,0,CC(C)=CCCC(C)C1CCC2(C)C3=C(CCC12C)C1(C)CCC(O)C(C)(C)C1CC3,0,"InChI=1S/C30H50O/c1-20(2)10-9-11-21(3)22-14-18-30(8)24-12-13-25-27(4,5)26(31)16-17-28(25,6)23(24)15-19-29(22,30)7/h10,21-22,25-26,31H,9,11-19H2,1-8H3",1,Bad label
CC(N)C(O)CC=CCC=CCC=CCC=CCC=CCC=CCCCCCCC(O)C(C)N,CC(N)C(O)CC=CCC=CCC=CCC=CCC=CCC=CCCCCCCC(O)C(C)N,undefined,pungent (insufficient evidence),phytocompounds_db,0,CC(N)C(O)CC=CCC=CCC=CCC=CCC=CCC=CCCCCCCC(O)C(C)N,4,"InChI=1S/C30H52N2O2/c1-27(31)29(33)25-23-21-19-17-15-13-11-9-7-5-3-4-6-8-10-12-14-16-18-20-22-24-26-30(34)28(2)32/h3,5-6,8-9,11-12,14-15,17,21,23,27-30,33-34H,4,7,10,13,16,18-20,22,24-26,31-32H2,1-2H3",1,Bad label
CC(N)C(O)CC=CCC(O)C=CC=CCC=CCC=CCC=CCCCCCCC(O)C(C)N,CC(N)C(O)CC=CCC(O)C=CC=CCC=CCC=CCC=CCCCCCCC(O)C(C)N,undefined,pungent (insufficient evidence),phytocompounds_db,0,CC(N)C(O)CC=CCC(O)C=CC=CCC=CCC=CCC=CCCCCCCC(O)C(C)N,4,"InChI=1S/C30H52N2O3/c1-26(31)29(34)24-19-17-15-13-11-9-7-5-3-4-6-8-10-12-14-16-18-22-28(33)23-20-21-25-30(35)27(2)32/h3-4,7-10,14,16,18,20-22,26-30,33-35H,5-6,11-13,15,17,19,23-25,31-32H2,1-2H3",1,Bad label
CC1(C)OC1C1CC(C2CCC3(C)C4=CCC5C(C)(C)C(=O)CCC5(C)C4CCC23C)C(O)O1,CC1(C)OC1C1CC(C2CCC3(C)C4=CCC5C(C)(C)C(=O)CCC5(C)C4CCC23C)C(O)O1,bitter,bitter (insufficient evidence) (low evidence),phytocompounds_db,0,CC1(C)OC1C1CC(C2CCC3(C)C4=CCC5C(C)(C)C(=O)CCC5(C)C4CCC23C)C(O)O1,1,"InChI=1S/C30H46O4/c1-26(2)22-9-8-20-19(28(22,5)13-12-23(26)31)11-15-29(6)18(10-14-30(20,29)7)17-16-21(33-25(17)32)24-27(3,4)34-24/h8,17-19,21-22,24-25,32H,9-16H2,1-7H3",1,Bad label
COC(=O)c1cc(O)c(O)c(O)c1,COC(=O)c1cc(O)c(O)c(O)c1,bitter,astringent; non bitter,phytocompounds_db,0,COC(=O)c1cc(O)c(O)c(O)c1,1,"InChI=1S/C8H8O5/c1-13-8(12)4-2-5(9)7(11)6(10)3-4/h2-3,9-11H,1H3",1,Bad label
CC1OC(OCC2OC(Oc3c(-c4cc(O)c(O)c(O)c4)oc4cc(O)cc(O)c4c3=O)C(O)C(O)C2O)C(O)C(O)C1OC1OC(CO)C(O)C(O)C1O,CC1OC(OCC2OC(Oc3c(-c4cc(O)c(O)c(O)c4)oc4cc(O)cc(O)c4c3=O)C(O)C(O)C2O)C(O)C(O)C1OC1OC(CO)C(O)C(O)C1O,undefined,Bitter (insufficient evidence); astringent (insufficient evidence),phytocompounds_db,0,CC1OC(OCC2OC(Oc3c(-c4cc(O)c(O)c(O)c4)oc4cc(O)cc(O)c4c3=O)C(O)C(O)C2O)C(O)C(O)C1OC1OC(CO)C(O)C(O)C1O,4,"InChI=1S/C33H40O22/c1-8-28(54-32-25(46)22(43)19(40)15(6-34)52-32)24(45)27(48)31(50-8)49-7-16-20(41)23(44)26(47)33(53-16)55-30-21(42)17-11(36)4-10(35)5-14(17)51-29(30)9-2-12(37)18(39)13(38)3-9/h2-5,8,15-16,19-20,22-28,31-41,43-48H,6-7H2,1H3",1,Bad label
C=C1CCC2C(C)(COC3OC(CO)C(O)C(O)C3O)CCCC2(C)C1CCC1=CCOC1=O,C=C1CCC2C(C)(COC3OC(CO)C(O)C(O)C3O)CCCC2(C)C1CCC1=CCOC1=O,bitter,"Bitter (contradictory evidence): bitter (low evidence), non bitter",phytocompounds_db,0,C=C1CCC2C(C)(COC3OC(CO)C(O)C(O)C3O)CCCC2(C)C1CCC1=CCOC1=O,1,"InChI=1S/C26H40O8/c1-15-5-8-19-25(2,14-33-24-22(30)21(29)20(28)18(13-27)34-24)10-4-11-26(19,3)17(15)7-6-16-9-12-32-23(16)31/h9,17-22,24,27-30H,1,4-8,10-14H2,2-3H3",1,Bad label
CC1CCC2(OC1)OC1CC3C4CCC5CC(OC6OC(COC7OC(CO)C(O)C(O)C7O)C(OC7OC(C)C(O)C(O)C7O)C(O)C6OC6OC(CO)C(O)C(O)C6O)CCC5(C)C4CCC3(C)C1C2C,CC1CCC2(OC1)OC1CC3C4CCC5CC(OC6OC(COC7OC(CO)C(O)C(O)C7O)C(OC7OC(C)C(O)C(O)C7O)C(O)C6OC6OC(CO)C(O)C(O)C6O)CCC5(C)C4CCC3(C)C1C2C,bitter,bitter (insufficient evidence),phytocompounds_db,0,CC1CCC2(OC1)OC1CC3C4CCC5CC(OC6OC(COC7OC(CO)C(O)C(O)C7O)C(OC7OC(C)C(O)C(O)C7O)C(O)C6OC6OC(CO)C(O)C(O)C6O)CCC5(C)C4CCC3(C)C1C2C,1,"InChI=1S/C51H84O22/c1-20-8-13-51(65-18-20)21(2)32-28(73-51)15-27-25-7-6-23-14-24(9-11-49(23,4)26(25)10-12-50(27,32)5)67-48-44(72-47-41(62)38(59)35(56)30(17-53)69-47)42(63)43(71-46-40(61)36(57)33(54)22(3)66-46)31(70-48)19-64-45-39(60)37(58)34(55)29(16-52)68-45/h20-48,52-63H,6-19H2,1-5H3",1,Bad label
CC(C)CCC(=O)c1ccoc1,CC(C)CCC(=O)c1ccoc1,undefined,pungent (insufficient evidence),phytocompounds_db,0,CC(C)CCC(=O)c1ccoc1,4,"InChI=1S/C10H14O2/c1-8(2)3-4-10(11)9-5-6-12-7-9/h5-8H,3-4H2,1-2H3",1,Bad label
CC12CCC(O)CC1(O)CCC1C2CCC2(C)C(C3=CC(=O)OC3)CCC12O,CC12CCC(O)CC1(O)CCC1C2CCC2(C)C(C3=CC(=O)OC3)CCC12O,bitter,bitter (insufficient evidence),phytocompounds_db,0,CC12CCC(O)CC1(O)CCC1C2CCC2(C)C(C3=CC(=O)OC3)CCC12O,1,"InChI=1S/C23H34O5/c1-20-7-3-15(24)12-22(20,26)9-5-18-17(20)4-8-21(2)16(6-10-23(18,21)27)14-11-19(25)28-13-14/h11,15-18,24,26-27H,3-10,12-13H2,1-2H3",1,Bad label
CC1=C(C(=O)O)C(C)(C)CC(OC2OC(CO)C(O)C(O)C2O)C1,CC1=C(C(=O)O)C(C)(C)CC(OC2OC(CO)C(O)C(O)C2O)C1,bitter,bitter (insufficient evidence),phytocompounds_db,0,CC1=C(C(=O)O)C(C)(C)CC(OC2OC(CO)C(O)C(O)C2O)C1,1,"InChI=1S/C16H26O8/c1-7-4-8(5-16(2,3)10(7)14(21)22)23-15-13(20)12(19)11(18)9(6-17)24-15/h8-9,11-13,15,17-20H,4-6H2,1-3H3,(H,21,22)",1,Bad label
COc1cc(C2c3cc4c(cc3C(O)C3COC(=O)C23)OCO4)cc(OC)c1OC,COc1cc(C2c3cc4c(cc3C(O)C3COC(=O)C23)OCO4)cc(OC)c1OC,bitter,bitter (insufficient evidence),phytocompounds_db,0,COc1cc(C2c3cc4c(cc3C(O)C3COC(=O)C23)OCO4)cc(OC)c1OC,1,"InChI=1S/C22H22O8/c1-25-16-4-10(5-17(26-2)21(16)27-3)18-11-6-14-15(30-9-29-14)7-12(11)20(23)13-8-28-22(24)19(13)18/h4-7,13,18-20,23H,8-9H2,1-3H3",1,Bad label
C=CC1(C)C=C2CCC3C(C)(C(=O)O)CCCC3(C)C2CC1,C=CC1(C)C=C2CCC3C(C)(C(=O)O)CCCC3(C)C2CC1,bitter,bitter (insufficient evidence),phytocompounds_db,0,C=CC1(C)C=C2CCC3C(C)(C(=O)O)CCCC3(C)C2CC1,1,"InChI=1S/C20H30O2/c1-5-18(2)12-9-15-14(13-18)7-8-16-19(15,3)10-6-11-20(16,4)17(21)22/h5,13,15-16H,1,6-12H2,2-4H3,(H,21,22)",1,Bad label
COc1ccc(CC=CC=CC(=O)NCC(C)C)cc1,COc1ccc(CC=CC=CC(=O)NCC(C)C)cc1,undefined,pungent (numbness)(insufficient evidence),phytocompounds_db,0,COc1ccc(CC=CC=CC(=O)NCC(C)C)cc1,4,"InChI=1S/C17H23NO2/c1-14(2)13-18-17(19)8-6-4-5-7-15-9-11-16(20-3)12-10-15/h4-7,9-12,14H,8,13H2,1-3H3,(H,18,19)",1,Bad label
CC=C1CC(C)C(C)(O)C(=O)OCC2CCN3CCC(OC1=O)C23,CC=C1CC(C)C(C)(O)C(=O)OCC2CCN3CCC(OC1=O)C23,bitter,bitter (insufficient evidence),phytocompounds_db,0,CC=C1CC(C)C(C)(O)C(=O)OCC2CCN3CCC(OC1=O)C23,1,"InChI=1S/C18H27NO5/c1-4-12-9-11(2)18(3,22)17(21)23-10-13-5-7-19-8-6-14(15(13)19)24-16(12)20/h4,11,13-15,22H,5-10H2,1-3H3",1,Bad label
CCC(C)C(=O)OC1CCC2(C)C3CC(O)C4C5(O)C(O)C(O)C6C(CN7CC(C)CCC7C6(C)O)C5CC42OC13O,CCC(C)C(=O)OC1CCC2(C)C3CC(O)C4C5(O)C(O)C(O)C6C(CN7CC(C)CCC7C6(C)O)C5CC42OC13O,bitter,bitter (insufficient evidence),phytocompounds_db,0,CCC(C)C(=O)OC1CCC2(C)C3CC(O)C4C5(O)C(O)C(O)C6C(CN7CC(C)CCC7C6(C)O)C5CC42OC13O,1,"InChI=1S/C32H51NO9/c1-6-16(3)27(37)41-22-9-10-28(4)20-11-19(34)25-30(28,42-32(20,22)40)12-18-17-14-33-13-15(2)7-8-21(33)29(5,38)23(17)24(35)26(36)31(18,25)39/h15-26,34-36,38-40H,6-14H2,1-5H3",1,Bad label
CCN1CC2(COC)C(O)CC(OC)C34C5CC6(O)C(OC)CC(O)(C5C6O)C(C(OC)C23)C14,CCN1CC2(COC)C(O)CC(OC)C34C5CC6(O)C(OC)CC(O)(C5C6O)C(C(OC)C23)C14,bitter,bitter (insufficient evidence),phytocompounds_db,0,CCN1CC2(COC)C(O)CC(OC)C34C5CC6(O)C(OC)CC(O)(C5C6O)C(C(OC)C23)C14,1,"InChI=1S/C25H41NO8/c1-6-26-10-22(11-31-2)13(27)7-14(32-3)25-12-8-23(29)15(33-4)9-24(30,16(12)21(23)28)17(20(25)26)18(34-5)19(22)25/h12-21,27-30H,6-11H2,1-5H3",1,Bad label
COc1ccc2c(=O)cc(-c3ccc4c(c3)OCO4)n(C)c2c1,COc1ccc2c(=O)cc(-c3ccc4c(c3)OCO4)n(C)c2c1,bitter,bitter (insufficient evidence),phytocompounds_db,0,COc1ccc2c(=O)cc(-c3ccc4c(c3)OCO4)n(C)c2c1,1,"InChI=1S/C18H15NO4/c1-19-14(11-3-6-17-18(7-11)23-10-22-17)9-16(20)13-5-4-12(21-2)8-15(13)19/h3-9H,10H2,1-2H3",1,Bad label
COc1cc(O)c2c(=O)c(O)c(-c3ccc(O)c(O)c3)oc2c1,COc1cc(O)c2c(=O)c(O)c(-c3ccc(O)c(O)c3)oc2c1,bitter,bitter (low evidence) (insufficient evidence),phytocompounds_db,0,COc1cc(O)c2c(=O)c(O)c(-c3ccc(O)c(O)c3)oc2c1,1,"InChI=1S/C16H12O7/c1-22-8-5-11(19)13-12(6-8)23-16(15(21)14(13)20)7-2-3-9(17)10(18)4-7/h2-6,17-19,21H,1H3",1,Bad label
O=C(O)c1cc(O)c2c(c1)C(=O)c1cccc(O)c1C2=O,O=C(O)c1cc(O)c2c(c1)C(=O)c1cccc(O)c1C2=O,bitter,bitter (insufficient evidence),phytocompounds_db,0,O=C(O)c1cc(O)c2c(c1)C(=O)c1cccc(O)c1C2=O,1,"InChI=1S/C15H8O6/c16-9-3-1-2-7-11(9)14(19)12-8(13(7)18)4-6(15(20)21)5-10(12)17/h1-5,16-17H,(H,20,21)",1,Bad label
CC(O)CCc1ccc(O)cc1,CC(O)CCc1ccc(O)cc1,undefined,Bitter (insufficient evidence),phytocompounds_db,0,CC(O)CCc1ccc(O)cc1,4,"InChI=1S/C10H14O2/c1-8(11)2-3-9-4-6-10(12)7-5-9/h4-8,11-12H,2-3H2,1H3",1,Bad label
C=C1C(=O)OC2C=C(CO)CCC=C(C)CC(O)C12,C=C1C(=O)OC2C=C(CO)CCC=C(C)CC(O)C12,bitter,bitter (insufficient evidence),phytocompounds_db,0,C=C1C(=O)OC2C=C(CO)CCC=C(C)CC(O)C12,1,"InChI=1S/C15H20O4/c1-9-4-3-5-11(8-16)7-13-14(12(17)6-9)10(2)15(18)19-13/h4,7,12-14,16-17H,2-3,5-6,8H2,1H3",1,Bad label
COc1cc(C=CCO)cc(OC)c1OC1OC(CO)C(O)C(O)C1O,COc1cc(C=CCO)cc(OC)c1OC1OC(CO)C(O)C(O)C1O,bitter,bitter (insufficient evidence),phytocompounds_db,0,COc1cc(C=CCO)cc(OC)c1OC1OC(CO)C(O)C(O)C1O,1,"InChI=1S/C17H24O9/c1-23-10-6-9(4-3-5-18)7-11(24-2)16(10)26-17-15(22)14(21)13(20)12(8-19)25-17/h3-4,6-7,12-15,17-22H,5,8H2,1-2H3",1,Bad label
COC1=CC=C2C3Cc4ccc(OC)c5c4C2(CCN3C)C1O5,COC1=CC=C2C3Cc4ccc(OC)c5c4C2(CCN3C)C1O5,undefined,sharp (insufficient evidence),phytocompounds_db,0,COC1=CC=C2C3Cc4ccc(OC)c5c4C2(CCN3C)C1O5,4,"InChI=1S/C19H21NO3/c1-20-9-8-19-12-5-7-15(22-3)18(19)23-17-14(21-2)6-4-11(16(17)19)10-13(12)20/h4-7,13,18H,8-10H2,1-3H3",1,Bad label
C=C1C(=O)OC2CC(C)C(C(CC(C)=O)OC(C)=O)=CCC12,C=C1C(=O)OC2CC(C)C(C(CC(C)=O)OC(C)=O)=CCC12,bitter,bitter (insufficient evidence),phytocompounds_db,0,C=C1C(=O)OC2CC(C)C(C(CC(C)=O)OC(C)=O)=CCC12,1,"InChI=1S/C17H22O5/c1-9-7-15-14(11(3)17(20)22-15)6-5-13(9)16(8-10(2)18)21-12(4)19/h5,9,14-16H,3,6-8H2,1-2,4H3",1,Bad label
CC(=CC(=O)O)C(=O)O,CC(=CC(=O)O)C(=O)O,bitter,bitter (insufficient evidence),phytocompounds_db,1,CC(=CC(=O)O)C(=O)O,1,"InChI=1S/C5H6O4/c1-3(5(8)9)2-4(6)7/h2H,1H3,(H,6,7)(H,8,9)",1,Bad label
CC(=CC(=O)O)C(=O)O,CC(=CC(=O)O)C(=O)O,sour,sour (insufficient evidence),phytocompounds_db,1,CC(=CC(=O)O)C(=O)O,3,"InChI=1S/C5H6O4/c1-3(5(8)9)2-4(6)7/h2H,1H3,(H,6,7)(H,8,9)",1,Bad label
CC(O)C(N)C(=O)O,CC(O)C(N)C(=O)O,sour,"sweet, bitter (insufficient evidence), sour (insufficient evidence), fatty (insufficient evidence)",phytocompounds_db,1,CC(O)C(N)C(=O)O,3,"InChI=1S/C4H9NO3/c1-2(6)3(5)4(7)8/h2-3,6H,5H2,1H3,(H,7,8)",1,Bad label
CC=CC=CC=CCCC=CC(=O)NCC(C)(C)O,CC=CC=CC=CCCC=CC(=O)NCC(C)(C)O,bitter,pungent (numbing); astringent; bitter; tasteless (contradictory evidence),phytocompounds_db,1,CC=CC=CC=CCCC=CC(=O)NCC(C)(C)O,1,"InChI=1S/C16H25NO2/c1-4-5-6-7-8-9-10-11-12-13-15(18)17-14-16(2,3)19/h4-9,12-13,19H,10-11,14H2,1-3H3,(H,17,18)",1,Bad label
CC1OC(OC2C(=O)c3c(O)cc(O)cc3OC2c2ccc(O)c(O)c2)C(O)C(O)C1O,CC1OC(OC2C(=O)c3c(O)cc(O)cc3OC2c2ccc(O)c(O)c2)C(O)C(O)C1O,bitter,astringent; non bitter;,phytocompounds_db,1,CC1OC(OC2C(=O)c3c(O)cc(O)cc3OC2c2ccc(O)c(O)c2)C(O)C(O)C1O,1,"InChI=1S/C21H22O11/c1-7-15(26)17(28)18(29)21(30-7)32-20-16(27)14-12(25)5-9(22)6-13(14)31-19(20)8-2-3-10(23)11(24)4-8/h2-7,15,17-26,28-29H,1H3",1,Bad label
CC1OC(OCC2OC(Oc3c(-c4ccc(O)cc4)oc4cc(O)cc(O)c4c3=O)C(O)C(O)C2O)C(O)C(O)C1O,CC1OC(OCC2OC(Oc3c(-c4ccc(O)cc4)oc4cc(O)cc(O)c4c3=O)C(O)C(O)C2O)C(O)C(O)C1O,bitter,bitter (insufficient evidence); astringent (insufficient evidence),phytocompounds_db,1,CC1OC(OCC2OC(Oc3c(-c4ccc(O)cc4)oc4cc(O)cc(O)c4c3=O)C(O)C(O)C2O)C(O)C(O)C1O,1,"InChI=1S/C27H30O15/c1-9-17(31)20(34)22(36)26(39-9)38-8-15-18(32)21(35)23(37)27(41-15)42-25-19(33)16-13(30)6-12(29)7-14(16)40-24(25)10-2-4-11(28)5-3-10/h2-7,9,15,17-18,20-23,26-32,34-37H,8H2,1H3",1,Bad label
CCC(C)N=C=S,CCC(C)N=C=S,bitter,pungent; bitter (low evidence),phytocompounds_db,1,CCC(C)N=C=S,1,"InChI=1S/C5H9NS/c1-3-5(2)6-4-7/h5H,3H2,1-2H3",1,Bad label
CCC(CCC(C)C1CCC2C3CC=C4CC(O)CCC4(C)C3CCC12C)C(C)C,CCC(CCC(C)C1CCC2C3CC=C4CC(O)CCC4(C)C3CCC12C)C(C)C,sweet,bitter (insufficient evidence); sweet (insufficient evidence),phytocompounds_db,1,CCC(CCC(C)C1CCC2C3CC=C4CC(O)CCC4(C)C3CCC12C)C(C)C,0,"InChI=1S/C29H50O/c1-7-21(19(2)3)9-8-20(4)25-12-13-26-24-11-10-22-18-23(30)14-16-28(22,5)27(24)15-17-29(25,26)6/h10,19-21,23-27,30H,7-9,11-18H2,1-6H3",1,Bad label
CCC(CCC(C)C1CCC2C3CC=C4CC(O)CCC4(C)C3CCC12C)C(C)C,CCC(CCC(C)C1CCC2C3CC=C4CC(O)CCC4(C)C3CCC12C)C(C)C,bitter,bitter (insufficient evidence); sweet (insufficient evidence),phytocompounds_db,1,CCC(CCC(C)C1CCC2C3CC=C4CC(O)CCC4(C)C3CCC12C)C(C)C,1,"InChI=1S/C29H50O/c1-7-21(19(2)3)9-8-20(4)25-12-13-26-24-11-10-22-18-23(30)14-16-28(22,5)27(24)15-17-29(25,26)6/h10,19-21,23-27,30H,7-9,11-18H2,1-6H3",1,Bad label
CCCC=CCO,CCCC=CCO,sweet,sweet; fruity/apple; pungent (aromatic) ? (insufficient evidence),phytocompounds_db,1,CCCC=CCO,0,"InChI=1S/C6H12O/c1-2-3-4-5-6-7/h4-5,7H,2-3,6H2,1H3",1,Bad label
COc1cc(-c2oc3cc(O)cc(O)c3c(=O)c2OC2OC(CO)C(O)C(O)C2O)cc(OC)c1O,COc1cc(-c2oc3cc(O)cc(O)c3c(=O)c2OC2OC(CO)C(O)C(O)C2O)cc(OC)c1O,bitter,astringent; non bitter,phytocompounds_db,1,COc1cc(-c2oc3cc(O)cc(O)c3c(=O)c2OC2OC(CO)C(O)C(O)C2O)cc(OC)c1O,1,"InChI=1S/C23H24O13/c1-32-12-3-8(4-13(33-2)16(12)27)21-22(18(29)15-10(26)5-9(25)6-11(15)34-21)36-23-20(31)19(30)17(28)14(7-24)35-23/h3-6,14,17,19-20,23-28,30-31H,7H2,1-2H3",1,Bad label
COc1cc(-c2oc3cc(O)cc(O)c3c(=O)c2OC2OC(CO)C(O)C(O)C2O)ccc1O,COc1cc(-c2oc3cc(O)cc(O)c3c(=O)c2OC2OC(CO)C(O)C(O)C2O)ccc1O,bitter,astringent; non bitter,phytocompounds_db,1,COc1cc(-c2oc3cc(O)cc(O)c3c(=O)c2OC2OC(CO)C(O)C(O)C2O)ccc1O,1,"InChI=1S/C22H22O12/c1-31-12-4-8(2-3-10(12)25)20-21(17(28)15-11(26)5-9(24)6-13(15)32-20)34-22-19(30)18(29)16(27)14(7-23)33-22/h2-6,14,16,18-19,22-27,29-30H,7H2,1H3",1,Bad label
COC1CC(OC2C(C)OC(OC3C(C)OC(OC4CCC5(C)C(=CCC6C5CCC5(C)C6CC(OC6OC(COC7OC(CO)C(O)C(O)C7O)C(O)C(O)C6O)C5C(C)=O)C4)C(O)C3OC)CC2OC)OC(C)C1OC(=O)C=C(C)C,COC1CC(OC2C(C)OC(OC3C(C)OC(OC4CCC5(C)C(=CCC6C5CCC5(C)C6CC(OC6OC(COC7OC(CO)C(O)C(O)C7O)C(O)C(O)C6O)C5C(C)=O)C4)C(O)C3OC)CC2OC)OC(C)C1OC(=O)C=C(C)C,bitter,sweet; not bitter,phytocompounds_db,1,COC1CC(OC2C(C)OC(OC3C(C)OC(OC4CCC5(C)C(=CCC6C5CCC5(C)C6CC(OC6OC(COC7OC(CO)C(O)C(O)C7O)C(O)C(O)C6O)C5C(C)=O)C4)C(O)C3OC)CC2OC)OC(C)C1OC(=O)C=C(C)C,1,"InChI=1S/C59H94O24/c1-25(2)18-40(62)81-51-27(4)74-41(21-36(51)70-9)82-52-28(5)75-42(22-37(52)71-10)83-53-29(6)76-57(50(69)54(53)72-11)77-31-14-16-58(7)30(19-31)12-13-32-33(58)15-17-59(8)34(32)20-35(43(59)26(3)61)78-56-49(68)47(66)45(64)39(80-56)24-73-55-48(67)46(65)44(63)38(23-60)79-55/h12,18,27-29,31-39,41-57,60,63-69H,13-17,19-24H2,1-11H3",1,Bad label
COC1CC(OC2C(C)OC(OC3C(C)OC(OC4CCC5(C)C(=CCC6C5CCC5(C)C6CC(OC6OC(COC7OC(CO)C(O)C(O)C7OC7OC(CO)C(O)C(O)C7O)C(O)C(O)C6O)C5C(C)=O)C4)C(O)C3OC)CC2OC)OC(C)C1OC(=O)C=C(C)C,COC1CC(OC2C(C)OC(OC3C(C)OC(OC4CCC5(C)C(=CCC6C5CCC5(C)C6CC(OC6OC(COC7OC(CO)C(O)C(O)C7OC7OC(CO)C(O)C(O)C7O)C(O)C(O)C6O)C5C(C)=O)C4)C(O)C3OC)CC2OC)OC(C)C1OC(=O)C=C(C)C,bitter,sweet; not bitter,phytocompounds_db,1,COC1CC(OC2C(C)OC(OC3C(C)OC(OC4CCC5(C)C(=CCC6C5CCC5(C)C6CC(OC6OC(COC7OC(CO)C(O)C(O)C7OC7OC(CO)C(O)C(O)C7O)C(O)C(O)C6O)C5C(C)=O)C4)C(O)C3OC)CC2OC)OC(C)C1OC(=O)C=C(C)C,1,"InChI=1S/C65H104O29/c1-26(2)18-42(69)91-55-28(4)83-43(21-37(55)79-9)92-56-29(5)84-44(22-38(56)80-10)93-57-30(6)85-62(54(78)58(57)81-11)86-32-14-16-64(7)31(19-32)12-13-33-34(64)15-17-65(8)35(33)20-36(45(65)27(3)68)87-60-52(76)50(74)48(72)41(90-60)25-82-63-59(51(75)47(71)40(24-67)89-63)94-61-53(77)49(73)46(70)39(23-66)88-61/h12,18,28-30,32-41,43-63,66-67,70-78H,13-17,19-25H2,1-11H3",1,Bad label
Nc1ccccc1C(=O)O,Nc1ccccc1C(=O)O,sour,sweet; sour (insufficient evidence),phytocompounds_db,1,Nc1ccccc1C(=O)O,3,"InChI=1S/C7H7NO2/c8-6-4-2-1-3-5(6)7(9)10/h1-4H,8H2,(H,9,10)",1,Bad label
O=C(/C=C/c1ccc2c(c1)OCO2)NCCc1ccc2c(c1)OCO2,O=C(/C=C/c1ccc2c(c1)OCO2)NCCc1ccc2c(c1)OCO2,sweet,bitter; sour; sweet; non-umami (negative evidence),phytocompounds_db,1,O=C(/C=C/c1ccc2c(c1)OCO2)NCCc1ccc2c(c1)OCO2,0,"InChI=1S/C19H17NO5/c21-19(6-3-13-1-4-15-17(9-13)24-11-22-15)20-8-7-14-2-5-16-18(10-14)25-12-23-16/h1-6,9-10H,7-8,11-12H2,(H,20,21)",1,Bad label
O=C(/C=C/c1ccc2c(c1)OCO2)NCCc1ccc2c(c1)OCO2,O=C(/C=C/c1ccc2c(c1)OCO2)NCCc1ccc2c(c1)OCO2,bitter,bitter; sour; sweet; non-umami (negative evidence),phytocompounds_db,1,O=C(/C=C/c1ccc2c(c1)OCO2)NCCc1ccc2c(c1)OCO2,1,"InChI=1S/C19H17NO5/c21-19(6-3-13-1-4-15-17(9-13)24-11-22-15)20-8-7-14-2-5-16-18(10-14)25-12-23-16/h1-6,9-10H,7-8,11-12H2,(H,20,21)",1,Bad label
O=C(/C=C/c1ccc2c(c1)OCO2)NCCc1ccc2c(c1)OCO2,O=C(/C=C/c1ccc2c(c1)OCO2)NCCc1ccc2c(c1)OCO2,sour,bitter; sour; sweet; non-umami (negative evidence),phytocompounds_db,1,O=C(/C=C/c1ccc2c(c1)OCO2)NCCc1ccc2c(c1)OCO2,3,"InChI=1S/C19H17NO5/c21-19(6-3-13-1-4-15-17(9-13)24-11-22-15)20-8-7-14-2-5-16-18(10-14)25-12-23-16/h1-6,9-10H,7-8,11-12H2,(H,20,21)",1,Bad label
O=C(O)C=Cc1ccc(O)c(O)c1,O=C(O)C=Cc1ccc(O)c(O)c1,sweet,"bitter (contradictory evidence): bitter, non bitter; sour; astringent, sweet (insufficient evidence)",phytocompounds_db,1,O=C(O)C=Cc1ccc(O)c(O)c1,0,"InChI=1S/C9H8O4/c10-7-3-1-6(5-8(7)11)2-4-9(12)13/h1-5,10-11H,(H,12,13)",1,Bad label
O=C(O)C=Cc1ccc(O)c(O)c1,O=C(O)C=Cc1ccc(O)c(O)c1,sour,"bitter (contradictory evidence): bitter, non bitter; sour; astringent, sweet (insufficient evidence)",phytocompounds_db,1,O=C(O)C=Cc1ccc(O)c(O)c1,3,"InChI=1S/C9H8O4/c10-7-3-1-6(5-8(7)11)2-4-9(12)13/h1-5,10-11H,(H,12,13)",1,Bad label
O=C(O)c1cc(O)c(O)c(O)c1,O=C(O)c1cc(O)c(O)c(O)c1,sweet,astringent; bitter; sour (insufficient evidence); sweet (insufficient evidence),phytocompounds_db,1,O=C(O)c1cc(O)c(O)c(O)c1,0,"InChI=1S/C7H6O5/c8-4-1-3(7(11)12)2-5(9)6(4)10/h1-2,8-10H,(H,11,12)",1,Bad label
O=C(O)c1cc(O)c(O)c(O)c1,O=C(O)c1cc(O)c(O)c(O)c1,sour,astringent; bitter; sour (insufficient evidence); sweet (insufficient evidence),phytocompounds_db,1,O=C(O)c1cc(O)c(O)c(O)c1,3,"InChI=1S/C7H6O5/c8-4-1-3(7(11)12)2-5(9)6(4)10/h1-2,8-10H,(H,11,12)",1,Bad label
O=C(O)c1ccc(O)c(O)c1,O=C(O)c1ccc(O)c(O)c1,sweet,"astringent; bitter (contradictory evidence): bitter, non bitter; sour; sweet",phytocompounds_db,1,O=C(O)c1ccc(O)c(O)c1,0,"InChI=1S/C7H6O4/c8-5-2-1-4(7(10)11)3-6(5)9/h1-3,8-9H,(H,10,11)",1,Bad label
O=C(O)c1ccc(O)c(O)c1,O=C(O)c1ccc(O)c(O)c1,sour,"astringent; bitter (contradictory evidence): bitter, non bitter; sour; sweet",phytocompounds_db,1,O=C(O)c1ccc(O)c(O)c1,3,"InChI=1S/C7H6O4/c8-5-2-1-4(7(10)11)3-6(5)9/h1-3,8-9H,(H,10,11)",1,Bad label
O=C(O)c1ccc(O)cc1,O=C(O)c1ccc(O)cc1,bitter,"astringent; bitter (contradictory evidence): bitter, non bitter; sour",phytocompounds_db,1,O=C(O)c1ccc(O)cc1,1,"InChI=1S/C7H6O3/c8-6-3-1-5(2-4-6)7(9)10/h1-4,8H,(H,9,10)",1,Bad label
O=C(O)c1ccc(O)cc1,O=C(O)c1ccc(O)cc1,sour,"astringent; bitter (contradictory evidence): bitter, non bitter; sour",phytocompounds_db,1,O=C(O)c1ccc(O)cc1,3,"InChI=1S/C7H6O3/c8-6-3-1-5(2-4-6)7(9)10/h1-4,8H,(H,9,10)",1,Bad label
O=C(O)c1ccccc1,O=C(O)c1ccccc1,sweet,pungent; sour; bitter (insufficient evidence) (counterevidence); sweet,phytocompounds_db,1,O=C(O)c1ccccc1,0,"InChI=1S/C7H6O2/c8-7(9)6-4-2-1-3-5-6/h1-5H,(H,8,9)",1,Bad label
O=C(O)c1ccccc1,O=C(O)c1ccccc1,bitter,pungent; sour; bitter (insufficient evidence) (counterevidence); sweet,phytocompounds_db,1,O=C(O)c1ccccc1,1,"InChI=1S/C7H6O2/c8-7(9)6-4-2-1-3-5-6/h1-5H,(H,8,9)",1,Bad label
O=C(O)C1CCCN1,O=C(O)C1CCCN1,bitter,"sweet, bitter, salty (insufficient evidence), sour (insufficient evidence)",phytocompounds_db,1,O=C(O)C1CCCN1,1,"InChI=1S/C5H9NO2/c7-5(8)4-2-1-3-6-4/h4,6H,1-3H2,(H,7,8)",1,Bad label
O=C(O)C1CCCN1,O=C(O)C1CCCN1,sour,"sweet, bitter, salty (insufficient evidence), sour (insufficient evidence)",phytocompounds_db,1,O=C(O)C1CCCN1,3,"InChI=1S/C5H9NO2/c7-5(8)4-2-1-3-6-4/h4,6H,1-3H2,(H,7,8)",1,Bad label
O=C(O)CCC(=O)O,O=C(O)CCC(=O)O,bitter,"sour; astringent; bitter (contradictory evidence): bitter, not-bitter; umami; salty",phytocompounds_db,1,O=C(O)CCC(=O)O,1,"InChI=1S/C4H6O4/c5-3(6)1-2-4(7)8/h1-2H2,(H,5,6)(H,7,8)",1,Bad label
O=c1c(O)c(-c2ccccc2)oc2ccccc12,O=c1c(O)c(-c2ccccc2)oc2ccccc12,undefined,Bitter (insufficient evidence),phytocompounds_db,1,O=c1c(O)c(-c2ccccc2)oc2ccccc12,4,"InChI=1S/C15H10O3/c16-13-11-8-4-5-9-12(11)18-15(14(13)17)10-6-2-1-3-7-10/h1-9,17H",1,Bad label
Oc1cc(O)c2c(c1)OC(c1cc(O)c(O)c(O)c1)C(O)C2,Oc1cc(O)c2c(c1)OC(c1cc(O)c(O)c(O)c1)C(O)C2,sweet,bitter; astringent; non-astringent; sweet (aftertaste) (insufficient evidence),phytocompounds_db,1,Oc1cc(O)c2c(c1)OC(c1cc(O)c(O)c(O)c1)C(O)C2,0,"InChI=1S/C15H14O7/c16-7-3-9(17)8-5-12(20)15(22-13(8)4-7)6-1-10(18)14(21)11(19)2-6/h1-4,12,15-21H,5H2",1,Bad label
Oc1cc(O)c2c(c1)OC(c1ccc(O)c(O)c1)C(O)C2,Oc1cc(O)c2c(c1)OC(c1ccc(O)c(O)c1)C(O)C2,sweet,bitter; astringent; non-astringent; sweet (aftertaste) (insufficient evidence);,phytocompounds_db,1,Oc1cc(O)c2c(c1)OC(c1ccc(O)c(O)c1)C(O)C2,0,"InChI=1S/C15H14O6/c16-8-4-11(18)9-6-13(20)15(21-14(9)5-8)7-1-2-10(17)12(19)3-7/h1-5,13,15-20H,6H2",1,Bad label
OC1COC(O)C(O)C1O,OC1COC(O)C(O)C1O,bitter,sweet; non bitter,phytocompounds_db,1,OC1COC(O)C(O)C1O,1,"InChI=1S/C5H10O5/c6-2-1-10-5(9)4(8)3(2)7/h2-9H,1H2",1,Bad label
C[N+](C)(C)CC(=O)[O-],C[N+](C)(C)CC(=O)[O-],undefined,bland,flavor_db,1,C[N+](C)(C)CC(=O)[O-],4,"InChI=1S/C5H11NO2/c1-6(2,3)4-5(7)8/h4H2,1-3H3",0,Non-unique SMILES
C[N+](C)(C)CC(=O)[O-],C[N+](C)(C)CC(=O)[O-],sweet,sweet; umami,phytocompounds_db,1,C[N+](C)(C)CC(=O)[O-],0,"InChI=1S/C5H11NO2/c1-6(2,3)4-5(7)8/h4H2,1-3H3",0,Non-unique SMILES
C[N+](C)(C)CC(=O)[O-],C[N+](C)(C)CC(=O)[O-],umami,sweet; umami,phytocompounds_db,1,C[N+](C)(C)CC(=O)[O-],2,"InChI=1S/C5H11NO2/c1-6(2,3)4-5(7)8/h4H2,1-3H3",0,Non-unique SMILES
C[N+]1(C)CCCC1C(=O)[O-],C[N+]1(C)CCCC1C(=O)[O-],sweet,sweet; bitter,phytocompounds_db,1,C[N+]1(C)CCCC1C(=O)[O-],0,"InChI=1S/C7H13NO2/c1-8(2)5-3-4-6(8)7(9)10/h6H,3-5H2,1-2H3",0,Non-unique SMILES
C[N+]1(C)CCCC1C(=O)[O-],C[N+]1(C)CCCC1C(=O)[O-],bitter,sweet; bitter,phytocompounds_db,1,C[N+]1(C)CCCC1C(=O)[O-],1,"InChI=1S/C7H13NO2/c1-8(2)5-3-4-6(8)7(9)10/h6H,3-5H2,1-2H3",0,Non-unique SMILES
C/C(=C\CO)CCC1=C(CO)CC(OC2OCC(O)C(O)C2O)C2C(C)(CO)CCCC12C,C/C(=C\CO)CCC1=C(CO)CC(OC2OCC(O)C(O)C2O)C2C(C)(CO)CCCC12C,sweet,sweet; bitter,phytocompounds_db,1,C/C(=C\CO)CCC1=C(CO)CC(OC2OCC(O)C(O)C2O)C2C(C)(CO)CCCC12C,0,"InChI=1S/C25H42O8/c1-15(7-10-26)5-6-17-16(12-27)11-19(33-23-21(31)20(30)18(29)13-32-23)22-24(2,14-28)8-4-9-25(17,22)3/h7,18-23,26-31H,4-6,8-14H2,1-3H3",0,Non-unique SMILES
C/C(=C\CO)CCC1=C(CO)CC(OC2OCC(O)C(O)C2O)C2C(C)(CO)CCCC12C,C/C(=C\CO)CCC1=C(CO)CC(OC2OCC(O)C(O)C2O)C2C(C)(CO)CCCC12C,bitter,sweet; bitter,phytocompounds_db,1,C/C(=C\CO)CCC1=C(CO)CC(OC2OCC(O)C(O)C2O)C2C(C)(CO)CCCC12C,1,"InChI=1S/C25H42O8/c1-15(7-10-26)5-6-17-16(12-27)11-19(33-23-21(31)20(30)18(29)13-32-23)22-24(2,14-28)8-4-9-25(17,22)3/h7,18-23,26-31H,4-6,8-14H2,1-3H3",0,Non-unique SMILES
C/C(=C\CO)CCC1C(C)(O)CC(OC2OCC(O)C(O)C2O)C2C(C)(C)CC(O)CC21C,C/C(=C\CO)CCC1C(C)(O)CC(OC2OCC(O)C(O)C2O)C2C(C)(C)CC(O)CC21C,sweet,sweet; bitter,phytocompounds_db,1,C/C(=C\CO)CCC1C(C)(O)CC(OC2OCC(O)C(O)C2O)C2C(C)(C)CC(O)CC21C,0,"InChI=1S/C25H44O8/c1-14(8-9-26)6-7-18-24(4)11-15(27)10-23(2,3)21(24)17(12-25(18,5)31)33-22-20(30)19(29)16(28)13-32-22/h8,15-22,26-31H,6-7,9-13H2,1-5H3",0,Non-unique SMILES
C/C(=C\CO)CCC1C(C)(O)CC(OC2OCC(O)C(O)C2O)C2C(C)(C)CC(O)CC21C,C/C(=C\CO)CCC1C(C)(O)CC(OC2OCC(O)C(O)C2O)C2C(C)(C)CC(O)CC21C,bitter,sweet; bitter,phytocompounds_db,1,C/C(=C\CO)CCC1C(C)(O)CC(OC2OCC(O)C(O)C2O)C2C(C)(C)CC(O)CC21C,1,"InChI=1S/C25H44O8/c1-14(8-9-26)6-7-18-24(4)11-15(27)10-23(2,3)21(24)17(12-25(18,5)31)33-22-20(30)19(29)16(28)13-32-22/h8,15-22,26-31H,6-7,9-13H2,1-5H3",0,Non-unique SMILES
C#N,C#N,undefined,"Bitter/Burning, Multitaste",chemtastes_db,1,C#N,4,InChI=1S/CHN/c1-2/h1H,0,Non-unique SMILES
C#N,C#N,bitter,bitter,flavor_db,1,C#N,1,InChI=1S/CHN/c1-2/h1H,0,Non-unique SMILES
C=C(C)C1CC(=O)C2(C)OC2C1,C=C(C)C1CC(=O)C2(C)OC2C1,undefined,"minty, spearmint",flavor_db,1,C=C(C)C1CC(=O)C2(C)OC2C1,4,"InChI=1S/C10H14O2/c1-6(2)7-4-8(11)10(3)9(5-7)12-10/h7,9H,1,4-5H2,2-3H3",0,Non-unique SMILES
C=C(C)C1CC(=O)C2(C)OC2C1,C=C(C)C1CC(=O)C2(C)OC2C1,sweet,"mint, caraway, sweet, spearmint, spicy",flavor_db,1,C=C(C)C1CC(=O)C2(C)OC2C1,0,"InChI=1S/C10H14O2/c1-6(2)7-4-8(11)10(3)9(5-7)12-10/h7,9H,1,4-5H2,2-3H3",0,Non-unique SMILES
C=C(C)C1CC=C(C)C(=O)C1,C=C(C)C1CC=C(C)C(=O)C1,undefined,"mint, licorice, fennel, basil, minty",flavor_db,1,C=C(C)C1CC=C(C)C(=O)C1,4,"InChI=1S/C10H14O/c1-7(2)9-5-4-8(3)10(11)6-9/h4-5,8-9H,1,6H2,2-3H3",0,Non-unique SMILES
C=C(C)C1CC=C(C)C(=O)C1,C=C(C)C1CC=C(C)C(=O)C1,sweet,"mint, herbal, sweet, minty, spearmint",flavor_db,1,C=C(C)C1CC=C(C)C(=O)C1,0,"InChI=1S/C10H14O/c1-7(2)9-5-4-8(3)10(11)6-9/h4-5,8-9H,1,6H2,2-3H3",0,Non-unique SMILES
C=C(C)C1CC=C(C)CC1,C=C(C)C1CC=C(C)CC1,sweet,"Sweet, Sweetness",chemtastes_db,1,C=C(C)C1CC=C(C)CC1,0,"InChI=1S/C10H16/c1-8(2)10-6-4-9(3)5-7-10/h4,10H,1,5-7H2,2-3H3",0,Non-unique SMILES
C=C(C)C1CC=C(C)CC1,C=C(C)C1CC=C(C)CC1,undefined,"lemon, citrus, orange, herbal, woody, terpene, citric, camphor",flavor_db,1,C=C(C)C1CC=C(C)CC1,4,"InChI=1S/C10H16/c1-8(2)10-6-4-9(3)5-7-10/h4,10H,1,5-7H2,2-3H3",0,Non-unique SMILES
C=C(C)C1CC=C(C)CC1,C=C(C)C1CC=C(C)CC1,bitter,bitter; sweet;,phytocompounds_db,1,C=C(C)C1CC=C(C)CC1,1,"InChI=1S/C10H16/c1-8(2)10-6-4-9(3)5-7-10/h4,10H,1,5-7H2,2-3H3",0,Non-unique SMILES
C=C(C)C1CC=C(C=NO)CC1,C=C(C)C1CC=C(C=NO)CC1,sweet,"Sweet(11); Sweet/Bitter, Sweetness",chemtastes_db,1,C=C(C)C1CC=C(C=NO)CC1,0,"InChI=1S/C10H15NO/c1-8(2)10-5-3-9(4-6-10)7-11-12/h3,7,10,12H,1,4-6H2,2H3",0,Non-unique SMILES
C=C(C)C1CC=C(C=NO)CC1,C=C(C)C1CC=C(C=NO)CC1,bitter,sweet; bitter; sour,phytocompounds_db,1,C=C(C)C1CC=C(C=NO)CC1,1,"InChI=1S/C10H15NO/c1-8(2)10-5-3-9(4-6-10)7-11-12/h3,7,10,12H,1,4-6H2,2H3",0,Non-unique SMILES
C=C(C)C1CC=C(C=NO)CC1,C=C(C)C1CC=C(C=NO)CC1,sour,sweet; bitter; sour,phytocompounds_db,1,C=C(C)C1CC=C(C=NO)CC1,3,"InChI=1S/C10H15NO/c1-8(2)10-5-3-9(4-6-10)7-11-12/h3,7,10,12H,1,4-6H2,2H3",0,Non-unique SMILES
C=C(C)CCCC(C)CCOC(=O)CC(C)C,C=C(C)CCCC(C)CCOC(=O)CC(C)C,undefined,"Bitter/Sweet, Multitaste",chemtastes_db,1,C=C(C)CCCC(C)CCOC(=O)CC(C)C,4,"InChI=1S/C15H28O2/c1-12(2)7-6-8-14(5)9-10-17-15(16)11-13(3)4/h13-14H,1,6-11H2,2-5H3",0,Non-unique SMILES
C=C(C)CCCC(C)CCOC(=O)CC(C)C,C=C(C)CCCC(C)CCOC(=O)CC(C)C,bitter,"red rose, bitter, sensual",flavor_db,1,C=C(C)CCCC(C)CCOC(=O)CC(C)C,1,"InChI=1S/C15H28O2/c1-12(2)7-6-8-14(5)9-10-17-15(16)11-13(3)4/h13-14H,1,6-11H2,2-5H3",0,Non-unique SMILES
C=C(C)CCCC(C)CCOC(=O)CC(C)C,C=C(C)CCCC(C)CCOC(=O)CC(C)C,sweet,"Bitter/Sweet, Multitaste",chemtastes_db,1,C=C(C)CCCC(C)CCOC(=O)CC(C)C,0,"InChI=1S/C15H28O2/c1-12(2)7-6-8-14(5)9-10-17-15(16)11-13(3)4/h13-14H,1,6-11H2,2-5H3",0,Non-unique SMILES
C=C(C)CCCC(C)CCOC=O,C=C(C)CCCC(C)CCOC=O,undefined,"Bitter/Sweet, Multitaste",chemtastes_db,1,C=C(C)CCCC(C)CCOC=O,4,"InChI=1S/C11H20O2/c1-10(2)5-4-6-11(3)7-8-13-9-12/h9,11H,1,4-8H2,2-3H3",0,Non-unique SMILES
C=C(C)CCCC(C)CCOC=O,C=C(C)CCCC(C)CCOC=O,bitter,"leaf, geranium, green, floral, bitter, rose dried",flavor_db,1,C=C(C)CCCC(C)CCOC=O,1,"InChI=1S/C11H20O2/c1-10(2)5-4-6-11(3)7-8-13-9-12/h9,11H,1,4-8H2,2-3H3",0,Non-unique SMILES
C=C(C)CCCC(C)CCOC=O,C=C(C)CCCC(C)CCOC=O,sweet,"Bitter/Sweet, Multitaste",chemtastes_db,1,C=C(C)CCCC(C)CCOC=O,0,"InChI=1S/C11H20O2/c1-10(2)5-4-6-11(3)7-8-13-9-12/h9,11H,1,4-8H2,2-3H3",0,Non-unique SMILES
C=C1C(=O)C23CC1CC(O)C2C1(COC(C)=O)C(CCC(C)(C)C1C=O)OC3=O,C=C1C(=O)C23CC1CC(O)C2C1(COC(C)=O)C(CCC(C)(C)C1C=O)OC3=O,bitter,"Bitter, Bitterness",chemtastes_db,1,C=C1C(=O)C23CC1CC(O)C2C1(COC(C)=O)C(CCC(C)(C)C1C=O)OC3=O,1,"InChI=1S/C22H28O7/c1-11-13-7-14(25)17-21(8-13,18(11)26)19(27)29-16-5-6-20(3,4)15(9-23)22(16,17)10-28-12(2)24/h9,13-17,25H,1,5-8,10H2,2-4H3",0,Non-unique SMILES
C=C1C(=O)C23CC1CC(O)C2C1(COC(C)=O)C(CCC(C)(C)C1C=O)OC3=O,C=C1C(=O)C23CC1CC(O)C2C1(COC(C)=O)C(CCC(C)(C)C1C=O)OC3=O,undefined,"Tasteless, Tastelessness",chemtastes_db,1,C=C1C(=O)C23CC1CC(O)C2C1(COC(C)=O)C(CCC(C)(C)C1C=O)OC3=O,4,"InChI=1S/C22H28O7/c1-11-13-7-14(25)17-21(8-13,18(11)26)19(27)29-16-5-6-20(3,4)15(9-23)22(16,17)10-28-12(2)24/h9,13-17,25H,1,5-8,10H2,2-4H3",0,Non-unique SMILES
C=C1CC23CCC4C(C)(C(=O)O)CCCC4(C)C2CCC1(OC1OC(CO)C(O)C(O)C1OC1OC(CO)C(O)C(O)C1O)C3,C=C1CC23CCC4C(C)(C(=O)O)CCCC4(C)C2CCC1(OC1OC(CO)C(O)C(O)C1OC1OC(CO)C(O)C(O)C1O)C3,sweet,"Sweet(4); Bitter, Sweetness",chemtastes_db,1,C=C1CC23CCC4C(C)(C(=O)O)CCCC4(C)C2CCC1(OC1OC(CO)C(O)C(O)C1OC1OC(CO)C(O)C(O)C1O)C3,0,"InChI=1S/C32H50O13/c1-15-11-31-9-5-18-29(2,7-4-8-30(18,3)28(40)41)19(31)6-10-32(15,14-31)45-27-25(23(38)21(36)17(13-34)43-27)44-26-24(39)22(37)20(35)16(12-33)42-26/h16-27,33-39H,1,4-14H2,2-3H3,(H,40,41)",0,Non-unique SMILES
C=C1CC23CCC4C(C)(C(=O)O)CCCC4(C)C2CCC1(OC1OC(CO)C(O)C(O)C1OC1OC(CO)C(O)C(O)C1O)C3,C=C1CC23CCC4C(C)(C(=O)O)CCCC4(C)C2CCC1(OC1OC(CO)C(O)C(O)C1OC1OC(CO)C(O)C(O)C1O)C3,bitter,Ligand to Tas2 Receptor,tas2r_agonists,1,C=C1CC23CCC4C(C)(C(=O)O)CCCC4(C)C2CCC1(OC1OC(CO)C(O)C(O)C1OC1OC(CO)C(O)C(O)C1O)C3,1,"InChI=1S/C32H50O13/c1-15-11-31-9-5-18-29(2,7-4-8-30(18,3)28(40)41)19(31)6-10-32(15,14-31)45-27-25(23(38)21(36)17(13-34)43-27)44-26-24(39)22(37)20(35)16(12-33)42-26/h16-27,33-39H,1,4-14H2,2-3H3,(H,40,41)",0,Non-unique SMILES
C=C1CC23CCC4C(C)(C(=O)O)CCCC4(C)C2CCC1(OC1OC(CO)C(O)C(OC2OC(CO)C(O)C(O)C2O)C1OC1OC(CO)C(O)C(O)C1O)C3,C=C1CC23CCC4C(C)(C(=O)O)CCCC4(C)C2CCC1(OC1OC(CO)C(O)C(OC2OC(CO)C(O)C(O)C2O)C1OC1OC(CO)C(O)C(O)C1O)C3,sweet,"Sweet(4); Bitter, Sweetness",chemtastes_db,1,C=C1CC23CCC4C(C)(C(=O)O)CCCC4(C)C2CCC1(OC1OC(CO)C(O)C(OC2OC(CO)C(O)C(O)C2O)C1OC1OC(CO)C(O)C(O)C1O)C3,0,"InChI=1S/C38H60O18/c1-16-11-37-9-5-20-35(2,7-4-8-36(20,3)34(49)50)21(37)6-10-38(16,15-37)56-33-30(55-32-28(48)26(46)23(43)18(13-40)52-32)29(24(44)19(14-41)53-33)54-31-27(47)25(45)22(42)17(12-39)51-31/h17-33,39-48H,1,4-15H2,2-3H3,(H,49,50)",0,Non-unique SMILES
C=C1CC23CCC4C(C)(C(=O)O)CCCC4(C)C2CCC1(OC1OC(CO)C(O)C(OC2OC(CO)C(O)C(O)C2O)C1OC1OC(CO)C(O)C(O)C1O)C3,C=C1CC23CCC4C(C)(C(=O)O)CCCC4(C)C2CCC1(OC1OC(CO)C(O)C(OC2OC(CO)C(O)C(O)C2O)C1OC1OC(CO)C(O)C(O)C1O)C3,bitter,Ligand to Tas2 Receptor,tas2r_agonists,1,C=C1CC23CCC4C(C)(C(=O)O)CCCC4(C)C2CCC1(OC1OC(CO)C(O)C(OC2OC(CO)C(O)C(O)C2O)C1OC1OC(CO)C(O)C(O)C1O)C3,1,"InChI=1S/C38H60O18/c1-16-11-37-9-5-20-35(2,7-4-8-36(20,3)34(49)50)21(37)6-10-38(16,15-37)56-33-30(55-32-28(48)26(46)23(43)18(13-40)52-32)29(24(44)19(14-41)53-33)54-31-27(47)25(45)22(42)17(12-39)51-31/h17-33,39-48H,1,4-15H2,2-3H3,(H,49,50)",0,Non-unique SMILES
C=C1CC23CCC4C(C)(C(=O)OC5OC(CO)C(O)C(O)C5O)CCCC4(C)C2CCC1(OC1OC(CO)C(O)C(O)C1O)C3,C=C1CC23CCC4C(C)(C(=O)OC5OC(CO)C(O)C(O)C5O)CCCC4(C)C2CCC1(OC1OC(CO)C(O)C(O)C1O)C3,sweet,"Sweet(5); Bitter, Sweetness",chemtastes_db,1,C=C1CC23CCC4C(C)(C(=O)OC5OC(CO)C(O)C(O)C5O)CCCC4(C)C2CCC1(OC1OC(CO)C(O)C(O)C1O)C3,0,"InChI=1S/C32H50O13/c1-15-11-31-9-5-18-29(2,7-4-8-30(18,3)28(41)44-26-24(39)22(37)20(35)16(12-33)42-26)19(31)6-10-32(15,14-31)45-27-25(40)23(38)21(36)17(13-34)43-27/h16-27,33-40H,1,4-14H2,2-3H3",0,Non-unique SMILES
C=C1CC23CCC4C(C)(C(=O)OC5OC(CO)C(O)C(O)C5O)CCCC4(C)C2CCC1(OC1OC(CO)C(O)C(O)C1O)C3,C=C1CC23CCC4C(C)(C(=O)OC5OC(CO)C(O)C(O)C5O)CCCC4(C)C2CCC1(OC1OC(CO)C(O)C(O)C1O)C3,bitter,Ligand to Tas2 Receptor,tas2r_agonists,1,C=C1CC23CCC4C(C)(C(=O)OC5OC(CO)C(O)C(O)C5O)CCCC4(C)C2CCC1(OC1OC(CO)C(O)C(O)C1O)C3,1,"InChI=1S/C32H50O13/c1-15-11-31-9-5-18-29(2,7-4-8-30(18,3)28(41)44-26-24(39)22(37)20(35)16(12-33)42-26)19(31)6-10-32(15,14-31)45-27-25(40)23(38)21(36)17(13-34)43-27/h16-27,33-40H,1,4-14H2,2-3H3",0,Non-unique SMILES
C=C1CC23CCC4C(C)(C(=O)OC5OC(CO)C(O)C(O)C5O)CCCC4(C)C2CCC1(OC1OC(CO)C(O)C(O)C1OC1OC(C)C(O)C(O)C1O)C3,C=C1CC23CCC4C(C)(C(=O)OC5OC(CO)C(O)C(O)C5O)CCCC4(C)C2CCC1(OC1OC(CO)C(O)C(O)C1OC1OC(C)C(O)C(O)C1O)C3,sweet,"Sweet(4); Bitter, Sweetness",chemtastes_db,1,C=C1CC23CCC4C(C)(C(=O)OC5OC(CO)C(O)C(O)C5O)CCCC4(C)C2CCC1(OC1OC(CO)C(O)C(O)C1OC1OC(C)C(O)C(O)C1O)C3,0,"InChI=1S/C38H60O17/c1-16-12-37-10-6-20-35(3,8-5-9-36(20,4)34(49)54-32-29(48)26(45)23(42)18(13-39)51-32)21(37)7-11-38(16,15-37)55-33-30(27(46)24(43)19(14-40)52-33)53-31-28(47)25(44)22(41)17(2)50-31/h17-33,39-48H,1,5-15H2,2-4H3",0,Non-unique SMILES
C=C1CC23CCC4C(C)(C(=O)OC5OC(CO)C(O)C(O)C5O)CCCC4(C)C2CCC1(OC1OC(CO)C(O)C(O)C1OC1OC(C)C(O)C(O)C1O)C3,C=C1CC23CCC4C(C)(C(=O)OC5OC(CO)C(O)C(O)C5O)CCCC4(C)C2CCC1(OC1OC(CO)C(O)C(O)C1OC1OC(C)C(O)C(O)C1O)C3,bitter,Ligand to Tas2 Receptor,tas2r_agonists,1,C=C1CC23CCC4C(C)(C(=O)OC5OC(CO)C(O)C(O)C5O)CCCC4(C)C2CCC1(OC1OC(CO)C(O)C(O)C1OC1OC(C)C(O)C(O)C1O)C3,1,"InChI=1S/C38H60O17/c1-16-12-37-10-6-20-35(3,8-5-9-36(20,4)34(49)54-32-29(48)26(45)23(42)18(13-39)51-32)21(37)7-11-38(16,15-37)55-33-30(27(46)24(43)19(14-40)52-33)53-31-28(47)25(44)22(41)17(2)50-31/h17-33,39-48H,1,5-15H2,2-4H3",0,Non-unique SMILES
C=C1CC23CCC4C(C)(C(=O)OC5OC(CO)C(O)C(O)C5O)CCCC4(C)C2CCC1(OC1OC(CO)C(O)C(O)C1OC1OC(CO)C(O)C(O)C1O)C3,C=C1CC23CCC4C(C)(C(=O)OC5OC(CO)C(O)C(O)C5O)CCCC4(C)C2CCC1(OC1OC(CO)C(O)C(O)C1OC1OC(CO)C(O)C(O)C1O)C3,sweet,"Sweet(12); Bitter, Sweetness",chemtastes_db,1,C=C1CC23CCC4C(C)(C(=O)OC5OC(CO)C(O)C(O)C5O)CCCC4(C)C2CCC1(OC1OC(CO)C(O)C(O)C1OC1OC(CO)C(O)C(O)C1O)C3,0,"InChI=1S/C38H60O18/c1-16-11-37-9-5-20-35(2,7-4-8-36(20,3)34(50)55-32-29(49)26(46)23(43)18(13-40)52-32)21(37)6-10-38(16,15-37)56-33-30(27(47)24(44)19(14-41)53-33)54-31-28(48)25(45)22(42)17(12-39)51-31/h17-33,39-49H,1,4-15H2,2-3H3",0,Non-unique SMILES
C=C1CC23CCC4C(C)(C(=O)OC5OC(CO)C(O)C(O)C5O)CCCC4(C)C2CCC1(OC1OC(CO)C(O)C(O)C1OC1OC(CO)C(O)C(O)C1O)C3,C=C1CC23CCC4C(C)(C(=O)OC5OC(CO)C(O)C(O)C5O)CCCC4(C)C2CCC1(OC1OC(CO)C(O)C(O)C1OC1OC(CO)C(O)C(O)C1O)C3,bitter,Ligand to Tas2 Receptor,tas2r_agonists,1,C=C1CC23CCC4C(C)(C(=O)OC5OC(CO)C(O)C(O)C5O)CCCC4(C)C2CCC1(OC1OC(CO)C(O)C(O)C1OC1OC(CO)C(O)C(O)C1O)C3,1,"InChI=1S/C38H60O18/c1-16-11-37-9-5-20-35(2,7-4-8-36(20,3)34(50)55-32-29(49)26(46)23(43)18(13-40)52-32)21(37)6-10-38(16,15-37)56-33-30(27(47)24(44)19(14-41)53-33)54-31-28(48)25(45)22(42)17(12-39)51-31/h17-33,39-49H,1,4-15H2,2-3H3",0,Non-unique SMILES
C=C1CC23CCC4C(C)(C(=O)OC5OC(CO)C(O)C(O)C5O)CCCC4(C)C2CCC1(OC1OC(CO)C(O)C(OC2OC(CO)C(O)C(O)C2O)C1OC1OC(C)C(O)C(O)C1O)C3,C=C1CC23CCC4C(C)(C(=O)OC5OC(CO)C(O)C(O)C5O)CCCC4(C)C2CCC1(OC1OC(CO)C(O)C(OC2OC(CO)C(O)C(O)C2O)C1OC1OC(C)C(O)C(O)C1O)C3,sweet,"Sweet(4); Bitter, Sweetness",chemtastes_db,1,C=C1CC23CCC4C(C)(C(=O)OC5OC(CO)C(O)C(O)C5O)CCCC4(C)C2CCC1(OC1OC(CO)C(O)C(OC2OC(CO)C(O)C(O)C2O)C1OC1OC(C)C(O)C(O)C1O)C3,0,"InChI=1S/C44H70O22/c1-17-12-43-10-6-22-41(3,8-5-9-42(22,4)40(58)65-38-33(57)30(54)26(50)20(14-46)61-38)23(43)7-11-44(17,16-43)66-39-35(64-36-31(55)28(52)24(48)18(2)59-36)34(27(51)21(15-47)62-39)63-37-32(56)29(53)25(49)19(13-45)60-37/h18-39,45-57H,1,5-16H2,2-4H3",0,Non-unique SMILES
C=C1CC23CCC4C(C)(C(=O)OC5OC(CO)C(O)C(O)C5O)CCCC4(C)C2CCC1(OC1OC(CO)C(O)C(OC2OC(CO)C(O)C(O)C2O)C1OC1OC(C)C(O)C(O)C1O)C3,C=C1CC23CCC4C(C)(C(=O)OC5OC(CO)C(O)C(O)C5O)CCCC4(C)C2CCC1(OC1OC(CO)C(O)C(OC2OC(CO)C(O)C(O)C2O)C1OC1OC(C)C(O)C(O)C1O)C3,bitter,Ligand to Tas2 Receptor,tas2r_agonists,1,C=C1CC23CCC4C(C)(C(=O)OC5OC(CO)C(O)C(O)C5O)CCCC4(C)C2CCC1(OC1OC(CO)C(O)C(OC2OC(CO)C(O)C(O)C2O)C1OC1OC(C)C(O)C(O)C1O)C3,1,"InChI=1S/C44H70O22/c1-17-12-43-10-6-22-41(3,8-5-9-42(22,4)40(58)65-38-33(57)30(54)26(50)20(14-46)61-38)23(43)7-11-44(17,16-43)66-39-35(64-36-31(55)28(52)24(48)18(2)59-36)34(27(51)21(15-47)62-39)63-37-32(56)29(53)25(49)19(13-45)60-37/h18-39,45-57H,1,5-16H2,2-4H3",0,Non-unique SMILES
C=C1CC23CCC4C(C)(C(=O)OC5OC(CO)C(O)C(O)C5O)CCCC4(C)C2CCC1(OC1OC(CO)C(O)C(OC2OC(CO)C(O)C(O)C2O)C1OC1OC(CO)C(O)C(O)C1O)C3,C=C1CC23CCC4C(C)(C(=O)OC5OC(CO)C(O)C(O)C5O)CCCC4(C)C2CCC1(OC1OC(CO)C(O)C(OC2OC(CO)C(O)C(O)C2O)C1OC1OC(CO)C(O)C(O)C1O)C3,sweet,"Sweet(6); Bitter, Sweetness",chemtastes_db,1,C=C1CC23CCC4C(C)(C(=O)OC5OC(CO)C(O)C(O)C5O)CCCC4(C)C2CCC1(OC1OC(CO)C(O)C(OC2OC(CO)C(O)C(O)C2O)C1OC1OC(CO)C(O)C(O)C1O)C3,0,"InChI=1S/C44H70O23/c1-17-11-43-9-5-22-41(2,7-4-8-42(22,3)40(59)66-38-33(58)30(55)26(51)20(14-47)62-38)23(43)6-10-44(17,16-43)67-39-35(65-37-32(57)29(54)25(50)19(13-46)61-37)34(27(52)21(15-48)63-39)64-36-31(56)28(53)24(49)18(12-45)60-36/h18-39,45-58H,1,4-16H2,2-3H3",0,Non-unique SMILES
C=C1CC23CCC4C(C)(C(=O)OC5OC(CO)C(O)C(O)C5O)CCCC4(C)C2CCC1(OC1OC(CO)C(O)C(OC2OC(CO)C(O)C(O)C2O)C1OC1OC(CO)C(O)C(O)C1O)C3,C=C1CC23CCC4C(C)(C(=O)OC5OC(CO)C(O)C(O)C5O)CCCC4(C)C2CCC1(OC1OC(CO)C(O)C(OC2OC(CO)C(O)C(O)C2O)C1OC1OC(CO)C(O)C(O)C1O)C3,bitter,Ligand to Tas2 Receptor,tas2r_agonists,1,C=C1CC23CCC4C(C)(C(=O)OC5OC(CO)C(O)C(O)C5O)CCCC4(C)C2CCC1(OC1OC(CO)C(O)C(OC2OC(CO)C(O)C(O)C2O)C1OC1OC(CO)C(O)C(O)C1O)C3,1,"InChI=1S/C44H70O23/c1-17-11-43-9-5-22-41(2,7-4-8-42(22,3)40(59)66-38-33(58)30(55)26(51)20(14-47)62-38)23(43)6-10-44(17,16-43)67-39-35(65-37-32(57)29(54)25(50)19(13-46)61-37)34(27(52)21(15-48)63-39)64-36-31(56)28(53)24(49)18(12-45)60-36/h18-39,45-58H,1,4-16H2,2-3H3",0,Non-unique SMILES
C=C1CC23CCC4C(C)(C(=O)OC5OC(CO)C(O)C(O)C5O)CCCC4(C)C2CCC1(OC1OC(CO)C(O)C(OC2OC(CO)C(O)C(O)C2O)C1OC1OCC(O)C(O)C1O)C3,C=C1CC23CCC4C(C)(C(=O)OC5OC(CO)C(O)C(O)C5O)CCCC4(C)C2CCC1(OC1OC(CO)C(O)C(OC2OC(CO)C(O)C(O)C2O)C1OC1OCC(O)C(O)C1O)C3,sweet,"Sweet, Sweetness",chemtastes_db,1,C=C1CC23CCC4C(C)(C(=O)OC5OC(CO)C(O)C(O)C5O)CCCC4(C)C2CCC1(OC1OC(CO)C(O)C(OC2OC(CO)C(O)C(O)C2O)C1OC1OCC(O)C(O)C1O)C3,0,"InChI=1S/C43H68O22/c1-17-11-42-9-5-22-40(2,7-4-8-41(22,3)39(57)64-37-32(56)29(53)26(50)20(13-45)60-37)23(42)6-10-43(17,16-42)65-38-34(63-35-30(54)24(48)18(47)15-58-35)33(27(51)21(14-46)61-38)62-36-31(55)28(52)25(49)19(12-44)59-36/h18-38,44-56H,1,4-16H2,2-3H3",0,Non-unique SMILES
C=C1CC23CCC4C(C)(C(=O)OC5OC(CO)C(O)C(O)C5O)CCCC4(C)C2CCC1(OC1OC(CO)C(O)C(OC2OC(CO)C(O)C(O)C2O)C1OC1OCC(O)C(O)C1O)C3,C=C1CC23CCC4C(C)(C(=O)OC5OC(CO)C(O)C(O)C5O)CCCC4(C)C2CCC1(OC1OC(CO)C(O)C(OC2OC(CO)C(O)C(O)C2O)C1OC1OCC(O)C(O)C1O)C3,bitter,sweet; bitter,phytocompounds_db,1,C=C1CC23CCC4C(C)(C(=O)OC5OC(CO)C(O)C(O)C5O)CCCC4(C)C2CCC1(OC1OC(CO)C(O)C(OC2OC(CO)C(O)C(O)C2O)C1OC1OCC(O)C(O)C1O)C3,1,"InChI=1S/C43H68O22/c1-17-11-42-9-5-22-40(2,7-4-8-41(22,3)39(57)64-37-32(56)29(53)26(50)20(13-45)60-37)23(42)6-10-43(17,16-42)65-38-34(63-35-30(54)24(48)18(47)15-58-35)33(27(51)21(14-46)61-38)62-36-31(55)28(52)25(49)19(12-44)59-36/h18-38,44-56H,1,4-16H2,2-3H3",0,Non-unique SMILES
C=C1CC23CCC4C(C)(C(=O)OC5OC(CO)C(O)C(O)C5OC5OC(CO)C(O)C(O)C5O)CCCC4(C)C2CCC1(OC1OC(CO)C(O)C(O)C1OC1OC(CO)C(O)C(O)C1O)C3,C=C1CC23CCC4C(C)(C(=O)OC5OC(CO)C(O)C(O)C5OC5OC(CO)C(O)C(O)C5O)CCCC4(C)C2CCC1(OC1OC(CO)C(O)C(O)C1OC1OC(CO)C(O)C(O)C1O)C3,sweet,"Sweet, Sweetness",chemtastes_db,1,C=C1CC23CCC4C(C)(C(=O)OC5OC(CO)C(O)C(O)C5OC5OC(CO)C(O)C(O)C5O)CCCC4(C)C2CCC1(OC1OC(CO)C(O)C(O)C1OC1OC(CO)C(O)C(O)C1O)C3,0,"InChI=1S/C44H70O23/c1-17-11-43-9-5-22-41(2,7-4-8-42(22,3)40(59)66-38-34(30(55)26(51)20(14-47)62-38)64-36-32(57)28(53)24(49)18(12-45)60-36)23(43)6-10-44(17,16-43)67-39-35(31(56)27(52)21(15-48)63-39)65-37-33(58)29(54)25(50)19(13-46)61-37/h18-39,45-58H,1,4-16H2,2-3H3",0,Non-unique SMILES
C=C1CC23CCC4C(C)(C(=O)OC5OC(CO)C(O)C(O)C5OC5OC(CO)C(O)C(O)C5O)CCCC4(C)C2CCC1(OC1OC(CO)C(O)C(O)C1OC1OC(CO)C(O)C(O)C1O)C3,C=C1CC23CCC4C(C)(C(=O)OC5OC(CO)C(O)C(O)C5OC5OC(CO)C(O)C(O)C5O)CCCC4(C)C2CCC1(OC1OC(CO)C(O)C(O)C1OC1OC(CO)C(O)C(O)C1O)C3,bitter,sweet; bitter,phytocompounds_db,1,C=C1CC23CCC4C(C)(C(=O)OC5OC(CO)C(O)C(O)C5OC5OC(CO)C(O)C(O)C5O)CCCC4(C)C2CCC1(OC1OC(CO)C(O)C(O)C1OC1OC(CO)C(O)C(O)C1O)C3,1,"InChI=1S/C44H70O23/c1-17-11-43-9-5-22-41(2,7-4-8-42(22,3)40(59)66-38-34(30(55)26(51)20(14-47)62-38)64-36-32(57)28(53)24(49)18(12-45)60-36)23(43)6-10-44(17,16-43)67-39-35(31(56)27(52)21(15-48)63-39)65-37-33(58)29(54)25(50)19(13-46)61-37/h18-39,45-58H,1,4-16H2,2-3H3",0,Non-unique SMILES
C=C1CC23CCC4C(C)(C(=O)OC5OC(CO)C(O)C(O)C5OC5OC(CO)C(O)C(O)C5O)CCCC4(C)C2CCC1(OC1OC(CO)C(O)C(OC2OC(CO)C(O)C(O)C2O)C1OC1OC(CO)C(O)C(O)C1O)C3,C=C1CC23CCC4C(C)(C(=O)OC5OC(CO)C(O)C(O)C5OC5OC(CO)C(O)C(O)C5O)CCCC4(C)C2CCC1(OC1OC(CO)C(O)C(OC2OC(CO)C(O)C(O)C2O)C1OC1OC(CO)C(O)C(O)C1O)C3,sweet,"Sweet(4); Bitter, Sweetness",chemtastes_db,1,C=C1CC23CCC4C(C)(C(=O)OC5OC(CO)C(O)C(O)C5OC5OC(CO)C(O)C(O)C5O)CCCC4(C)C2CCC1(OC1OC(CO)C(O)C(OC2OC(CO)C(O)C(O)C2O)C1OC1OC(CO)C(O)C(O)C1O)C3,0,"InChI=1S/C50H80O28/c1-18-11-49-9-5-24-47(2,7-4-8-48(24,3)46(68)77-44-39(34(64)29(59)22(15-54)72-44)75-42-36(66)32(62)27(57)20(13-52)70-42)25(49)6-10-50(18,17-49)78-45-40(76-43-37(67)33(63)28(58)21(14-53)71-43)38(30(60)23(16-55)73-45)74-41-35(65)31(61)26(56)19(12-51)69-41/h19-45,51-67H,1,4-17H2,2-3H3",0,Non-unique SMILES
C=C1CC23CCC4C(C)(C(=O)OC5OC(CO)C(O)C(O)C5OC5OC(CO)C(O)C(O)C5O)CCCC4(C)C2CCC1(OC1OC(CO)C(O)C(OC2OC(CO)C(O)C(O)C2O)C1OC1OC(CO)C(O)C(O)C1O)C3,C=C1CC23CCC4C(C)(C(=O)OC5OC(CO)C(O)C(O)C5OC5OC(CO)C(O)C(O)C5O)CCCC4(C)C2CCC1(OC1OC(CO)C(O)C(OC2OC(CO)C(O)C(O)C2O)C1OC1OC(CO)C(O)C(O)C1O)C3,bitter,sweet; bitter,phytocompounds_db,1,C=C1CC23CCC4C(C)(C(=O)OC5OC(CO)C(O)C(O)C5OC5OC(CO)C(O)C(O)C5O)CCCC4(C)C2CCC1(OC1OC(CO)C(O)C(OC2OC(CO)C(O)C(O)C2O)C1OC1OC(CO)C(O)C(O)C1O)C3,1,"InChI=1S/C50H80O28/c1-18-11-49-9-5-24-47(2,7-4-8-48(24,3)46(68)77-44-39(34(64)29(59)22(15-54)72-44)75-42-36(66)32(62)27(57)20(13-52)70-42)25(49)6-10-50(18,17-49)78-45-40(76-43-37(67)33(63)28(58)21(14-53)71-43)38(30(60)23(16-55)73-45)74-41-35(65)31(61)26(56)19(12-51)69-41/h19-45,51-67H,1,4-17H2,2-3H3",0,Non-unique SMILES
C=C1CC23CCC4C(C)(C(=O)OC5OC(CO)C(O)C(OC6OC(CO)C(O)C(O)C6O)C5OC5OC(CO)C(O)C(O)C5O)CCCC4(C)C2CCC1(OC1OC(CO)C(O)C(OC2OC(CO)C(O)C(O)C2O)C1OC1OC(CO)C(O)C(O)C1O)C3,C=C1CC23CCC4C(C)(C(=O)OC5OC(CO)C(O)C(OC6OC(CO)C(O)C(O)C6O)C5OC5OC(CO)C(O)C(O)C5O)CCCC4(C)C2CCC1(OC1OC(CO)C(O)C(OC2OC(CO)C(O)C(O)C2O)C1OC1OC(CO)C(O)C(O)C1O)C3,sweet,"Sweet, Sweetness",chemtastes_db,1,C=C1CC23CCC4C(C)(C(=O)OC5OC(CO)C(O)C(OC6OC(CO)C(O)C(O)C6O)C5OC5OC(CO)C(O)C(O)C5O)CCCC4(C)C2CCC1(OC1OC(CO)C(O)C(OC2OC(CO)C(O)C(O)C2O)C1OC1OC(CO)C(O)C(O)C1O)C3,0,"InChI=1S/C56H90O33/c1-19-11-55-9-5-26-53(2,7-4-8-54(26,3)52(77)88-50-44(86-48-40(75)36(71)30(65)22(14-59)80-48)42(32(67)24(16-61)82-50)84-46-38(73)34(69)28(63)20(12-57)78-46)27(55)6-10-56(19,18-55)89-51-45(87-49-41(76)37(72)31(66)23(15-60)81-49)43(33(68)25(17-62)83-51)85-47-39(74)35(70)29(64)21(13-58)79-47/h20-51,57-76H,1,4-18H2,2-3H3",0,Non-unique SMILES
C=C1CC23CCC4C(C)(C(=O)OC5OC(CO)C(O)C(OC6OC(CO)C(O)C(O)C6O)C5OC5OC(CO)C(O)C(O)C5O)CCCC4(C)C2CCC1(OC1OC(CO)C(O)C(OC2OC(CO)C(O)C(O)C2O)C1OC1OC(CO)C(O)C(O)C1O)C3,C=C1CC23CCC4C(C)(C(=O)OC5OC(CO)C(O)C(OC6OC(CO)C(O)C(O)C6O)C5OC5OC(CO)C(O)C(O)C5O)CCCC4(C)C2CCC1(OC1OC(CO)C(O)C(OC2OC(CO)C(O)C(O)C2O)C1OC1OC(CO)C(O)C(O)C1O)C3,bitter,sweet; bitter; astringent;,phytocompounds_db,1,C=C1CC23CCC4C(C)(C(=O)OC5OC(CO)C(O)C(OC6OC(CO)C(O)C(O)C6O)C5OC5OC(CO)C(O)C(O)C5O)CCCC4(C)C2CCC1(OC1OC(CO)C(O)C(OC2OC(CO)C(O)C(O)C2O)C1OC1OC(CO)C(O)C(O)C1O)C3,1,"InChI=1S/C56H90O33/c1-19-11-55-9-5-26-53(2,7-4-8-54(26,3)52(77)88-50-44(86-48-40(75)36(71)30(65)22(14-59)80-48)42(32(67)24(16-61)82-50)84-46-38(73)34(69)28(63)20(12-57)78-46)27(55)6-10-56(19,18-55)89-51-45(87-49-41(76)37(72)31(66)23(15-60)81-49)43(33(68)25(17-62)83-51)85-47-39(74)35(70)29(64)21(13-58)79-47/h20-51,57-76H,1,4-18H2,2-3H3",0,Non-unique SMILES
C=C1CCC=C(C)CCC2C1CC2(C)C,C=C1CCC=C(C)CCC2C1CC2(C)C,sweet,"spice, clove, sweet, woody, wood, dry",flavor_db,1,C=C1CCC=C(C)CCC2C1CC2(C)C,0,"InChI=1S/C15H24/c1-11-6-5-7-12(2)13-10-15(3,4)14(13)9-8-11/h6,13-14H,2,5,7-10H2,1,3-4H3",0,Non-unique SMILES
C=C1CCC=C(C)CCC2C1CC2(C)C,C=C1CCC=C(C)CCC2C1CC2(C)C,undefined,"wood, woody, spicy",flavor_db,1,C=C1CCC=C(C)CCC2C1CC2(C)C,4,"InChI=1S/C15H24/c1-11-6-5-7-12(2)13-10-15(3,4)14(13)9-8-11/h6,13-14H,2,5,7-10H2,1,3-4H3",0,Non-unique SMILES
C=C1CCC=C(C)CCC2C1CC2(C)C,C=C1CCC=C(C)CCC2C1CC2(C)C,bitter,bitter,phytocompounds_db,1,C=C1CCC=C(C)CCC2C1CC2(C)C,1,"InChI=1S/C15H24/c1-11-6-5-7-12(2)13-10-15(3,4)14(13)9-8-11/h6,13-14H,2,5,7-10H2,1,3-4H3",0,Non-unique SMILES
C=CC(=C)CCC=C(C)CCC=C(C)C,C=CC(=C)CCC=C(C)CCC=C(C)C,undefined,"citrus, green",flavor_db,1,C=CC(=C)CCC=C(C)CCC=C(C)C,4,"InChI=1S/C15H24/c1-6-14(4)10-8-12-15(5)11-7-9-13(2)3/h6,9,12H,1,4,7-8,10-11H2,2-3,5H3",0,Non-unique SMILES
C=CC(=C)CCC=C(C)CCC=C(C)C,C=CC(=C)CCC=C(C)CCC=C(C)C,sweet,"wood, citrus, sweet, woody",flavor_db,1,C=CC(=C)CCC=C(C)CCC=C(C)C,0,"InChI=1S/C15H24/c1-6-14(4)10-8-12-15(5)11-7-9-13(2)3/h6,9,12H,1,4,7-8,10-11H2,2-3,5H3",0,Non-unique SMILES
C=CC(C)(CCC=C(C)C)OC=O,C=CC(C)(CCC=C(C)C)OC=O,undefined,"Bitter/Sweet, Multitaste",chemtastes_db,1,C=CC(C)(CCC=C(C)C)OC=O,4,"InChI=1S/C11H18O2/c1-5-11(4,13-9-12)8-6-7-10(2)3/h5,7,9H,1,6,8H2,2-4H3",0,Non-unique SMILES
C=CC(C)(CCC=C(C)C)OC=O,C=CC(C)(CCC=C(C)C)OC=O,bitter,"coriander, citrus, rose, green, bergamot, herbal, bitter, fruity",flavor_db,1,C=CC(C)(CCC=C(C)C)OC=O,1,"InChI=1S/C11H18O2/c1-5-11(4,13-9-12)8-6-7-10(2)3/h5,7,9H,1,6,8H2,2-4H3",0,Non-unique SMILES
C=CC(C)(CCC=C(C)C)OC=O,C=CC(C)(CCC=C(C)C)OC=O,sweet,"Bitter/Sweet, Multitaste",chemtastes_db,1,C=CC(C)(CCC=C(C)C)OC=O,0,"InChI=1S/C11H18O2/c1-5-11(4,13-9-12)8-6-7-10(2)3/h5,7,9H,1,6,8H2,2-4H3",0,Non-unique SMILES
C=CC(C)(O)CCC=C(C)C,C=CC(C)(O)CCC=C(C)C,sweet,"lemon, citrus, orange, floral, sweet, woody, blueberry, bois de rose, lavender, flower, green",flavor_db,1,C=CC(C)(O)CCC=C(C)C,0,"InChI=1S/C10H18O/c1-5-10(4,11)8-6-7-9(2)3/h5,7,11H,1,6,8H2,2-4H3",0,Non-unique SMILES
C=CC(C)(O)CCC=C(C)C,C=CC(C)(O)CCC=C(C)C,undefined,"fresh, floral, woody, natural, lavender, deep",flavor_db,1,C=CC(C)(O)CCC=C(C)C,4,"InChI=1S/C10H18O/c1-5-10(4,11)8-6-7-9(2)3/h5,7,11H,1,6,8H2,2-4H3",0,Non-unique SMILES
C=CC(C)(O)CCC1C(C)(O)CCC2C(C)(C)CCCC21C,C=CC(C)(O)CCC1C(C)(O)CCC2C(C)(C)CCCC21C,sweet,"amber, clary, sweet, woody, balsam, weedy",flavor_db,1,C=CC(C)(O)CCC1C(C)(O)CCC2C(C)(C)CCCC21C,0,"InChI=1S/C20H36O2/c1-7-18(4,21)13-9-16-19(5)12-8-11-17(2,3)15(19)10-14-20(16,6)22/h7,15-16,21-22H,1,8-14H2,2-6H3",0,Non-unique SMILES
C=CC(C)(O)CCC1C(C)(O)CCC2C(C)(C)CCCC21C,C=CC(C)(O)CCC1C(C)(O)CCC2C(C)(C)CCCC21C,bitter,bitter,phytocompounds_db,1,C=CC(C)(O)CCC1C(C)(O)CCC2C(C)(C)CCCC21C,1,"InChI=1S/C20H36O2/c1-7-18(4,21)13-9-16-19(5)12-8-11-17(2,3)15(19)10-14-20(16,6)22/h7,15-16,21-22H,1,8-14H2,2-6H3",0,Non-unique SMILES
C=CC1(C)CCC(C(C)(C)O)O1,C=CC1(C)CCC(C(C)(C)O)O1,undefined,"musty, alcohol, fenchyl, camphor",flavor_db,1,C=CC1(C)CCC(C(C)(C)O)O1,4,"InChI=1S/C10H18O2/c1-5-10(4)7-6-8(12-10)9(2,3)11/h5,8,11H,1,6-7H2,2-4H3",0,Non-unique SMILES
C=CC1(C)CCC(C(C)(C)O)O1,C=CC1(C)CCC(C(C)(C)O)O1,sweet,"floral, earthy, sweet, woody, flower",flavor_db,1,C=CC1(C)CCC(C(C)(C)O)O1,0,"InChI=1S/C10H18O2/c1-5-10(4)7-6-8(12-10)9(2,3)11/h5,8,11H,1,6-7H2,2-4H3",0,Non-unique SMILES
C=CCc1cc(OC)c2c(c1)OCO2,C=CCc1cc(OC)c2c(c1)OCO2,undefined,"balsamic, spice, warm, woody, balsam",flavor_db,1,C=CCc1cc(OC)c2c(c1)OCO2,4,"InChI=1S/C11H12O3/c1-3-4-8-5-9(12-2)11-10(6-8)13-7-14-11/h3,5-6H,1,4,7H2,2H3",0,Non-unique SMILES
C=CCc1cc(OC)c2c(c1)OCO2,C=CCc1cc(OC)c2c(c1)OCO2,bitter,pungent; bitter,phytocompounds_db,1,C=CCc1cc(OC)c2c(c1)OCO2,1,"InChI=1S/C11H12O3/c1-3-4-8-5-9(12-2)11-10(6-8)13-7-14-11/h3,5-6H,1,4,7H2,2H3",0,Non-unique SMILES
C=CCc1ccc(OC)c(OC)c1,C=CCc1ccc(OC)c(OC)c1,bitter,"Bitter, Bitterness",chemtastes_db,1,C=CCc1ccc(OC)c(OC)c1,1,"InChI=1S/C11H14O2/c1-4-5-9-6-7-10(12-2)11(8-9)13-3/h4,6-8H,1,5H2,2-3H3",0,Non-unique SMILES
C=CCc1ccc(OC)c(OC)c1,C=CCc1ccc(OC)c(OC)c1,sweet,"coconut, sweet, balsam, mesquite, clove, peach, anise, musty, creamy, carnation, bitter, oily, spicy, chocolate, warm, raspberry, spice, apricot, vanilla, banana, cinnamon, fresh, plum",flavor_db,1,C=CCc1ccc(OC)c(OC)c1,0,"InChI=1S/C11H14O2/c1-4-5-9-6-7-10(12-2)11(8-9)13-3/h4,6-8H,1,5H2,2-3H3",0,Non-unique SMILES
C=CCc1ccc(OC)cc1,C=CCc1ccc(OC)cc1,sweet,"licorice, spice, vanilla, alcohol, herbal, fennel, sassafrass, sweet, anise, minty, green",flavor_db,1,C=CCc1ccc(OC)cc1,0,"InChI=1S/C10H12O/c1-3-4-9-5-7-10(11-2)8-6-9/h3,5-8H,1,4H2,2H3",0,Non-unique SMILES
C=CCc1ccc(OC)cc1,C=CCc1ccc(OC)cc1,undefined,Sweet,phytocompounds_db,1,C=CCc1ccc(OC)cc1,4,"InChI=1S/C10H12O/c1-3-4-9-5-7-10(11-2)8-6-9/h3,5-8H,1,4H2,2H3",0,Non-unique SMILES
C=CCN=C=S,C=CCN=C=S,undefined,"Bitter; Heating, pungent, and tingling, Multitaste",chemtastes_db,1,C=CCN=C=S,4,"InChI=1S/C4H5NS/c1-2-3-5-4-6/h2H,1,3H2",0,Non-unique SMILES
C=CCN=C=S,C=CCN=C=S,bitter,"mustard, pungent, garlic, sulfur, strong, bitter",flavor_db,1,C=CCN=C=S,1,"InChI=1S/C4H5NS/c1-2-3-5-4-6/h2H,1,3H2",0,Non-unique SMILES
c1cc[nH]c1,c1cc[nH]c1,bitter,"Bitter, Bitterness",chemtastes_db,1,c1cc[nH]c1,1,InChI=1S/C4H5N/c1-2-4-5-3-1/h1-5H,0,Non-unique SMILES
c1cc[nH]c1,c1cc[nH]c1,sweet,"ethereal, nutty, sweet, warm",flavor_db,1,c1cc[nH]c1,0,InChI=1S/C4H5N/c1-2-4-5-3-1/h1-5H,0,Non-unique SMILES
C1CCNC1,C1CCNC1,bitter,"Bitter, Bitterness",chemtastes_db,1,C1CCNC1,1,"InChI=1S/C4H9N/c1-2-4-5-3-1/h5H,1-4H2",0,Non-unique SMILES
C1CCNC1,C1CCNC1,undefined,"alkaline, egg, animal, ammoniacal, amine",flavor_db,1,C1CCNC1,4,"InChI=1S/C4H9N/c1-2-4-5-3-1/h5H,1-4H2",0,Non-unique SMILES
C1CCNCC1,C1CCNCC1,bitter,"Bitter, Bitterness",chemtastes_db,1,C1CCNCC1,1,"InChI=1S/C5H11N/c1-2-4-6-5-3-1/h6H,1-5H2",0,Non-unique SMILES
c1ccncc1,c1ccncc1,bitter,"Bitter, Bitterness",chemtastes_db,1,c1ccncc1,1,InChI=1S/C5H5N/c1-2-4-6-5-3-1/h1-5H,0,Non-unique SMILES
c1ccncc1,c1ccncc1,sour,"sour, putrid, fishy, rancid, sickening, amine",flavor_db,1,c1ccncc1,3,InChI=1S/C5H5N/c1-2-4-6-5-3-1/h1-5H,0,Non-unique SMILES
C1CCNCC1,C1CCNCC1,sweet,"floral, sweet, heavy, bitter, animal",flavor_db,1,C1CCNCC1,0,"InChI=1S/C5H11N/c1-2-4-6-5-3-1/h6H,1-5H2",0,Non-unique SMILES
C1CNCCN1,C1CNCCN1,bitter,"Bitter, Bitterness",chemtastes_db,1,C1CNCCN1,1,"InChI=1S/C4H10N2/c1-2-6-4-3-5-1/h5-6H,1-4H2",0,Non-unique SMILES
c1cnccn1,c1cnccn1,bitter,"Bitter, Bitterness",chemtastes_db,1,c1cnccn1,1,InChI=1S/C4H4N2/c1-2-6-4-3-5-1/h1-4H,0,Non-unique SMILES
C1CNCCN1,C1CNCCN1,undefined,ammoniacal,flavor_db,1,C1CNCCN1,4,"InChI=1S/C4H10N2/c1-2-6-4-3-5-1/h5-6H,1-4H2",0,Non-unique SMILES
c1cnccn1,c1cnccn1,sweet,"hazelnut, roasted, barley, sweet corn, pungent",flavor_db,1,c1cnccn1,0,InChI=1S/C4H4N2/c1-2-6-4-3-5-1/h1-4H,0,Non-unique SMILES
CC(=CCO)CCC1=C(C=O)CC(OC2OCC(O)C(O)C2O)C2C(C)(CO)CCCC12C,CC(=CCO)CCC1=C(C=O)CC(OC2OCC(O)C(O)C2O)C2C(C)(CO)CCCC12C,sweet,"Sweet, Sweetness",chemtastes_db,1,CC(=CCO)CCC1=C(C=O)CC(OC2OCC(O)C(O)C2O)C2C(C)(CO)CCCC12C,0,"InChI=1S/C25H40O8/c1-15(7-10-26)5-6-17-16(12-27)11-19(33-23-21(31)20(30)18(29)13-32-23)22-24(2,14-28)8-4-9-25(17,22)3/h7,12,18-23,26,28-31H,4-6,8-11,13-14H2,1-3H3",0,Non-unique SMILES
CC(=CCO)CCC1=C(C=O)CC(OC2OCC(O)C(O)C2O)C2C(C)(CO)CCCC12C,CC(=CCO)CCC1=C(C=O)CC(OC2OCC(O)C(O)C2O)C2C(C)(CO)CCCC12C,bitter,sweet; bitter,phytocompounds_db,1,CC(=CCO)CCC1=C(C=O)CC(OC2OCC(O)C(O)C2O)C2C(C)(CO)CCCC12C,1,"InChI=1S/C25H40O8/c1-15(7-10-26)5-6-17-16(12-27)11-19(33-23-21(31)20(30)18(29)13-32-23)22-24(2,14-28)8-4-9-25(17,22)3/h7,12,18-23,26,28-31H,4-6,8-11,13-14H2,1-3H3",0,Non-unique SMILES
CC(=CCO)CCC1=C(CO)CC(OC2OCC(O)C(O)C2O)C2C(C)(CO)CCCC12C,CC(=CCO)CCC1=C(CO)CC(OC2OCC(O)C(O)C2O)C2C(C)(CO)CCCC12C,sweet,"Sweet/Bitter, Multitaste",chemtastes_db,1,CC(=CCO)CCC1=C(CO)CC(OC2OCC(O)C(O)C2O)C2C(C)(CO)CCCC12C,0,"InChI=1S/C25H42O8/c1-15(7-10-26)5-6-17-16(12-27)11-19(33-23-21(31)20(30)18(29)13-32-23)22-24(2,14-28)8-4-9-25(17,22)3/h7,18-23,26-31H,4-6,8-14H2,1-3H3",0,Non-unique SMILES
CC(=CCO)CCC1=C(CO)CC(OC2OCC(O)C(O)C2O)C2C(C)(CO)CCCC12C,CC(=CCO)CCC1=C(CO)CC(OC2OCC(O)C(O)C2O)C2C(C)(CO)CCCC12C,bitter,"Sweet/Bitter, Multitaste",chemtastes_db,1,CC(=CCO)CCC1=C(CO)CC(OC2OCC(O)C(O)C2O)C2C(C)(CO)CCCC12C,1,"InChI=1S/C25H42O8/c1-15(7-10-26)5-6-17-16(12-27)11-19(33-23-21(31)20(30)18(29)13-32-23)22-24(2,14-28)8-4-9-25(17,22)3/h7,18-23,26-31H,4-6,8-14H2,1-3H3",0,Non-unique SMILES
CC(=CCO)CCC1C(C)(O)CC(OC2OCC(O)C(O)C2O)C2C(C)(C)CC(O)CC21C,CC(=CCO)CCC1C(C)(O)CC(OC2OCC(O)C(O)C2O)C2C(C)(C)CC(O)CC21C,sweet,"Sweet/Bitter, Multitaste",chemtastes_db,1,CC(=CCO)CCC1C(C)(O)CC(OC2OCC(O)C(O)C2O)C2C(C)(C)CC(O)CC21C,0,"InChI=1S/C25H44O8/c1-14(8-9-26)6-7-18-24(4)11-15(27)10-23(2,3)21(24)17(12-25(18,5)31)33-22-20(30)19(29)16(28)13-32-22/h8,15-22,26-31H,6-7,9-13H2,1-5H3",0,Non-unique SMILES
CC(=CCO)CCC1C(C)(O)CC(OC2OCC(O)C(O)C2O)C2C(C)(C)CC(O)CC21C,CC(=CCO)CCC1C(C)(O)CC(OC2OCC(O)C(O)C2O)C2C(C)(C)CC(O)CC21C,bitter,"Sweet/Bitter, Multitaste",chemtastes_db,1,CC(=CCO)CCC1C(C)(O)CC(OC2OCC(O)C(O)C2O)C2C(C)(C)CC(O)CC21C,1,"InChI=1S/C25H44O8/c1-14(8-9-26)6-7-18-24(4)11-15(27)10-23(2,3)21(24)17(12-25(18,5)31)33-22-20(30)19(29)16(28)13-32-22/h8,15-22,26-31H,6-7,9-13H2,1-5H3",0,Non-unique SMILES
CC(=O)C=O,CC(=O)C=O,sweet,"brown, ethereal, acidic, sweet, rum",flavor_db,1,CC(=O)C=O,0,"InChI=1S/C3H4O2/c1-3(5)2-4/h2H,1H3",0,Non-unique SMILES
CC(=O)C=O,CC(=O)C=O,sour,"brown, ethereal, acidic, sweet, rum",flavor_db,1,CC(=O)C=O,3,"InChI=1S/C3H4O2/c1-3(5)2-4/h2H,1H3",0,Non-unique SMILES
CC(=O)c1ccc(C)cc1,CC(=O)c1ccc(C)cc1,sweet,"hawthorne, acetophenone, coumarin, sweet, bitter almond, hawthorn, cherry, mimosa",flavor_db,1,CC(=O)c1ccc(C)cc1,0,"InChI=1S/C9H10O/c1-7-3-5-9(6-4-7)8(2)10/h3-6H,1-2H3",0,Non-unique SMILES
CC(=O)c1ccc(C)cc1,CC(=O)c1ccc(C)cc1,bitter,"hawthorne, acetophenone, coumarin, sweet, bitter almond, hawthorn, cherry, mimosa",flavor_db,1,CC(=O)c1ccc(C)cc1,1,"InChI=1S/C9H10O/c1-7-3-5-9(6-4-7)8(2)10/h3-6H,1-2H3",0,Non-unique SMILES
CC(=O)c1ccccc1,CC(=O)c1ccccc1,bitter,"Bitter, Bitterness",chemtastes_db,1,CC(=O)c1ccccc1,1,"InChI=1S/C8H8O/c1-7(9)8-5-3-2-4-6-8/h2-6H,1H3",0,Non-unique SMILES
CC(=O)c1ccccc1,CC(=O)c1ccccc1,sweet,"mimosa, hawthorn, sweet, acacia, almond, pungent, hawthorne, chemical, flower, bitter, must",flavor_db,1,CC(=O)c1ccccc1,0,"InChI=1S/C8H8O/c1-7(9)8-5-3-2-4-6-8/h2-6H,1H3",0,Non-unique SMILES
CC(=O)CCC(=O)O,CC(=O)CCC(=O)O,sweet,"caramel, acetoin, acidic, sweet, buttery",flavor_db,1,CC(=O)CCC(=O)O,0,"InChI=1S/C5H8O3/c1-4(6)2-3-5(7)8/h2-3H2,1H3,(H,7,8)",0,Non-unique SMILES
CC(=O)CCC(=O)O,CC(=O)CCC(=O)O,sour,"caramel, acetoin, acidic, sweet, buttery",flavor_db,1,CC(=O)CCC(=O)O,3,"InChI=1S/C5H8O3/c1-4(6)2-3-5(7)8/h2-3H2,1H3,(H,7,8)",0,Non-unique SMILES
CC(=O)CCC=C(C)C,CC(=O)CCC=C(C)C,bitter,"pepper, apple, mushroom, citrus, musty, rubber, nutty, green, hazelnut, bitter, lemongrass",flavor_db,1,CC(=O)CCC=C(C)C,1,"InChI=1S/C8H14O/c1-7(2)5-4-6-8(3)9/h5H,4,6H2,1-3H3",0,Non-unique SMILES
CC(=O)CCC=C(C)C,CC(=O)CCC=C(C)C,sweet,"Bitter/Sweet, Multitaste",chemtastes_db,1,CC(=O)CCC=C(C)C,0,"InChI=1S/C8H14O/c1-7(2)5-4-6-8(3)9/h5H,4,6H2,1-3H3",0,Non-unique SMILES
CC(=O)OC(C)(C)C1CC=C(C)CC1,CC(=O)OC(C)(C)C1CC=C(C)CC1,sweet,"citrus, lime, wax, herbal, sweet, bergamot, lavender, pine",flavor_db,1,CC(=O)OC(C)(C)C1CC=C(C)CC1,0,"InChI=1S/C12H20O2/c1-9-5-7-11(8-6-9)12(3,4)14-10(2)13/h5,11H,6-8H2,1-4H3",0,Non-unique SMILES
CC(=O)OC(C)(C)C1CC=C(C)CC1,CC(=O)OC(C)(C)C1CC=C(C)CC1,undefined,pungent,phytocompounds_db,1,CC(=O)OC(C)(C)C1CC=C(C)CC1,4,"InChI=1S/C12H20O2/c1-9-5-7-11(8-6-9)12(3,4)14-10(2)13/h5,11H,6-8H2,1-4H3",0,Non-unique SMILES
CC(=O)OC(C)c1ccccc1,CC(=O)OC(C)c1ccccc1,bitter,"Bitter, Bitterness",chemtastes_db,1,CC(=O)OC(C)c1ccccc1,1,"InChI=1S/C10H12O2/c1-8(12-9(2)11)10-6-4-3-5-7-10/h3-8H,1-2H3",0,Non-unique SMILES
CC(=O)OC(C)c1ccccc1,CC(=O)OC(C)c1ccccc1,sweet,"bitter, rhubarb, gardenia, musty, floral, green, sweet, herbal, leafy, fruity",flavor_db,1,CC(=O)OC(C)c1ccccc1,0,"InChI=1S/C10H12O2/c1-8(12-9(2)11)10-6-4-3-5-7-10/h3-8H,1-2H3",0,Non-unique SMILES
CC(=O)OC1CC(OC2C(O)CC(OC3C(O)CC(OC4CCC5(C)C(CCC6C5CC(O)C5(C)C(C7=CC(=O)OC7)CCC65O)C4)OC3C)OC2C)OC(C)C1OC1OC(CO)C(O)C(O)C1O,CC(=O)OC1CC(OC2C(O)CC(OC3C(O)CC(OC4CCC5(C)C(CCC6C5CC(O)C5(C)C(C7=CC(=O)OC7)CCC65O)C4)OC3C)OC2C)OC(C)C1OC1OC(CO)C(O)C(O)C1O,undefined,"fatty, metallic",flavor_db,1,CC(=O)OC1CC(OC2C(O)CC(OC3C(O)CC(OC4CCC5(C)C(CCC6C5CC(O)C5(C)C(C7=CC(=O)OC7)CCC65O)C4)OC3C)OC2C)OC(C)C1OC1OC(CO)C(O)C(O)C1O,4,"InChI=1S/C49H76O20/c1-21-43(67-38-17-32(53)44(22(2)62-38)68-39-18-33(64-24(4)51)45(23(3)63-39)69-46-42(58)41(57)40(56)34(19-50)66-46)31(52)16-37(61-21)65-27-9-11-47(5)26(14-27)7-8-29-30(47)15-35(54)48(6)28(10-12-49(29,48)59)25-13-36(55)60-20-25/h13,21-23,26-35,37-46,50,52-54,56-59H,7-12,14-20H2,1-6H3",0,Non-unique SMILES
CC(=O)OC1CC(OC2C(O)CC(OC3C(O)CC(OC4CCC5(C)C(CCC6C5CC(O)C5(C)C(C7=CC(=O)OC7)CCC65O)C4)OC3C)OC2C)OC(C)C1OC1OC(CO)C(O)C(O)C1O,CC(=O)OC1CC(OC2C(O)CC(OC3C(O)CC(OC4CCC5(C)C(CCC6C5CC(O)C5(C)C(C7=CC(=O)OC7)CCC65O)C4)OC3C)OC2C)OC(C)C1OC1OC(CO)C(O)C(O)C1O,bitter,bitter,phytocompounds_db,1,CC(=O)OC1CC(OC2C(O)CC(OC3C(O)CC(OC4CCC5(C)C(CCC6C5CC(O)C5(C)C(C7=CC(=O)OC7)CCC65O)C4)OC3C)OC2C)OC(C)C1OC1OC(CO)C(O)C(O)C1O,1,"InChI=1S/C49H76O20/c1-21-43(67-38-17-32(53)44(22(2)62-38)68-39-18-33(64-24(4)51)45(23(3)63-39)69-46-42(58)41(57)40(56)34(19-50)66-46)31(52)16-37(61-21)65-27-9-11-47(5)26(14-27)7-8-29-30(47)15-35(54)48(6)28(10-12-49(29,48)59)25-13-36(55)60-20-25/h13,21-23,26-35,37-46,50,52-54,56-59H,7-12,14-20H2,1-6H3",0,Non-unique SMILES
CC(=O)OC1CC2CCC1(C)C2(C)C,CC(=O)OC1CC2CCC1(C)C2(C)C,sweet,"cedar, balsamic, spice, herbal, fresh, sweet, woody, pine needle, pine, camphor",flavor_db,1,CC(=O)OC1CC2CCC1(C)C2(C)C,0,"InChI=1S/C12H20O2/c1-8(13)14-10-7-9-5-6-12(10,4)11(9,2)3/h9-10H,5-7H2,1-4H3",0,Non-unique SMILES
CC(=O)OC1CC2CCC1(C)C2(C)C,CC(=O)OC1CC2CCC1(C)C2(C)C,undefined,pungent,phytocompounds_db,1,CC(=O)OC1CC2CCC1(C)C2(C)C,4,"InChI=1S/C12H20O2/c1-8(13)14-10-7-9-5-6-12(10,4)11(9,2)3/h9-10H,5-7H2,1-4H3",0,Non-unique SMILES
CC(=O)OCC(C)C,CC(=O)OCC(C)C,bitter,"Slightly bitter, Bitterness",chemtastes_db,1,CC(=O)OCC(C)C,1,"InChI=1S/C6H12O2/c1-5(2)4-8-6(3)7/h5H,4H2,1-3H3",0,Non-unique SMILES
CC(=O)OCC(C)C,CC(=O)OCC(C)C,sweet,"apple, sweet, fruity, tropical, fruit, ethereal, bitter, banana",flavor_db,1,CC(=O)OCC(C)C,0,"InChI=1S/C6H12O2/c1-5(2)4-8-6(3)7/h5H,4H2,1-3H3",0,Non-unique SMILES
CC(=O)OCC(Cc1ccccc1)NC(=O)C(N)CC(=O)O,CC(=O)OCC(Cc1ccccc1)NC(=O)C(N)CC(=O)O,undefined,"Non-sweet, Non-sweetness",chemtastes_db,1,CC(=O)OCC(Cc1ccccc1)NC(=O)C(N)CC(=O)O,4,"InChI=1S/C15H20N2O5/c1-10(18)22-9-12(7-11-5-3-2-4-6-11)17-15(21)13(16)8-14(19)20/h2-6,12-13H,7-9,16H2,1H3,(H,17,21)(H,19,20)",0,Non-unique SMILES
CC(=O)OCC(Cc1ccccc1)NC(=O)C(N)CC(=O)O,CC(=O)OCC(Cc1ccccc1)NC(=O)C(N)CC(=O)O,sweet,sweet,flavor_db,1,CC(=O)OCC(Cc1ccccc1)NC(=O)C(N)CC(=O)O,0,"InChI=1S/C15H20N2O5/c1-10(18)22-9-12(7-11-5-3-2-4-6-11)17-15(21)13(16)8-14(19)20/h2-6,12-13H,7-9,16H2,1H3,(H,17,21)(H,19,20)",0,Non-unique SMILES
CC(=O)OCC=C(C)CCC=C(C)C,CC(=O)OCC=C(C)CCC=C(C)C,bitter,"Bitter, Bitterness",chemtastes_db,1,CC(=O)OCC=C(C)CCC=C(C)C,1,"InChI=1S/C12H20O2/c1-10(2)6-5-7-11(3)8-9-14-12(4)13/h6,8H,5,7,9H2,1-4H3",0,Non-unique SMILES
CC(=O)OCC=C(C)CCC=C(C)C,CC(=O)OCC=C(C)CCC=C(C)C,undefined,"citrus, lime, dewy, rose, floral, fruit, pear, blossom, soapy, grapefruit",flavor_db,1,CC(=O)OCC=C(C)CCC=C(C)C,4,"InChI=1S/C12H20O2/c1-10(2)6-5-7-11(3)8-9-14-12(4)13/h6,8H,5,7,9H2,1-4H3",0,Non-unique SMILES
CC(=O)OCC12C(CCC(C)(C)C1C=O)OC(=O)C13CC(CC(O)C12)C(C)C3=O,CC(=O)OCC12C(CCC(C)(C)C1C=O)OC(=O)C13CC(CC(O)C12)C(C)C3=O,bitter,"Bitter, Bitterness",chemtastes_db,1,CC(=O)OCC12C(CCC(C)(C)C1C=O)OC(=O)C13CC(CC(O)C12)C(C)C3=O,1,"InChI=1S/C22H30O7/c1-11-13-7-14(25)17-21(8-13,18(11)26)19(27)29-16-5-6-20(3,4)15(9-23)22(16,17)10-28-12(2)24/h9,11,13-17,25H,5-8,10H2,1-4H3",0,Non-unique SMILES
CC(=O)OCC12C(CCC(C)(C)C1C=O)OC(=O)C13CC(CC(O)C12)C(C)C3=O,CC(=O)OCC12C(CCC(C)(C)C1C=O)OC(=O)C13CC(CC(O)C12)C(C)C3=O,undefined,"Tasteless, Tastelessness",chemtastes_db,1,CC(=O)OCC12C(CCC(C)(C)C1C=O)OC(=O)C13CC(CC(O)C12)C(C)C3=O,4,"InChI=1S/C22H30O7/c1-11-13-7-14(25)17-21(8-13,18(11)26)19(27)29-16-5-6-20(3,4)15(9-23)22(16,17)10-28-12(2)24/h9,11,13-17,25H,5-8,10H2,1-4H3",0,Non-unique SMILES
CC(=O)OCc1ccc2c(c1)OCO2,CC(=O)OCc1ccc2c(c1)OCO2,bitter,"Bitter, Bitterness",chemtastes_db,1,CC(=O)OCc1ccc2c(c1)OCO2,1,"InChI=1S/C10H10O4/c1-7(11)12-5-8-2-3-9-10(4-8)14-6-13-9/h2-4H,5-6H2,1H3",0,Non-unique SMILES
CC(=O)OCc1ccc2c(c1)OCO2,CC(=O)OCc1ccc2c(c1)OCO2,sweet,"hawthorn, sweet, metallic, strawberry, jam, floral, bitter",flavor_db,1,CC(=O)OCc1ccc2c(c1)OCO2,0,"InChI=1S/C10H10O4/c1-7(11)12-5-8-2-3-9-10(4-8)14-6-13-9/h2-4H,5-6H2,1H3",0,Non-unique SMILES
CC(=O)OCc1ccccc1,CC(=O)OCc1ccccc1,undefined,"Bitter/Pungent, Multitaste",chemtastes_db,1,CC(=O)OCc1ccccc1,4,"InChI=1S/C9H10O2/c1-8(10)11-7-9-5-3-2-4-6-9/h2-6H,7H2,1H3",0,Non-unique SMILES
CC(=O)OCc1ccccc1,CC(=O)OCc1ccccc1,sweet,"apple, bitter, apricot, plum, jasmine, boiled vegetable, cherry, sweet, floral, fresh, jasmin, fruity",flavor_db,1,CC(=O)OCc1ccccc1,0,"InChI=1S/C9H10O2/c1-8(10)11-7-9-5-3-2-4-6-9/h2-6H,7H2,1H3",0,Non-unique SMILES
CC(=O)OCc1ccccc1,CC(=O)OCc1ccccc1,bitter,"apple, bitter, apricot, plum, jasmine, boiled vegetable, cherry, sweet, floral, fresh, jasmin, fruity",flavor_db,1,CC(=O)OCc1ccccc1,1,"InChI=1S/C9H10O2/c1-8(10)11-7-9-5-3-2-4-6-9/h2-6H,7H2,1H3",0,Non-unique SMILES
CC(=O)OCC1OC(OC2(CO)OC(CO)C(O)C2O)C(O)C(O)C1O,CC(=O)OCC1OC(OC2(CO)OC(CO)C(O)C2O)C(O)C(O)C1O,undefined,"Non-sweet, Non-sweetness",chemtastes_db,1,CC(=O)OCC1OC(OC2(CO)OC(CO)C(O)C2O)C(O)C(O)C1O,4,"InChI=1S/C14H24O12/c1-5(17)23-3-7-8(18)10(20)11(21)13(24-7)26-14(4-16)12(22)9(19)6(2-15)25-14/h6-13,15-16,18-22H,2-4H2,1H3",0,Non-unique SMILES
CC(=O)OCC1OC(OC2(CO)OC(CO)C(O)C2O)C(O)C(O)C1O,CC(=O)OCC1OC(OC2(CO)OC(CO)C(O)C2O)C(O)C(O)C1O,sweet,sweet,flavor_db,1,CC(=O)OCC1OC(OC2(CO)OC(CO)C(O)C2O)C(O)C(O)C1O,0,"InChI=1S/C14H24O12/c1-5(17)23-3-7-8(18)10(20)11(21)13(24-7)26-14(4-16)12(22)9(19)6(2-15)25-14/h6-13,15-16,18-22H,2-4H2,1H3",0,Non-unique SMILES
CC(=O)OCCC(C)C,CC(=O)OCCC(C)C,undefined,"Bitter/Sweet, Multitaste",chemtastes_db,1,CC(=O)OCCC(C)C,4,"InChI=1S/C7H14O2/c1-6(2)4-5-9-7(3)8/h6H,4-5H2,1-3H3",0,Non-unique SMILES
CC(=O)OCCC(C)C,CC(=O)OCCC(C)C,sweet,"bitter, solvent, banana, fruity, sweet",flavor_db,1,CC(=O)OCCC(C)C,0,"InChI=1S/C7H14O2/c1-6(2)4-5-9-7(3)8/h6H,4-5H2,1-3H3",0,Non-unique SMILES
CC(=O)OCCC(C)C,CC(=O)OCCC(C)C,bitter,"bitter, solvent, banana, fruity, sweet",flavor_db,1,CC(=O)OCCC(C)C,1,"InChI=1S/C7H14O2/c1-6(2)4-5-9-7(3)8/h6H,4-5H2,1-3H3",0,Non-unique SMILES
CC(=O)OCCC(C)CCC=C(C)C,CC(=O)OCCC(C)CCC=C(C)C,undefined,"lemon, citrus, rose, floral, fruit, woody, fruity, tropical, dust, green",flavor_db,1,CC(=O)OCCC(C)CCC=C(C)C,4,"InChI=1S/C12H22O2/c1-10(2)6-5-7-11(3)8-9-14-12(4)13/h6,11H,5,7-9H2,1-4H3",0,Non-unique SMILES
CC(=O)OCCC(C)CCC=C(C)C,CC(=O)OCCC(C)CCC=C(C)C,sweet,pungent; sweet,phytocompounds_db,1,CC(=O)OCCC(C)CCC=C(C)C,0,"InChI=1S/C12H22O2/c1-10(2)6-5-7-11(3)8-9-14-12(4)13/h6,11H,5,7-9H2,1-4H3",0,Non-unique SMILES
CC(=O)OCCCc1ccccc1,CC(=O)OCCCc1ccccc1,sweet,"spicy, sweet, balsam, storax, cinnamon, bitter",flavor_db,1,CC(=O)OCCCc1ccccc1,0,"InChI=1S/C11H14O2/c1-10(12)13-9-5-8-11-6-3-2-4-7-11/h2-4,6-7H,5,8-9H2,1H3",0,Non-unique SMILES
CC(=O)OCCCc1ccccc1,CC(=O)OCCCc1ccccc1,bitter,"spicy, sweet, balsam, storax, cinnamon, bitter",flavor_db,1,CC(=O)OCCCc1ccccc1,1,"InChI=1S/C11H14O2/c1-10(12)13-9-5-8-11-6-3-2-4-7-11/h2-4,6-7H,5,8-9H2,1H3",0,Non-unique SMILES
CC(C)(CO)C(O)C(=O)NCCC(=O)O,CC(C)(CO)C(O)C(=O)NCCC(=O)O,bitter,"Bitter, Bitterness",chemtastes_db,1,CC(C)(CO)C(O)C(=O)NCCC(=O)O,1,"InChI=1S/C9H17NO5/c1-9(2,5-11)7(14)8(15)10-4-3-6(12)13/h7,11,14H,3-5H2,1-2H3,(H,10,15)(H,12,13)",0,Non-unique SMILES
CC(C)(CO)C(O)C(=O)NCCC(=O)O,CC(C)(CO)C(O)C(=O)NCCC(=O)O,sweet,bitter; sweet,phytocompounds_db,1,CC(C)(CO)C(O)C(=O)NCCC(=O)O,0,"InChI=1S/C9H17NO5/c1-9(2,5-11)7(14)8(15)10-4-3-6(12)13/h7,11,14H,3-5H2,1-2H3,(H,10,15)(H,12,13)",0,Non-unique SMILES
CC(C)=CC1CC(C)CCO1,CC(C)=CC1CC(C)CCO1,undefined,"red rose, fresh, geranium, spicy, green",flavor_db,1,CC(C)=CC1CC(C)CCO1,4,"InChI=1S/C10H18O/c1-8(2)6-10-7-9(3)4-5-11-10/h6,9-10H,4-5,7H2,1-3H3",0,Non-unique SMILES
CC(C)=CC1CC(C)CCO1,CC(C)=CC1CC(C)CCO1,sweet,"cortex, powdery, rose, floral, sweet, geranium, metallic, green",flavor_db,1,CC(C)=CC1CC(C)CCO1,0,"InChI=1S/C10H18O/c1-8(2)6-10-7-9(3)4-5-11-10/h6,9-10H,4-5,7H2,1-3H3",0,Non-unique SMILES
CC(C)=CCC=C(C)C1CC=C(C)CC1,CC(C)=CCC=C(C)C1CC=C(C)CC1,undefined,"spicy, balsamic",flavor_db,1,CC(C)=CCC=C(C)C1CC=C(C)CC1,4,"InChI=1S/C15H24/c1-12(2)6-5-7-14(4)15-10-8-13(3)9-11-15/h6-8,15H,5,9-11H2,1-4H3",0,Non-unique SMILES
CC(C)=CCC=C(C)C1CC=C(C)CC1,CC(C)=CCC=C(C)C1CC=C(C)CC1,bitter,bitter; earthy,phytocompounds_db,1,CC(C)=CCC=C(C)C1CC=C(C)CC1,1,"InChI=1S/C15H24/c1-12(2)6-5-7-14(4)15-10-8-13(3)9-11-15/h6-8,15H,5,9-11H2,1-4H3",0,Non-unique SMILES
CC(C)=CCCC(C)(O)C1CCC(C)=CC1=O,CC(C)=CCCC(C)(O)C1CCC(C)=CC1=O,sweet,"Sweet, Sweetness",chemtastes_db,1,CC(C)=CCCC(C)(O)C1CCC(C)=CC1=O,0,"InChI=1S/C15H24O2/c1-11(2)6-5-9-15(4,17)13-8-7-12(3)10-14(13)16/h6-7,13,17H,5,8-10H2,1-4H3",0,Non-unique SMILES
CC(C)=CCCC(C)(O)C1CCC(C)=CC1=O,CC(C)=CCCC(C)(O)C1CCC(C)=CC1=O,undefined,"Non-sweet, Non-sweetness",chemtastes_db,1,CC(C)=CCCC(C)(O)C1CCC(C)=CC1=O,4,"InChI=1S/C15H24O2/c1-11(2)6-5-9-15(4,17)13-8-7-12(3)10-14(13)16/h6-7,13,17H,5,8-10H2,1-4H3",0,Non-unique SMILES
CC(C)=CCCC(C)(O)C1CCC(C)=CC1=O,CC(C)=CCCC(C)(O)C1CCC(C)=CC1=O,bitter,sweet; bitter,phytocompounds_db,1,CC(C)=CCCC(C)(O)C1CCC(C)=CC1=O,1,"InChI=1S/C15H24O2/c1-11(2)6-5-9-15(4,17)13-8-7-12(3)10-14(13)16/h6-7,13,17H,5,8-10H2,1-4H3",0,Non-unique SMILES
CC(C)=CCCC(C)=CC=O,CC(C)=CCCC(C)=CC=O,sweet,"lemon, citrus, bitter, sweet, sharp, mint",flavor_db,1,CC(C)=CCCC(C)=CC=O,0,"InChI=1S/C10H16O/c1-9(2)5-4-6-10(3)7-8-11/h5,7-8H,4,6H2,1-3H3",0,Non-unique SMILES
CC(C)=CCCC(C)=CC=O,CC(C)=CCCC(C)=CC=O,bitter,"lemon, citrus, bitter, sweet, sharp, mint",flavor_db,1,CC(C)=CCCC(C)=CC=O,1,"InChI=1S/C10H16O/c1-9(2)5-4-6-10(3)7-8-11/h5,7-8H,4,6H2,1-3H3",0,Non-unique SMILES
CC(C)=CCCC(C)=CCNC(=O)C1CC1,CC(C)=CCCC(C)=CCNC(=O)C1CC1,umami,"Umami, Umaminess",chemtastes_db,1,CC(C)=CCCC(C)=CCNC(=O)C1CC1,2,"InChI=1S/C14H23NO/c1-11(2)5-4-6-12(3)9-10-15-14(16)13-7-8-13/h5,9,13H,4,6-8,10H2,1-3H3,(H,15,16)",0,Non-unique SMILES
CC(C)=CCCC(C)=CCNC(=O)C1CC1,CC(C)=CCCC(C)=CCNC(=O)C1CC1,undefined,"roasted, meaty",flavor_db,1,CC(C)=CCCC(C)=CCNC(=O)C1CC1,4,"InChI=1S/C14H23NO/c1-11(2)5-4-6-12(3)9-10-15-14(16)13-7-8-13/h5,9,13H,4,6-8,10H2,1-3H3,(H,15,16)",0,Non-unique SMILES
CC(C)=CCCC(C)=CCO,CC(C)=CCCC(C)=CCO,bitter,"Bitter, Bitterness",chemtastes_db,1,CC(C)=CCCC(C)=CCO,1,"InChI=1S/C10H18O/c1-9(2)5-4-6-10(3)7-8-11/h5,7,11H,4,6,8H2,1-3H3",0,Non-unique SMILES
CC(C)=CCCC(C)=CCO,CC(C)=CCCC(C)=CCO,sweet,"citrus, rose, waxy, floral, sweet, fruity, geranium",flavor_db,1,CC(C)=CCCC(C)=CCO,0,"InChI=1S/C10H18O/c1-9(2)5-4-6-10(3)7-8-11/h5,7,11H,4,6,8H2,1-3H3",0,Non-unique SMILES
CC(C)=CCCC(C)=CCOC=O,CC(C)=CCCC(C)=CCOC=O,bitter,"Bitter, Bitterness",chemtastes_db,1,CC(C)=CCCC(C)=CCOC=O,1,"InChI=1S/C11H18O2/c1-10(2)5-4-6-11(3)7-8-13-9-12/h5,7,9H,4,6,8H2,1-3H3",0,Non-unique SMILES
CC(C)=CCCC(C)=CCOC=O,CC(C)=CCCC(C)=CCOC=O,undefined,"rose, herbal, fruity, geranium, tea, green",flavor_db,1,CC(C)=CCCC(C)=CCOC=O,4,"InChI=1S/C11H18O2/c1-10(2)5-4-6-11(3)7-8-13-9-12/h5,7,9H,4,6,8H2,1-3H3",0,Non-unique SMILES
CC(C)=CCCC(C)CC=O,CC(C)=CCCC(C)CC=O,sweet,"lemon, citrus, rose, fat, herbal, waxy, floral, sweet, aldehydic, cherry, dry",flavor_db,1,CC(C)=CCCC(C)CC=O,0,"InChI=1S/C10H18O/c1-9(2)5-4-6-10(3)7-8-11/h5,8,10H,4,6-7H2,1-3H3",0,Non-unique SMILES
CC(C)=CCCC(C)CC=O,CC(C)=CCCC(C)CC=O,undefined,"citrus, herbal, fresh",flavor_db,1,CC(C)=CCCC(C)CC=O,4,"InChI=1S/C10H18O/c1-9(2)5-4-6-10(3)7-8-11/h5,8,10H,4,6-7H2,1-3H3",0,Non-unique SMILES
CC(C)=CCCC(C)CCO,CC(C)=CCCC(C)CCO,bitter,"Bitter, Bitterness",chemtastes_db,1,CC(C)=CCCC(C)CCO,1,"InChI=1S/C10H20O/c1-9(2)5-4-6-10(3)7-8-11/h5,10-11H,4,6-8H2,1-3H3",0,Non-unique SMILES
CC(C)=CCCC(C)CCO,CC(C)=CCCC(C)CCO,undefined,"oil, powdery, rose, waxy, floral, geranium",flavor_db,1,CC(C)=CCCC(C)CCO,4,"InChI=1S/C10H20O/c1-9(2)5-4-6-10(3)7-8-11/h5,10-11H,4,6-8H2,1-3H3",0,Non-unique SMILES
CC(C)=CCCC(C)CCO,CC(C)=CCCC(C)CCO,sweet,bitter; sweet,phytocompounds_db,1,CC(C)=CCCC(C)CCO,0,"InChI=1S/C10H20O/c1-9(2)5-4-6-10(3)7-8-11/h5,10-11H,4,6-8H2,1-3H3",0,Non-unique SMILES
CC(C)C(=O)OCCc1ccccc1,CC(C)C(=O)OCCc1ccccc1,undefined,"Bitter/Sweet, Multitaste",chemtastes_db,1,CC(C)C(=O)OCCc1ccccc1,4,"InChI=1S/C12H16O2/c1-10(2)12(13)14-9-8-11-6-4-3-5-7-11/h3-7,10H,8-9H2,1-2H3",0,Non-unique SMILES
CC(C)C(=O)OCCc1ccccc1,CC(C)C(=O)OCCc1ccccc1,bitter,"peach, rose, pastry, tea, floral, bitter, fruity",flavor_db,1,CC(C)C(=O)OCCc1ccccc1,1,"InChI=1S/C12H16O2/c1-10(2)12(13)14-9-8-11-6-4-3-5-7-11/h3-7,10H,8-9H2,1-2H3",0,Non-unique SMILES
CC(C)C(=O)OCCc1ccccc1,CC(C)C(=O)OCCc1ccccc1,sweet,"Bitter/Sweet, Multitaste",chemtastes_db,1,CC(C)C(=O)OCCc1ccccc1,0,"InChI=1S/C12H16O2/c1-10(2)12(13)14-9-8-11-6-4-3-5-7-11/h3-7,10H,8-9H2,1-2H3",0,Non-unique SMILES
CC(C)C(=O)OCCCc1ccccc1,CC(C)C(=O)OCCCc1ccccc1,sweet,"balsam, sweet, bitter, fruity",flavor_db,1,CC(C)C(=O)OCCCc1ccccc1,0,"InChI=1S/C13H18O2/c1-11(2)13(14)15-10-6-9-12-7-4-3-5-8-12/h3-5,7-8,11H,6,9-10H2,1-2H3",0,Non-unique SMILES
CC(C)C(=O)OCCCc1ccccc1,CC(C)C(=O)OCCCc1ccccc1,bitter,"balsam, sweet, bitter, fruity",flavor_db,1,CC(C)C(=O)OCCCc1ccccc1,1,"InChI=1S/C13H18O2/c1-11(2)13(14)15-10-6-9-12-7-4-3-5-8-12/h3-5,7-8,11H,6,9-10H2,1-2H3",0,Non-unique SMILES
CC(C)C(C(=O)O)S(=O)(=O)c1ccc(Br)cc1,CC(C)C(C(=O)O)S(=O)(=O)c1ccc(Br)cc1,bitter,"Sweet/Bitter, Multitaste",chemtastes_db,1,CC(C)C(C(=O)O)S(=O)(=O)c1ccc(Br)cc1,1,"InChI=1S/C11H13BrO4S/c1-7(2)10(11(13)14)17(15,16)9-5-3-8(12)4-6-9/h3-7,10H,1-2H3,(H,13,14)",0,Non-unique SMILES
CC(C)C(C(=O)O)S(=O)(=O)c1ccc(Br)cc1,CC(C)C(C(=O)O)S(=O)(=O)c1ccc(Br)cc1,sweet,"Sweet/Bitter, Multitaste",chemtastes_db,1,CC(C)C(C(=O)O)S(=O)(=O)c1ccc(Br)cc1,0,"InChI=1S/C11H13BrO4S/c1-7(2)10(11(13)14)17(15,16)9-5-3-8(12)4-6-9/h3-7,10H,1-2H3,(H,13,14)",0,Non-unique SMILES
CC(C)C(C(=O)O)S(=O)(=O)c1ccc(Cl)cc1,CC(C)C(C(=O)O)S(=O)(=O)c1ccc(Cl)cc1,bitter,"Sweet/Bitter, Multitaste",chemtastes_db,1,CC(C)C(C(=O)O)S(=O)(=O)c1ccc(Cl)cc1,1,"InChI=1S/C11H13ClO4S/c1-7(2)10(11(13)14)17(15,16)9-5-3-8(12)4-6-9/h3-7,10H,1-2H3,(H,13,14)",0,Non-unique SMILES
CC(C)C(C(=O)O)S(=O)(=O)c1ccc(Cl)cc1,CC(C)C(C(=O)O)S(=O)(=O)c1ccc(Cl)cc1,sweet,"Sweet/Bitter, Multitaste",chemtastes_db,1,CC(C)C(C(=O)O)S(=O)(=O)c1ccc(Cl)cc1,0,"InChI=1S/C11H13ClO4S/c1-7(2)10(11(13)14)17(15,16)9-5-3-8(12)4-6-9/h3-7,10H,1-2H3,(H,13,14)",0,Non-unique SMILES
CC(C)C(N)C(=O)O,CC(C)C(N)C(=O)O,sweet,"Sweet, Sweetness",chemtastes_db,1,CC(C)C(N)C(=O)O,0,"InChI=1S/C5H11NO2/c1-3(2)4(6)5(7)8/h3-4H,6H2,1-2H3,(H,7,8)",0,Non-unique SMILES
CC(C)C(N)C(=O)O,CC(C)C(N)C(=O)O,bitter,"Bitter, Bitterness",chemtastes_db,1,CC(C)C(N)C(=O)O,1,"InChI=1S/C5H11NO2/c1-3(2)4(6)5(7)8/h3-4H,6H2,1-2H3,(H,7,8)",0,Non-unique SMILES
CC(C)C(N)C(=O)O,CC(C)C(N)C(=O)O,undefined,odorless,flavor_db,1,CC(C)C(N)C(=O)O,4,"InChI=1S/C5H11NO2/c1-3(2)4(6)5(7)8/h3-4H,6H2,1-2H3,(H,7,8)",0,Non-unique SMILES
CC(C)c1ccc(C=O)cc1,CC(C)c1ccc(C=O)cc1,sour,"spicy, acid, herbal, sharp, oily, cumin, green",flavor_db,1,CC(C)c1ccc(C=O)cc1,3,"InChI=1S/C10H12O/c1-8(2)10-5-3-9(7-11)4-6-10/h3-8H,1-2H3",0,Non-unique SMILES
CC(C)c1ccc(C=O)cc1,CC(C)c1ccc(C=O)cc1,undefined,pungent,phytocompounds_db,1,CC(C)c1ccc(C=O)cc1,4,"InChI=1S/C10H12O/c1-8(2)10-5-3-9(7-11)4-6-10/h3-8H,1-2H3",0,Non-unique SMILES
CC(C)CC(=O)OC1CC(C)CCC1C(C)C,CC(C)CC(=O)OC1CC(C)CCC1C(C)C,bitter,"Bitter, Bitterness",chemtastes_db,1,CC(C)CC(=O)OC1CC(C)CCC1C(C)C,1,"InChI=1S/C15H28O2/c1-10(2)8-15(16)17-14-9-12(5)6-7-13(14)11(3)4/h10-14H,6-9H2,1-5H3",0,Non-unique SMILES
CC(C)CC(=O)OC1CC(C)CCC1C(C)C,CC(C)CC(=O)OC1CC(C)CCC1C(C)C,sweet,"cooling, bitter, woody, sweet, fruity",flavor_db,1,CC(C)CC(=O)OC1CC(C)CCC1C(C)C,0,"InChI=1S/C15H28O2/c1-10(2)8-15(16)17-14-9-12(5)6-7-13(14)11(3)4/h10-14H,6-9H2,1-5H3",0,Non-unique SMILES
CC(C)CC(=O)OCCc1ccccc1,CC(C)CC(=O)OCCc1ccccc1,sweet,"rose, peach, apricot, sweet, floral, bitter, fruity",flavor_db,1,CC(C)CC(=O)OCCc1ccccc1,0,"InChI=1S/C13H18O2/c1-11(2)10-13(14)15-9-8-12-6-4-3-5-7-12/h3-7,11H,8-10H2,1-2H3",0,Non-unique SMILES
CC(C)CC(=O)OCCc1ccccc1,CC(C)CC(=O)OCCc1ccccc1,bitter,"rose, peach, apricot, sweet, floral, bitter, fruity",flavor_db,1,CC(C)CC(=O)OCCc1ccccc1,1,"InChI=1S/C13H18O2/c1-11(2)10-13(14)15-9-8-12-6-4-3-5-7-12/h3-7,11H,8-10H2,1-2H3",0,Non-unique SMILES
CC(C)CC(N)C(=O)NC(Cc1ccccc1)C(=O)O,CC(C)CC(N)C(=O)NC(Cc1ccccc1)C(=O)O,bitter,"Bitter, Bitterness",chemtastes_db,1,CC(C)CC(N)C(=O)NC(Cc1ccccc1)C(=O)O,1,"InChI=1S/C15H22N2O3/c1-10(2)8-12(16)14(18)17-13(15(19)20)9-11-6-4-3-5-7-11/h3-7,10,12-13H,8-9,16H2,1-2H3,(H,17,18)(H,19,20)",0,Non-unique SMILES
CC(C)CC(N)C(=O)NC(Cc1ccccc1)C(=O)O,CC(C)CC(N)C(=O)NC(Cc1ccccc1)C(=O)O,sweet,sweet,flavor_db,1,CC(C)CC(N)C(=O)NC(Cc1ccccc1)C(=O)O,0,"InChI=1S/C15H22N2O3/c1-10(2)8-12(16)14(18)17-13(15(19)20)9-11-6-4-3-5-7-11/h3-7,10,12-13H,8-9,16H2,1-2H3,(H,17,18)(H,19,20)",0,Non-unique SMILES
CC(C)CC(N)C(=O)O,CC(C)CC(N)C(=O)O,sweet,"Sweet, Sweetness",chemtastes_db,1,CC(C)CC(N)C(=O)O,0,"InChI=1S/C6H13NO2/c1-4(2)3-5(7)6(8)9/h4-5H,3,7H2,1-2H3,(H,8,9)",0,Non-unique SMILES
CC(C)CC(N)C(=O)O,CC(C)CC(N)C(=O)O,bitter,"Bitter(3); Slightly bitter; Non-sweet, Bitterness",chemtastes_db,1,CC(C)CC(N)C(=O)O,1,"InChI=1S/C6H13NO2/c1-4(2)3-5(7)6(8)9/h4-5H,3,7H2,1-2H3,(H,8,9)",0,Non-unique SMILES
CC(C)CC=C(C=O)c1ccccc1,CC(C)CC=C(C=O)c1ccccc1,sweet,"chocolate, bitter, butyric, cocoa, sweet, fruity, aldehydic, nut skin, green",flavor_db,1,CC(C)CC=C(C=O)c1ccccc1,0,"InChI=1S/C13H16O/c1-11(2)8-9-13(10-14)12-6-4-3-5-7-12/h3-7,9-11H,8H2,1-2H3",0,Non-unique SMILES
CC(C)CC=C(C=O)c1ccccc1,CC(C)CC=C(C=O)c1ccccc1,bitter,"chocolate, bitter, butyric, cocoa, sweet, fruity, aldehydic, nut skin, green",flavor_db,1,CC(C)CC=C(C=O)c1ccccc1,1,"InChI=1S/C13H16O/c1-11(2)8-9-13(10-14)12-6-4-3-5-7-12/h3-7,9-11H,8H2,1-2H3",0,Non-unique SMILES
CC(C)CC1OCC(C)O1,CC(C)CC1OCC(C)O1,sweet,"sour, ethereal, ripe, sweet, tropical, fruity, dairy, buttery, rummy",flavor_db,1,CC(C)CC1OCC(C)O1,0,"InChI=1S/C8H16O2/c1-6(2)4-8-9-5-7(3)10-8/h6-8H,4-5H2,1-3H3",0,Non-unique SMILES
CC(C)CC1OCC(C)O1,CC(C)CC1OCC(C)O1,sour,"sour, ethereal, ripe, sweet, tropical, fruity, dairy, buttery, rummy",flavor_db,1,CC(C)CC1OCC(C)O1,3,"InChI=1S/C8H16O2/c1-6(2)4-8-9-5-7(3)10-8/h6-8H,4-5H2,1-3H3",0,Non-unique SMILES
CC(C)CCOC(=O)c1ccccc1O,CC(C)CCOC(=O)c1ccccc1O,bitter,"wintergreen, tobacco, metallic, floral, soapy, herbal, woody, bitter, orchid",flavor_db,1,CC(C)CCOC(=O)c1ccccc1O,1,"InChI=1S/C12H16O3/c1-9(2)7-8-15-12(14)10-5-3-4-6-11(10)13/h3-6,9,13H,7-8H2,1-2H3",0,Non-unique SMILES
CC(C)CCOC(=O)c1ccccc1O,CC(C)CCOC(=O)c1ccccc1O,sweet,"Bitter/Sweet, Multitaste",chemtastes_db,1,CC(C)CCOC(=O)c1ccccc1O,0,"InChI=1S/C12H16O3/c1-9(2)7-8-15-12(14)10-5-3-4-6-11(10)13/h3-6,9,13H,7-8H2,1-2H3",0,Non-unique SMILES
CC(C)CCOC(=O)CCc1ccco1,CC(C)CCOC(=O)CCc1ccco1,sweet,"sour, apple, caramel, rose, floral, raisin, sweet, fruity, green",flavor_db,1,CC(C)CCOC(=O)CCc1ccco1,0,"InChI=1S/C12H18O3/c1-10(2)7-9-15-12(13)6-5-11-4-3-8-14-11/h3-4,8,10H,5-7,9H2,1-2H3",0,Non-unique SMILES
CC(C)CCOC(=O)CCc1ccco1,CC(C)CCOC(=O)CCc1ccco1,sour,"sour, apple, caramel, rose, floral, raisin, sweet, fruity, green",flavor_db,1,CC(C)CCOC(=O)CCc1ccco1,3,"InChI=1S/C12H18O3/c1-10(2)7-9-15-12(13)6-5-11-4-3-8-14-11/h3-4,8,10H,5-7,9H2,1-2H3",0,Non-unique SMILES
CC(C)COS(=O)(=O)NC1CCCCC1,CC(C)COS(=O)(=O)NC1CCCCC1,sweet,"Sweet/Bitter, Multitaste",chemtastes_db,1,CC(C)COS(=O)(=O)NC1CCCCC1,0,"InChI=1S/C10H21NO3S/c1-9(2)8-14-15(12,13)11-10-6-4-3-5-7-10/h9-11H,3-8H2,1-2H3",0,Non-unique SMILES
CC(C)COS(=O)(=O)NC1CCCCC1,CC(C)COS(=O)(=O)NC1CCCCC1,bitter,"Sweet/Bitter, Multitaste",chemtastes_db,1,CC(C)COS(=O)(=O)NC1CCCCC1,1,"InChI=1S/C10H21NO3S/c1-9(2)8-14-15(12,13)11-10-6-4-3-5-7-10/h9-11H,3-8H2,1-2H3",0,Non-unique SMILES
CC(C)OC(=O)C(C)NC(=O)C(N)C(=O)O,CC(C)OC(=O)C(C)NC(=O)C(N)C(=O)O,sweet,"Sweet, Sweetness",chemtastes_db,1,CC(C)OC(=O)C(C)NC(=O)C(N)C(=O)O,0,"InChI=1S/C9H16N2O5/c1-4(2)16-9(15)5(3)11-7(12)6(10)8(13)14/h4-6H,10H2,1-3H3,(H,11,12)(H,13,14)",0,Non-unique SMILES
CC(C)OC(=O)C(C)NC(=O)C(N)C(=O)O,CC(C)OC(=O)C(C)NC(=O)C(N)C(=O)O,undefined,"Neutral, Tastelessness",chemtastes_db,1,CC(C)OC(=O)C(C)NC(=O)C(N)C(=O)O,4,"InChI=1S/C9H16N2O5/c1-4(2)16-9(15)5(3)11-7(12)6(10)8(13)14/h4-6H,10H2,1-3H3,(H,11,12)(H,13,14)",0,Non-unique SMILES
CC(C)OC1OC(COC2OCC(O)(CO)C2O)C(O)C(O)C1O,CC(C)OC1OC(COC2OCC(O)(CO)C2O)C(O)C(O)C1O,sweet,sweet,flavor_db,1,CC(C)OC1OC(COC2OCC(O)(CO)C2O)C(O)C(O)C1O,0,"InChI=1S/C14H26O10/c1-6(2)23-12-10(18)9(17)8(16)7(24-12)3-21-13-11(19)14(20,4-15)5-22-13/h6-13,15-20H,3-5H2,1-2H3",0,Non-unique SMILES
CC(C)OC1OC(COC2OCC(O)(CO)C2O)C(O)C(O)C1O,CC(C)OC1OC(COC2OCC(O)(CO)C2O)C(O)C(O)C1O,bitter,bitter,phytocompounds_db,1,CC(C)OC1OC(COC2OCC(O)(CO)C2O)C(O)C(O)C1O,1,"InChI=1S/C14H26O10/c1-6(2)23-12-10(18)9(17)8(16)7(24-12)3-21-13-11(19)14(20,4-15)5-22-13/h6-13,15-20H,3-5H2,1-2H3",0,Non-unique SMILES
CC(C)OCC1OC(OC2(CCl)OC(CCl)C(O)C2O)C(O)C(O)C1Cl,CC(C)OCC1OC(OC2(CCl)OC(CCl)C(O)C2O)C(O)C(O)C1Cl,undefined,"Non-sweet, Non-sweetness",chemtastes_db,1,CC(C)OCC1OC(OC2(CCl)OC(CCl)C(O)C2O)C(O)C(O)C1Cl,4,"InChI=1S/C15H25Cl3O8/c1-6(2)23-4-8-9(18)11(20)12(21)14(24-8)26-15(5-17)13(22)10(19)7(3-16)25-15/h6-14,19-22H,3-5H2,1-2H3",0,Non-unique SMILES
CC(C)OCC1OC(OC2(CCl)OC(CCl)C(O)C2O)C(O)C(O)C1Cl,CC(C)OCC1OC(OC2(CCl)OC(CCl)C(O)C2O)C(O)C(O)C1Cl,sweet,sweet-like,flavor_db,1,CC(C)OCC1OC(OC2(CCl)OC(CCl)C(O)C2O)C(O)C(O)C1Cl,0,"InChI=1S/C15H25Cl3O8/c1-6(2)23-4-8-9(18)11(20)12(21)14(24-8)26-15(5-17)13(22)10(19)7(3-16)25-15/h6-14,19-22H,3-5H2,1-2H3",0,Non-unique SMILES
CC(C)OS(=O)(=O)NC1CCCCC1,CC(C)OS(=O)(=O)NC1CCCCC1,sweet,"Sweet/Bitter, Multitaste",chemtastes_db,1,CC(C)OS(=O)(=O)NC1CCCCC1,0,"InChI=1S/C9H19NO3S/c1-8(2)13-14(11,12)10-9-6-4-3-5-7-9/h8-10H,3-7H2,1-2H3",0,Non-unique SMILES
CC(C)OS(=O)(=O)NC1CCCCC1,CC(C)OS(=O)(=O)NC1CCCCC1,bitter,"Sweet/Bitter, Multitaste",chemtastes_db,1,CC(C)OS(=O)(=O)NC1CCCCC1,1,"InChI=1S/C9H19NO3S/c1-8(2)13-14(11,12)10-9-6-4-3-5-7-9/h8-10H,3-7H2,1-2H3",0,Non-unique SMILES
CC(CCC(OC1OC(CO)C(O)C(O)C1O)C(C)(C)O)C1CCC2(C)C3CC=C4C(CCC(OC5OC(CO)C(O)C(O)C5O)C4(C)C)C3(C)C(O)CC12C,CC(CCC(OC1OC(CO)C(O)C(O)C1O)C(C)(C)O)C1CCC2(C)C3CC=C4C(CCC(OC5OC(CO)C(O)C(O)C5O)C4(C)C)C3(C)C(O)CC12C,sweet,"Sweet, Sweetness",chemtastes_db,1,CC(CCC(OC1OC(CO)C(O)C(O)C1O)C(C)(C)O)C1CCC2(C)C3CC=C4C(CCC(OC5OC(CO)C(O)C(O)C5O)C4(C)C)C3(C)C(O)CC12C,0,"InChI=1S/C42H72O14/c1-20(9-13-29(39(4,5)52)56-37-35(51)33(49)31(47)25(19-44)54-37)21-15-16-40(6)26-12-10-22-23(42(26,8)27(45)17-41(21,40)7)11-14-28(38(22,2)3)55-36-34(50)32(48)30(46)24(18-43)53-36/h10,20-21,23-37,43-52H,9,11-19H2,1-8H3",0,Non-unique SMILES
CC(CCC(OC1OC(CO)C(O)C(O)C1O)C(C)(C)O)C1CCC2(C)C3CC=C4C(CCC(OC5OC(CO)C(O)C(O)C5O)C4(C)C)C3(C)C(O)CC12C,CC(CCC(OC1OC(CO)C(O)C(O)C1O)C(C)(C)O)C1CCC2(C)C3CC=C4C(CCC(OC5OC(CO)C(O)C(O)C5O)C4(C)C)C3(C)C(O)CC12C,bitter,bitter,phytocompounds_db,1,CC(CCC(OC1OC(CO)C(O)C(O)C1O)C(C)(C)O)C1CCC2(C)C3CC=C4C(CCC(OC5OC(CO)C(O)C(O)C5O)C4(C)C)C3(C)C(O)CC12C,1,"InChI=1S/C42H72O14/c1-20(9-13-29(39(4,5)52)56-37-35(51)33(49)31(47)25(19-44)54-37)21-15-16-40(6)26-12-10-22-23(42(26,8)27(45)17-41(21,40)7)11-14-28(38(22,2)3)55-36-34(50)32(48)30(46)24(18-43)53-36/h10,20-21,23-37,43-52H,9,11-19H2,1-8H3",0,Non-unique SMILES
CC(CCC(OC1OC(COC2OC(CO)C(O)C(O)C2O)C(O)C(O)C1OC1OC(CO)C(O)C(O)C1O)C(C)(C)O)C1CCC2(C)C3CC=C4C(CCC(OC5OC(COC6OC(COC7OC(CO)C(O)C(O)C7O)C(O)C(O)C6O)C(O)C(O)C5O)C4(C)C)C3(C)C(O)CC12C,CC(CCC(OC1OC(COC2OC(CO)C(O)C(O)C2O)C(O)C(O)C1OC1OC(CO)C(O)C(O)C1O)C(C)(C)O)C1CCC2(C)C3CC=C4C(CCC(OC5OC(COC6OC(COC7OC(CO)C(O)C(O)C7O)C(O)C(O)C6O)C(O)C(O)C5O)C4(C)C)C3(C)C(O)CC12C,sweet,sweet; bitter,phytocompounds_db,1,CC(CCC(OC1OC(COC2OC(CO)C(O)C(O)C2O)C(O)C(O)C1OC1OC(CO)C(O)C(O)C1O)C(C)(C)O)C1CCC2(C)C3CC=C4C(CCC(OC5OC(COC6OC(COC7OC(CO)C(O)C(O)C7O)C(O)C(O)C6O)C(O)C(O)C5O)C4(C)C)C3(C)C(O)CC12C,0,"InChI=1S/C66H112O34/c1-24(9-13-37(63(4,5)88)99-61-55(100-60-54(87)46(79)40(73)30(20-69)94-60)49(82)43(76)33(97-61)23-90-57-51(84)45(78)39(72)29(19-68)93-57)25-15-16-64(6)34-12-10-26-27(66(34,8)35(70)17-65(25,64)7)11-14-36(62(26,2)3)98-59-53(86)48(81)42(75)32(96-59)22-91-58-52(85)47(80)41(74)31(95-58)21-89-56-50(83)44(77)38(71)28(18-67)92-56/h10,24-25,27-61,67-88H,9,11-23H2,1-8H3",0,Non-unique SMILES
CC(CCC(OC1OC(COC2OC(CO)C(O)C(O)C2O)C(O)C(O)C1OC1OC(CO)C(O)C(O)C1O)C(C)(C)O)C1CCC2(C)C3CC=C4C(CCC(OC5OC(COC6OC(COC7OC(CO)C(O)C(O)C7O)C(O)C(O)C6O)C(O)C(O)C5O)C4(C)C)C3(C)C(O)CC12C,CC(CCC(OC1OC(COC2OC(CO)C(O)C(O)C2O)C(O)C(O)C1OC1OC(CO)C(O)C(O)C1O)C(C)(C)O)C1CCC2(C)C3CC=C4C(CCC(OC5OC(COC6OC(COC7OC(CO)C(O)C(O)C7O)C(O)C(O)C6O)C(O)C(O)C5O)C4(C)C)C3(C)C(O)CC12C,bitter,sweet; bitter,phytocompounds_db,1,CC(CCC(OC1OC(COC2OC(CO)C(O)C(O)C2O)C(O)C(O)C1OC1OC(CO)C(O)C(O)C1O)C(C)(C)O)C1CCC2(C)C3CC=C4C(CCC(OC5OC(COC6OC(COC7OC(CO)C(O)C(O)C7O)C(O)C(O)C6O)C(O)C(O)C5O)C4(C)C)C3(C)C(O)CC12C,1,"InChI=1S/C66H112O34/c1-24(9-13-37(63(4,5)88)99-61-55(100-60-54(87)46(79)40(73)30(20-69)94-60)49(82)43(76)33(97-61)23-90-57-51(84)45(78)39(72)29(19-68)93-57)25-15-16-64(6)34-12-10-26-27(66(34,8)35(70)17-65(25,64)7)11-14-36(62(26,2)3)98-59-53(86)48(81)42(75)32(96-59)22-91-58-52(85)47(80)41(74)31(95-58)21-89-56-50(83)44(77)38(71)28(18-67)92-56/h10,24-25,27-61,67-88H,9,11-23H2,1-8H3",0,Non-unique SMILES
CC(N)C(=O)O,CC(N)C(=O)O,sweet,"Sweet, Sweetness",chemtastes_db,1,CC(N)C(=O)O,0,"InChI=1S/C3H7NO2/c1-2(4)3(5)6/h2H,4H2,1H3,(H,5,6)",0,Non-unique SMILES
CC(N)C(=O)O,CC(N)C(=O)O,undefined,odorless,flavor_db,1,CC(N)C(=O)O,4,"InChI=1S/C3H7NO2/c1-2(4)3(5)6/h2H,4H2,1H3,(H,5,6)",0,Non-unique SMILES
CC(N)C(=O)O,CC(N)C(=O)O,bitter,Ligand to Tas2 Receptor,tas2r_agonists,1,CC(N)C(=O)O,1,"InChI=1S/C3H7NO2/c1-2(4)3(5)6/h2H,4H2,1H3,(H,5,6)",0,Non-unique SMILES
CC(N)C(=O)OC(C)(C)C,CC(N)C(=O)OC(C)(C)C,sweet,"Sweet, Sweetness",chemtastes_db,1,CC(N)C(=O)OC(C)(C)C,0,"InChI=1S/C7H15NO2/c1-5(8)6(9)10-7(2,3)4/h5H,8H2,1-4H3",0,Non-unique SMILES
CC(N)C(=O)OC(C)(C)C,CC(N)C(=O)OC(C)(C)C,bitter,"Bitter, Bitterness",chemtastes_db,1,CC(N)C(=O)OC(C)(C)C,1,"InChI=1S/C7H15NO2/c1-5(8)6(9)10-7(2,3)4/h5H,8H2,1-4H3",0,Non-unique SMILES
CC(NC(=O)C(N)CC(=O)O)C(=O)NC1C(C)(C)CCC1(C)C,CC(NC(=O)C(N)CC(=O)O)C(=O)NC1C(C)(C)CCC1(C)C,sweet,"Sweet, Sweetness",chemtastes_db,1,CC(NC(=O)C(N)CC(=O)O)C(=O)NC1C(C)(C)CCC1(C)C,0,"InChI=1S/C16H29N3O4/c1-9(18-13(23)10(17)8-11(20)21)12(22)19-14-15(2,3)6-7-16(14,4)5/h9-10,14H,6-8,17H2,1-5H3,(H,18,23)(H,19,22)(H,20,21)",0,Non-unique SMILES
CC(NC(=O)C(N)CC(=O)O)C(=O)NC1C(C)(C)CCC1(C)C,CC(NC(=O)C(N)CC(=O)O)C(=O)NC1C(C)(C)CCC1(C)C,bitter,"Bitter, Bitterness",chemtastes_db,1,CC(NC(=O)C(N)CC(=O)O)C(=O)NC1C(C)(C)CCC1(C)C,1,"InChI=1S/C16H29N3O4/c1-9(18-13(23)10(17)8-11(20)21)12(22)19-14-15(2,3)6-7-16(14,4)5/h9-10,14H,6-8,17H2,1-5H3,(H,18,23)(H,19,22)(H,20,21)",0,Non-unique SMILES
CC(NC(=O)C(N)CC(=O)O)C(=O)NC1C(C)(C)SC1(C)C,CC(NC(=O)C(N)CC(=O)O)C(=O)NC1C(C)(C)SC1(C)C,sweet,"Sweet(11); Bitter, Sweetness",chemtastes_db,1,CC(NC(=O)C(N)CC(=O)O)C(=O)NC1C(C)(C)SC1(C)C,0,"InChI=1S/C14H25N3O4S/c1-7(16-11(21)8(15)6-9(18)19)10(20)17-12-13(2,3)22-14(12,4)5/h7-8,12H,6,15H2,1-5H3,(H,16,21)(H,17,20)(H,18,19)",0,Non-unique SMILES
CC(NC(=O)C(N)CC(=O)O)C(=O)NC1C(C)(C)SC1(C)C,CC(NC(=O)C(N)CC(=O)O)C(=O)NC1C(C)(C)SC1(C)C,bitter,sweetbitter,flavor_db,1,CC(NC(=O)C(N)CC(=O)O)C(=O)NC1C(C)(C)SC1(C)C,1,"InChI=1S/C14H25N3O4S/c1-7(16-11(21)8(15)6-9(18)19)10(20)17-12-13(2,3)22-14(12,4)5/h7-8,12H,6,15H2,1-5H3,(H,16,21)(H,17,20)(H,18,19)",0,Non-unique SMILES
CC(NC(=O)CC(N)C(=O)O)C(=O)NC1C(C)(C)SC1(C)C,CC(NC(=O)CC(N)C(=O)O)C(=O)NC1C(C)(C)SC1(C)C,undefined,"Tasteless, Tastelessness",chemtastes_db,1,CC(NC(=O)CC(N)C(=O)O)C(=O)NC1C(C)(C)SC1(C)C,4,"InChI=1S/C14H25N3O4S/c1-7(16-9(18)6-8(15)11(20)21)10(19)17-12-13(2,3)22-14(12,4)5/h7-8,12H,6,15H2,1-5H3,(H,16,18)(H,17,19)(H,20,21)",0,Non-unique SMILES
CC(NC(=O)CC(N)C(=O)O)C(=O)NC1C(C)(C)SC1(C)C,CC(NC(=O)CC(N)C(=O)O)C(=O)NC1C(C)(C)SC1(C)C,sweet,sweet-like,flavor_db,1,CC(NC(=O)CC(N)C(=O)O)C(=O)NC1C(C)(C)SC1(C)C,0,"InChI=1S/C14H25N3O4S/c1-7(16-9(18)6-8(15)11(20)21)10(19)17-12-13(2,3)22-14(12,4)5/h7-8,12H,6,15H2,1-5H3,(H,16,18)(H,17,19)(H,20,21)",0,Non-unique SMILES
CC(O)C(=O)O,CC(O)C(=O)O,sour,"Sour(2); Umami, Sourness",chemtastes_db,1,CC(O)C(=O)O,3,"InChI=1S/C3H6O3/c1-2(4)3(5)6/h2,4H,1H3,(H,5,6)",0,Non-unique SMILES
CC(O)C(=O)O,CC(O)C(=O)O,undefined,odorless,flavor_db,1,CC(O)C(=O)O,4,"InChI=1S/C3H6O3/c1-2(4)3(5)6/h2,4H,1H3,(H,5,6)",0,Non-unique SMILES
CC(O)C(=O)O,CC(O)C(=O)O,umami,Umami molecule from literature,Suess et al. 2015,1,CC(O)C(=O)O,2,"InChI=1S/C3H6O3/c1-2(4)3(5)6/h2,4H,1H3,(H,5,6)",0,Non-unique SMILES
CC(O)C(O)C(O)C(O)C=O,CC(O)C(O)C(O)C(O)C=O,sweet,sweet,flavor_db,1,CC(O)C(O)C(O)C(O)C=O,0,"InChI=1S/C6H12O5/c1-3(8)5(10)6(11)4(9)2-7/h4-7,9-11H,2H2,1H3",0,Non-unique SMILES
CC(O)C(O)C(O)C(O)C=O,CC(O)C(O)C(O)C(O)C=O,bitter,"sweet, bitter",phytocompounds_db,1,CC(O)C(O)C(O)C(O)C=O,1,"InChI=1S/C6H12O5/c1-3(8)5(10)6(11)4(9)2-7/h4-7,9-11H,2H2,1H3",0,Non-unique SMILES
CC(O)CO,CC(O)CO,sweet,"Sweet, Sweetness",chemtastes_db,1,CC(O)CO,0,"InChI=1S/C3H8O2/c1-3(5)2-4/h3-5H,2H2,1H3",0,Non-unique SMILES
CC(O)CO,CC(O)CO,undefined,"alcoholic, very slight, odorless",flavor_db,1,CC(O)CO,4,"InChI=1S/C3H8O2/c1-3(5)2-4/h3-5H,2H2,1H3",0,Non-unique SMILES
CC=C(C)C(=O)O,CC=C(C)C(=O)O,sweet,"caramel, sweet, woody, spicy, dry",flavor_db,1,CC=C(C)C(=O)O,0,"InChI=1S/C5H8O2/c1-3-4(2)5(6)7/h3H,1-2H3,(H,6,7)",0,Non-unique SMILES
CC=C(C)C(=O)O,CC=C(C)C(=O)O,undefined,spicy,flavor_db,1,CC=C(C)C(=O)O,4,"InChI=1S/C5H8O2/c1-3-4(2)5(6)7/h3H,1-2H3,(H,6,7)",0,Non-unique SMILES
CC=C(C)C(=O)O,CC=C(C)C(=O)O,sour,pungent (biting); sour (acid),phytocompounds_db,1,CC=C(C)C(=O)O,3,"InChI=1S/C5H8O2/c1-3-4(2)5(6)7/h3H,1-2H3,(H,6,7)",0,Non-unique SMILES
CC=C(C)CC=NO,CC=C(C)CC=NO,sweet,"Sweet/Bitter, Multitaste",chemtastes_db,1,CC=C(C)CC=NO,0,"InChI=1S/C6H11NO/c1-3-6(2)4-5-7-8/h3,5,8H,4H2,1-2H3",0,Non-unique SMILES
CC=C(C)CC=NO,CC=C(C)CC=NO,bitter,"Sweet/Bitter, Multitaste",chemtastes_db,1,CC=C(C)CC=NO,1,"InChI=1S/C6H11NO/c1-3-6(2)4-5-7-8/h3,5,8H,4H2,1-2H3",0,Non-unique SMILES
CC=CC=CC(=O)OC,CC=CC=CC(=O)OC,undefined,"pungent, fruity, licorice",flavor_db,1,CC=CC=CC(=O)OC,4,"InChI=1S/C7H10O2/c1-3-4-5-6-7(8)9-2/h3-6H,1-2H3",0,Non-unique SMILES
CC=CC=CC(=O)OC,CC=CC=CC(=O)OC,sweet,sweet;,phytocompounds_db,1,CC=CC=CC(=O)OC,0,"InChI=1S/C7H10O2/c1-3-4-5-6-7(8)9-2/h3-6H,1-2H3",0,Non-unique SMILES
CC=CC=CC=CCCC=CC(=O)NCC(C)(C)O,CC=CC=CC=CCCC=CC(=O)NCC(C)(C)O,undefined,"Heating, pungent, and tingling, Miscellaneous",chemtastes_db,1,CC=CC=CC=CCCC=CC(=O)NCC(C)(C)O,4,"InChI=1S/C16H25NO2/c1-4-5-6-7-8-9-10-11-12-13-15(18)17-14-16(2,3)19/h4-9,12-13,19H,10-11,14H2,1-3H3,(H,17,18)",0,Non-unique SMILES
CC=CC=CC=CCCC=CC(=O)NCC(C)(C)O,CC=CC=CC=CCCC=CC(=O)NCC(C)(C)O,sour,pungent (tingling); sour;,phytocompounds_db,1,CC=CC=CC=CCCC=CC(=O)NCC(C)(C)O,3,"InChI=1S/C16H25NO2/c1-4-5-6-7-8-9-10-11-12-13-15(18)17-14-16(2,3)19/h4-9,12-13,19H,10-11,14H2,1-3H3,(H,17,18)",0,Non-unique SMILES
CC=Cc1ccc(O)c(OC)c1,CC=Cc1ccc(O)c(OC)c1,sweet,"carnation, clove, floral, sweet, woody, flower, spicy, phenolic",flavor_db,1,CC=Cc1ccc(O)c(OC)c1,0,"InChI=1S/C10H12O2/c1-3-4-8-5-6-9(11)10(7-8)12-2/h3-7,11H,1-2H3",0,Non-unique SMILES
CC=Cc1ccc(O)c(OC)c1,CC=Cc1ccc(O)c(OC)c1,undefined,"clove, spicy",flavor_db,1,CC=Cc1ccc(O)c(OC)c1,4,"InChI=1S/C10H12O2/c1-3-4-8-5-6-9(11)10(7-8)12-2/h3-7,11H,1-2H3",0,Non-unique SMILES
CC=Cc1ccc(OC(C)=O)c(OC)c1,CC=Cc1ccc(OC(C)=O)c(OC)c1,sweet,"carnation, powdery, floral, sweet, balsam, spicy",flavor_db,1,CC=Cc1ccc(OC(C)=O)c(OC)c1,0,"InChI=1S/C12H14O3/c1-4-5-10-6-7-11(15-9(2)13)12(8-10)14-3/h4-8H,1-3H3",0,Non-unique SMILES
CC=Cc1ccc(OC(C)=O)c(OC)c1,CC=Cc1ccc(OC(C)=O)c(OC)c1,undefined,"clove, spicy",flavor_db,1,CC=Cc1ccc(OC(C)=O)c(OC)c1,4,"InChI=1S/C12H14O3/c1-4-5-10-6-7-11(15-9(2)13)12(8-10)14-3/h4-8H,1-3H3",0,Non-unique SMILES
CC=Cc1ccc(OC)cc1,CC=Cc1ccc(OC)cc1,sweet,"Sweet, Sweetness",chemtastes_db,1,CC=Cc1ccc(OC)cc1,0,"InChI=1S/C10H12O/c1-3-4-9-5-7-10(11-2)8-6-9/h3-8H,1-2H3",0,Non-unique SMILES
CC=Cc1ccc(OC)cc1,CC=Cc1ccc(OC)cc1,undefined,anise,flavor_db,1,CC=Cc1ccc(OC)cc1,4,"InChI=1S/C10H12O/c1-3-4-9-5-7-10(11-2)8-6-9/h3-8H,1-2H3",0,Non-unique SMILES
CC1(C(=O)O)CCC2(C)CCC3(C)C(=CC(=O)C4C5(C)CCC(OC6OC(C(=O)O)C(O)C(O)C6OC6OC(C(=O)O)C(O)C(O)C6O)C(C)(C)C5CCC43C)C2C1,CC1(C(=O)O)CCC2(C)CCC3(C)C(=CC(=O)C4C5(C)CCC(OC6OC(C(=O)O)C(O)C(O)C6OC6OC(C(=O)O)C(O)C(O)C6O)C(C)(C)C5CCC43C)C2C1,sweet,"Sweet, Sweetness",chemtastes_db,1,CC1(C(=O)O)CCC2(C)CCC3(C)C(=CC(=O)C4C5(C)CCC(OC6OC(C(=O)O)C(O)C(O)C6OC6OC(C(=O)O)C(O)C(O)C6O)C(C)(C)C5CCC43C)C2C1,0,"InChI=1S/C42H62O16/c1-37(2)21-8-11-42(7)31(20(43)16-18-19-17-39(4,36(53)54)13-12-38(19,3)14-15-41(18,42)6)40(21,5)10-9-22(37)55-35-30(26(47)25(46)29(57-35)33(51)52)58-34-27(48)23(44)24(45)28(56-34)32(49)50/h21-31,34-35,44-48H,8-17H2,1-7H3,(H,49,50)(H,51,52)(H,53,54)",0,Non-unique SMILES
CC1(C(=O)O)CCC2(C)CCC3(C)C(=CC(=O)C4C5(C)CCC(OC6OC(C(=O)O)C(O)C(O)C6OC6OC(C(=O)O)C(O)C(O)C6O)C(C)(C)C5CCC43C)C2C1,CC1(C(=O)O)CCC2(C)CCC3(C)C(=CC(=O)C4C5(C)CCC(OC6OC(C(=O)O)C(O)C(O)C6OC6OC(C(=O)O)C(O)C(O)C6O)C(C)(C)C5CCC43C)C2C1,bitter,sweet; bitter;,phytocompounds_db,1,CC1(C(=O)O)CCC2(C)CCC3(C)C(=CC(=O)C4C5(C)CCC(OC6OC(C(=O)O)C(O)C(O)C6OC6OC(C(=O)O)C(O)C(O)C6O)C(C)(C)C5CCC43C)C2C1,1,"InChI=1S/C42H62O16/c1-37(2)21-8-11-42(7)31(20(43)16-18-19-17-39(4,36(53)54)13-12-38(19,3)14-15-41(18,42)6)40(21,5)10-9-22(37)55-35-30(26(47)25(46)29(57-35)33(51)52)58-34-27(48)23(44)24(45)28(56-34)32(49)50/h21-31,34-35,44-48H,8-17H2,1-7H3,(H,49,50)(H,51,52)(H,53,54)",0,Non-unique SMILES
CC1(C(=O)O)CCC2(C)CCC3(C)C(=CCC4C5(C)CCC(OC6OC(C(=O)O)C(O)C(O)C6OC6OC(C(=O)O)C(O)C(O)C6O)C(C)(C)C5CCC43C)C2C1,CC1(C(=O)O)CCC2(C)CCC3(C)C(=CCC4C5(C)CCC(OC6OC(C(=O)O)C(O)C(O)C6OC6OC(C(=O)O)C(O)C(O)C6O)C(C)(C)C5CCC43C)C2C1,sweet,sweet-like,flavor_db,1,CC1(C(=O)O)CCC2(C)CCC3(C)C(=CCC4C5(C)CCC(OC6OC(C(=O)O)C(O)C(O)C6OC6OC(C(=O)O)C(O)C(O)C6O)C(C)(C)C5CCC43C)C2C1,0,"InChI=1S/C42H64O15/c1-37(2)21-10-13-42(7)22(9-8-19-20-18-39(4,36(52)53)15-14-38(20,3)16-17-41(19,42)6)40(21,5)12-11-23(37)54-35-31(27(46)26(45)30(56-35)33(50)51)57-34-28(47)24(43)25(44)29(55-34)32(48)49/h8,20-31,34-35,43-47H,9-18H2,1-7H3,(H,48,49)(H,50,51)(H,52,53)",0,Non-unique SMILES
CC1(C(=O)O)CCC2(C)CCC3(C)C(=CCC4C5(C)CCC(OC6OC(C(=O)O)C(O)C(O)C6OC6OC(C(=O)O)C(O)C(O)C6O)C(C)(C)C5CCC43C)C2C1,CC1(C(=O)O)CCC2(C)CCC3(C)C(=CCC4C5(C)CCC(OC6OC(C(=O)O)C(O)C(O)C6OC6OC(C(=O)O)C(O)C(O)C6O)C(C)(C)C5CCC43C)C2C1,bitter,bitter; non-sweet,phytocompounds_db,1,CC1(C(=O)O)CCC2(C)CCC3(C)C(=CCC4C5(C)CCC(OC6OC(C(=O)O)C(O)C(O)C6OC6OC(C(=O)O)C(O)C(O)C6O)C(C)(C)C5CCC43C)C2C1,1,"InChI=1S/C42H64O15/c1-37(2)21-10-13-42(7)22(9-8-19-20-18-39(4,36(52)53)15-14-38(20,3)16-17-41(19,42)6)40(21,5)12-11-23(37)54-35-31(27(46)26(45)30(56-35)33(50)51)57-34-28(47)24(43)25(44)29(55-34)32(48)49/h8,20-31,34-35,43-47H,9-18H2,1-7H3,(H,48,49)(H,50,51)(H,52,53)",0,Non-unique SMILES
CC1(C)C2CCC1(C)C(O)C2,CC1(C)C2CCC1(C)C(O)C2,undefined,"woody, pine, camphor",flavor_db,1,CC1(C)C2CCC1(C)C(O)C2,4,"InChI=1S/C10H18O/c1-9(2)7-4-5-10(9,3)8(11)6-7/h7-8,11H,4-6H2,1-3H3",0,Non-unique SMILES
CC1(C)C2CCC1(C)C(O)C2,CC1(C)C2CCC1(C)C(O)C2,bitter,pungent; bitter,phytocompounds_db,1,CC1(C)C2CCC1(C)C(O)C2,1,"InChI=1S/C10H18O/c1-9(2)7-4-5-10(9,3)8(11)6-7/h7-8,11H,4-6H2,1-3H3",0,Non-unique SMILES
CC1(C)CCC2(C(=O)O)CCC3(C)C(=CCC4C5(C)CCC(OC6OC(C(=O)O)C(O)C(O)C6O)C(C)(C)C5CCC43C)C2C1,CC1(C)CCC2(C(=O)O)CCC3(C)C(=CCC4C5(C)CCC(OC6OC(C(=O)O)C(O)C(O)C6O)C(C)(C)C5CCC43C)C2C1,sweet,sweet-like,flavor_db,1,CC1(C)CCC2(C(=O)O)CCC3(C)C(=CCC4C5(C)CCC(OC6OC(C(=O)O)C(O)C(O)C6O)C(C)(C)C5CCC43C)C2C1,0,"InChI=1S/C36H56O9/c1-31(2)14-16-36(30(42)43)17-15-34(6)19(20(36)18-31)8-9-22-33(5)12-11-23(32(3,4)21(33)10-13-35(22,34)7)44-29-26(39)24(37)25(38)27(45-29)28(40)41/h8,20-27,29,37-39H,9-18H2,1-7H3,(H,40,41)(H,42,43)",0,Non-unique SMILES
CC1(C)CCC2(C(=O)O)CCC3(C)C(=CCC4C5(C)CCC(OC6OC(C(=O)O)C(O)C(O)C6O)C(C)(C)C5CCC43C)C2C1,CC1(C)CCC2(C(=O)O)CCC3(C)C(=CCC4C5(C)CCC(OC6OC(C(=O)O)C(O)C(O)C6O)C(C)(C)C5CCC43C)C2C1,bitter,bitter,phytocompounds_db,1,CC1(C)CCC2(C(=O)O)CCC3(C)C(=CCC4C5(C)CCC(OC6OC(C(=O)O)C(O)C(O)C6O)C(C)(C)C5CCC43C)C2C1,1,"InChI=1S/C36H56O9/c1-31(2)14-16-36(30(42)43)17-15-34(6)19(20(36)18-31)8-9-22-33(5)12-11-23(32(3,4)21(33)10-13-35(22,34)7)44-29-26(39)24(37)25(38)27(45-29)28(40)41/h8,20-27,29,37-39H,9-18H2,1-7H3,(H,40,41)(H,42,43)",0,Non-unique SMILES
CC1(C)CCC2(C(=O)O)CCC3(C)C(=CCC4C5(C)CCC(OC6OC(C(=O)O)C(O)C(OC7OCC(O)C(O)C7O)C6O)C(C)(C)C5CCC43C)C2C1,CC1(C)CCC2(C(=O)O)CCC3(C)C(=CCC4C5(C)CCC(OC6OC(C(=O)O)C(O)C(OC7OCC(O)C(O)C7O)C6O)C(C)(C)C5CCC43C)C2C1,bitter,"Bitter, Bitterness",chemtastes_db,1,CC1(C)CCC2(C(=O)O)CCC3(C)C(=CCC4C5(C)CCC(OC6OC(C(=O)O)C(O)C(OC7OCC(O)C(O)C7O)C6O)C(C)(C)C5CCC43C)C2C1,1,"InChI=1S/C41H64O13/c1-36(2)14-16-41(35(49)50)17-15-39(6)20(21(41)18-36)8-9-24-38(5)12-11-25(37(3,4)23(38)10-13-40(24,39)7)52-34-29(46)30(28(45)31(54-34)32(47)48)53-33-27(44)26(43)22(42)19-51-33/h8,21-31,33-34,42-46H,9-19H2,1-7H3,(H,47,48)(H,49,50)",0,Non-unique SMILES
CC1(C)CCC2(C(=O)O)CCC3(C)C(=CCC4C5(C)CCC(OC6OC(C(=O)O)C(O)C(OC7OCC(O)C(O)C7O)C6O)C(C)(C)C5CCC43C)C2C1,CC1(C)CCC2(C(=O)O)CCC3(C)C(=CCC4C5(C)CCC(OC6OC(C(=O)O)C(O)C(OC7OCC(O)C(O)C7O)C6O)C(C)(C)C5CCC43C)C2C1,sweet,sweet-like,flavor_db,1,CC1(C)CCC2(C(=O)O)CCC3(C)C(=CCC4C5(C)CCC(OC6OC(C(=O)O)C(O)C(OC7OCC(O)C(O)C7O)C6O)C(C)(C)C5CCC43C)C2C1,0,"InChI=1S/C41H64O13/c1-36(2)14-16-41(35(49)50)17-15-39(6)20(21(41)18-36)8-9-24-38(5)12-11-25(37(3,4)23(38)10-13-40(24,39)7)52-34-29(46)30(28(45)31(54-34)32(47)48)53-33-27(44)26(43)22(42)19-51-33/h8,21-31,33-34,42-46H,9-19H2,1-7H3,(H,47,48)(H,49,50)",0,Non-unique SMILES
CC1(C)CCC2(C(=O)OC3OC(CO)C(O)C(O)C3O)CCC3(C)C(=CCC4C5(C)CCC(OC6OC(C(=O)O)C(O)C(OC7OCC(O)C(O)C7O)C6O)C(C)(C)C5CCC43C)C2C1,CC1(C)CCC2(C(=O)OC3OC(CO)C(O)C(O)C3O)CCC3(C)C(=CCC4C5(C)CCC(OC6OC(C(=O)O)C(O)C(OC7OCC(O)C(O)C7O)C6O)C(C)(C)C5CCC43C)C2C1,bitter,"Bitter, Bitterness",chemtastes_db,1,CC1(C)CCC2(C(=O)OC3OC(CO)C(O)C(O)C3O)CCC3(C)C(=CCC4C5(C)CCC(OC6OC(C(=O)O)C(O)C(OC7OCC(O)C(O)C7O)C6O)C(C)(C)C5CCC43C)C2C1,1,"InChI=1S/C47H74O18/c1-42(2)14-16-47(41(59)65-39-32(54)30(52)29(51)24(19-48)61-39)17-15-45(6)21(22(47)18-42)8-9-26-44(5)12-11-27(43(3,4)25(44)10-13-46(26,45)7)62-40-34(56)35(33(55)36(64-40)37(57)58)63-38-31(53)28(50)23(49)20-60-38/h8,22-36,38-40,48-56H,9-20H2,1-7H3,(H,57,58)",0,Non-unique SMILES
CC1(C)CCC2(C(=O)OC3OC(CO)C(O)C(O)C3O)CCC3(C)C(=CCC4C5(C)CCC(OC6OC(C(=O)O)C(O)C(OC7OCC(O)C(O)C7O)C6O)C(C)(C)C5CCC43C)C2C1,CC1(C)CCC2(C(=O)OC3OC(CO)C(O)C(O)C3O)CCC3(C)C(=CCC4C5(C)CCC(OC6OC(C(=O)O)C(O)C(OC7OCC(O)C(O)C7O)C6O)C(C)(C)C5CCC43C)C2C1,sweet,sweet-like,flavor_db,1,CC1(C)CCC2(C(=O)OC3OC(CO)C(O)C(O)C3O)CCC3(C)C(=CCC4C5(C)CCC(OC6OC(C(=O)O)C(O)C(OC7OCC(O)C(O)C7O)C6O)C(C)(C)C5CCC43C)C2C1,0,"InChI=1S/C47H74O18/c1-42(2)14-16-47(41(59)65-39-32(54)30(52)29(51)24(19-48)61-39)17-15-45(6)21(22(47)18-42)8-9-26-44(5)12-11-27(43(3,4)25(44)10-13-46(26,45)7)62-40-34(56)35(33(55)36(64-40)37(57)58)63-38-31(53)28(50)23(49)20-60-38/h8,22-36,38-40,48-56H,9-20H2,1-7H3,(H,57,58)",0,Non-unique SMILES
CC1=CC(=O)C(C(C)C)CC1,CC1=CC(=O)C(C(C)C)CC1,sweet,"mint, herbal, fresh, fruit, sweet, minty, medicinal, camphor",flavor_db,1,CC1=CC(=O)C(C(C)C)CC1,0,"InChI=1S/C10H16O/c1-7(2)9-5-4-8(3)6-10(9)11/h6-7,9H,4-5H2,1-3H3",0,Non-unique SMILES
CC1=CC(=O)C(C(C)C)CC1,CC1=CC(=O)C(C(C)C)CC1,undefined,"minty, peppermint",flavor_db,1,CC1=CC(=O)C(C(C)C)CC1,4,"InChI=1S/C10H16O/c1-7(2)9-5-4-8(3)6-10(9)11/h6-7,9H,4-5H2,1-3H3",0,Non-unique SMILES
CC1=CC(=O)NS(=O)(=O)O1,CC1=CC(=O)NS(=O)(=O)O1,sweet,"Sweet(5); Bitter, Sweetness",chemtastes_db,1,CC1=CC(=O)NS(=O)(=O)O1,0,"InChI=1S/C4H5NO4S/c1-3-2-4(6)5-10(7,8)9-3/h2H,1H3,(H,5,6)",0,Non-unique SMILES
CC1=CC(=O)NS(=O)(=O)O1,CC1=CC(=O)NS(=O)(=O)O1,bitter,bitter,flavor_db,1,CC1=CC(=O)NS(=O)(=O)O1,1,"InChI=1S/C4H5NO4S/c1-3-2-4(6)5-10(7,8)9-3/h2H,1H3,(H,5,6)",0,Non-unique SMILES
CC1=CC=CCC1,CC1=CC=CCC1,sweet,"Sweet, Sweetness",chemtastes_db,1,CC1=CC=CCC1,0,"InChI=1S/C7H10/c1-7-5-3-2-4-6-7/h2-3,5H,4,6H2,1H3",0,Non-unique SMILES
CC1=CC=CCC1,CC1=CC=CCC1,undefined,fruity,flavor_db,1,CC1=CC=CCC1,4,"InChI=1S/C7H10/c1-7-5-3-2-4-6-7/h2-3,5H,4,6H2,1H3",0,Non-unique SMILES
CC1=CCC(C(C)(C)OC(=O)CC(C)C)CC1,CC1=CCC(C(C)(C)OC(=O)CC(C)C)CC1,bitter,"Bitter, Bitterness",chemtastes_db,1,CC1=CCC(C(C)(C)OC(=O)CC(C)C)CC1,1,"InChI=1S/C15H26O2/c1-11(2)10-14(16)17-15(4,5)13-8-6-12(3)7-9-13/h6,11,13H,7-10H2,1-5H3",0,Non-unique SMILES
CC1=CCC(C(C)(C)OC(=O)CC(C)C)CC1,CC1=CCC(C(C)(C)OC(=O)CC(C)C)CC1,sweet,"sweet, pine, incense, olibanum, orange, bitter",flavor_db,1,CC1=CCC(C(C)(C)OC(=O)CC(C)C)CC1,0,"InChI=1S/C15H26O2/c1-11(2)10-14(16)17-15(4,5)13-8-6-12(3)7-9-13/h6,11,13H,7-10H2,1-5H3",0,Non-unique SMILES
CC1=CCC(C(C)C)C=C1,CC1=CCC(C(C)C)C=C1,undefined,"mint, citrus, peppery, spice, herbal, turpentine, woody, terpene, green",flavor_db,1,CC1=CCC(C(C)C)C=C1,4,"InChI=1S/C10H16/c1-8(2)10-6-4-9(3)5-7-10/h4-6,8,10H,7H2,1-3H3",0,Non-unique SMILES
CC1=CCC(C(C)C)C=C1,CC1=CCC(C(C)C)C=C1,bitter,bitter; pungent; pungent (aromatic),phytocompounds_db,1,CC1=CCC(C(C)C)C=C1,1,"InChI=1S/C10H16/c1-8(2)10-6-4-9(3)5-7-10/h4-6,8,10H,7H2,1-3H3",0,Non-unique SMILES
CC1=CCC(O)(C(C)C)CC1,CC1=CCC(O)(C(C)C)CC1,sweet,"must, pepper, turpentine, musty, woody, sweet, nutmeg, earth",flavor_db,1,CC1=CCC(O)(C(C)C)CC1,0,"InChI=1S/C10H18O/c1-8(2)10(11)6-4-9(3)5-7-10/h4,8,11H,5-7H2,1-3H3",0,Non-unique SMILES
CC1=CCC(O)(C(C)C)CC1,CC1=CCC(O)(C(C)C)CC1,undefined,"lemon, chocolate, lime, pepper, minty, grapefruit",flavor_db,1,CC1=CCC(O)(C(C)C)CC1,4,"InChI=1S/C10H18O/c1-8(2)10(11)6-4-9(3)5-7-10/h4,8,11H,5-7H2,1-3H3",0,Non-unique SMILES
CC1=CCC(O)(C(C)C)CC1,CC1=CCC(O)(C(C)C)CC1,bitter,bitter; pungent; sweet;,phytocompounds_db,1,CC1=CCC(O)(C(C)C)CC1,1,"InChI=1S/C10H18O/c1-8(2)10(11)6-4-9(3)5-7-10/h4,8,11H,5-7H2,1-3H3",0,Non-unique SMILES
CC1=CCC2C(C1)C2(C)C,CC1=CCC2C(C1)C2(C)C,sweet,"lemon, citrus, sweet, resin",flavor_db,1,CC1=CCC2C(C1)C2(C)C,0,"InChI=1S/C10H16/c1-7-4-5-8-9(6-7)10(8,2)3/h4,8-9H,5-6H2,1-3H3",0,Non-unique SMILES
CC1=CCC2C(C1)C2(C)C,CC1=CCC2C(C1)C2(C)C,undefined,pungent (aromatic),phytocompounds_db,1,CC1=CCC2C(C1)C2(C)C,4,"InChI=1S/C10H16/c1-7-4-5-8-9(6-7)10(8,2)3/h4,8-9H,5-6H2,1-3H3",0,Non-unique SMILES
CC1=CCC2CC1C2(C)C,CC1=CCC2CC1C2(C)C,sweet,"harsh, turpentine, minty, fresh, earthy, sweet, woody, terpene, pine, camphor",flavor_db,1,CC1=CCC2CC1C2(C)C,0,"InChI=1S/C10H16/c1-7-4-5-8-6-9(7)10(8,2)3/h4,8-9H,5-6H2,1-3H3",0,Non-unique SMILES
CC1=CCC2CC1C2(C)C,CC1=CCC2CC1C2(C)C,undefined,"resinous, warm, sharp, fresh, pine",flavor_db,1,CC1=CCC2CC1C2(C)C,4,"InChI=1S/C10H16/c1-7-4-5-8-6-9(7)10(8,2)3/h4,8-9H,5-6H2,1-3H3",0,Non-unique SMILES
CC12CCC(C1)C(C)(C)C2=O,CC12CCC(C1)C(C)(C)C2=O,bitter,"Somewhat bitter, Bitterness",chemtastes_db,1,CC12CCC(C1)C(C)(C)C2=O,1,"InChI=1S/C10H16O/c1-9(2)7-4-5-10(3,6-7)8(9)11/h7H,4-6H2,1-3H3",0,Non-unique SMILES
CC12CCC(C1)C(C)(C)C2=O,CC12CCC(C1)C(C)(C)C2=O,undefined,"earthy, woody, herbal, camphor",flavor_db,1,CC12CCC(C1)C(C)(C)C2=O,4,"InChI=1S/C10H16O/c1-9(2)7-4-5-10(3,6-7)8(9)11/h7H,4-6H2,1-3H3",0,Non-unique SMILES
CC12CCC(C1)C(C)(C)C2O,CC12CCC(C1)C(C)(C)C2O,bitter,"Bitter, Bitterness",chemtastes_db,1,CC12CCC(C1)C(C)(C)C2O,1,"InChI=1S/C10H18O/c1-9(2)7-4-5-10(3,6-7)8(9)11/h7-8,11H,4-6H2,1-3H3",0,Non-unique SMILES
CC12CCC(C1)C(C)(C)C2O,CC12CCC(C1)C(C)(C)C2O,sweet,"dry, lemon, borneol, sweet, pine, camphor, woody, bitter",flavor_db,1,CC12CCC(C1)C(C)(C)C2O,0,"InChI=1S/C10H18O/c1-9(2)7-4-5-10(3,6-7)8(9)11/h7-8,11H,4-6H2,1-3H3",0,Non-unique SMILES
CC12CCC(C1)C(C)(C)C2O,CC12CCC(C1)C(C)(C)C2O,undefined,"lemon, lime, pepper, grape, musty, camphoraceous, raspberry, camphor",flavor_db,1,CC12CCC(C1)C(C)(C)C2O,4,"InChI=1S/C10H18O/c1-9(2)7-4-5-10(3,6-7)8(9)11/h7-8,11H,4-6H2,1-3H3",0,Non-unique SMILES
CC12CCC(CC1=O)C2(C)C,CC12CCC(CC1=O)C2(C)C,bitter,"Bitter, Bitterness",chemtastes_db,1,CC12CCC(CC1=O)C2(C)C,1,"InChI=1S/C10H16O/c1-9(2)7-4-5-10(9,3)8(11)6-7/h7H,4-6H2,1-3H3",0,Non-unique SMILES
CC12CCC(CC1=O)C2(C)C,CC12CCC(CC1=O)C2(C)C,undefined,"camphoreous, camphor",flavor_db,1,CC12CCC(CC1=O)C2(C)C,4,"InChI=1S/C10H16O/c1-9(2)7-4-5-10(9,3)8(11)6-7/h7H,4-6H2,1-3H3",0,Non-unique SMILES
CC1C(=O)CC2(C(C)C)CC12,CC1C(=O)CC2(C(C)C)CC12,bitter,"Bitter, Bitterness",chemtastes_db,1,CC1C(=O)CC2(C(C)C)CC12,1,"InChI=1S/C10H16O/c1-6(2)10-4-8(10)7(3)9(11)5-10/h6-8H,4-5H2,1-3H3",0,Non-unique SMILES
CC1C(=O)CC2(C(C)C)CC12,CC1C(=O)CC2(C(C)C)CC12,undefined,cedarleaf,flavor_db,1,CC1C(=O)CC2(C(C)C)CC12,4,"InChI=1S/C10H16O/c1-6(2)10-4-8(10)7(3)9(11)5-10/h6-8H,4-5H2,1-3H3",0,Non-unique SMILES
CC1CC=C(C=NO)CC1,CC1CC=C(C=NO)CC1,bitter,"Bitter, Bitterness",chemtastes_db,1,CC1CC=C(C=NO)CC1,1,"InChI=1S/C8H13NO/c1-7-2-4-8(5-3-7)6-9-10/h4,6-7,10H,2-3,5H2,1H3",0,Non-unique SMILES
CC1CC=C(C=NO)CC1,CC1CC=C(C=NO)CC1,sweet,sweet-like,flavor_db,1,CC1CC=C(C=NO)CC1,0,"InChI=1S/C8H13NO/c1-7-2-4-8(5-3-7)6-9-10/h4,6-7,10H,2-3,5H2,1H3",0,Non-unique SMILES
CC1CCC(C(C)C)C(=O)C1,CC1CCC(C(C)C)C(=O)C1,bitter,"Bitter, Bitterness",chemtastes_db,1,CC1CCC(C(C)C)C(=O)C1,1,"InChI=1S/C10H18O/c1-7(2)9-5-4-8(3)6-10(9)11/h7-9H,4-6H2,1-3H3",0,Non-unique SMILES
CC1CCC(C(C)C)C(=O)C1,CC1CCC(C(C)C)C(=O)C1,sweet,"mint, fresh, peppermint, sweet, cool, minty, green",flavor_db,1,CC1CCC(C(C)C)C(=O)C1,0,"InChI=1S/C10H18O/c1-7(2)9-5-4-8(3)6-10(9)11/h7-9H,4-6H2,1-3H3",0,Non-unique SMILES
CC1CCC(C(C)C)C(=O)C1,CC1CCC(C(C)C)C(=O)C1,undefined,minty,flavor_db,1,CC1CCC(C(C)C)C(=O)C1,4,"InChI=1S/C10H18O/c1-7(2)9-5-4-8(3)6-10(9)11/h7-9H,4-6H2,1-3H3",0,Non-unique SMILES
CC1CCC(C(C)C)C(O)C1,CC1CCC(C(C)C)C(O)C1,undefined,"Moderately bitter; Cooling, Multitaste",chemtastes_db,1,CC1CCC(C(C)C)C(O)C1,4,"InChI=1S/C10H20O/c1-7(2)9-5-4-8(3)6-10(9)11/h7-11H,4-6H2,1-3H3",0,Non-unique SMILES
CC1CCC(C(C)C)C(O)C1,CC1CCC(C(C)C)C(O)C1,sweet,"camphoraceous, minty, sweet, mentholic",flavor_db,1,CC1CCC(C(C)C)C(O)C1,0,"InChI=1S/C10H20O/c1-7(2)9-5-4-8(3)6-10(9)11/h7-11H,4-6H2,1-3H3",0,Non-unique SMILES
CC1CCC(C(C)C)C(O)C1,CC1CCC(C(C)C)C(O)C1,bitter,"pungent, bitter, sweet",phytocompounds_db,1,CC1CCC(C(C)C)C(O)C1,1,"InChI=1S/C10H20O/c1-7(2)9-5-4-8(3)6-10(9)11/h7-11H,4-6H2,1-3H3",0,Non-unique SMILES
Cc1ccc(S(=O)(=O)C(C)CC(=O)O)cc1,Cc1ccc(S(=O)(=O)C(C)CC(=O)O)cc1,sweet,"Sweet/Bitter, Multitaste",chemtastes_db,1,Cc1ccc(S(=O)(=O)C(C)CC(=O)O)cc1,0,"InChI=1S/C11H14O4S/c1-8-3-5-10(6-4-8)16(14,15)9(2)7-11(12)13/h3-6,9H,7H2,1-2H3,(H,12,13)",0,Non-unique SMILES
Cc1ccc(S(=O)(=O)C(C)CC(=O)O)cc1,Cc1ccc(S(=O)(=O)C(C)CC(=O)O)cc1,bitter,"Sweet/Bitter, Multitaste",chemtastes_db,1,Cc1ccc(S(=O)(=O)C(C)CC(=O)O)cc1,1,"InChI=1S/C11H14O4S/c1-8-3-5-10(6-4-8)16(14,15)9(2)7-11(12)13/h3-6,9H,7H2,1-2H3,(H,12,13)",0,Non-unique SMILES
CC1CCC2C1C1C(CCC2(C)O)C1(C)C,CC1CCC2C1C1C(CCC2(C)O)C1(C)C,sweet,"herbal, sweet, fruity, tropical, minty, green",flavor_db,1,CC1CCC2C1C1C(CCC2(C)O)C1(C)C,0,"InChI=1S/C15H26O/c1-9-5-6-10-12(9)13-11(14(13,2)3)7-8-15(10,4)16/h9-13,16H,5-8H2,1-4H3",0,Non-unique SMILES
CC1CCC2C1C1C(CCC2(C)O)C1(C)C,CC1CCC2C1C1C(CCC2(C)O)C1(C)C,undefined,"floral, rose",flavor_db,1,CC1CCC2C1C1C(CCC2(C)O)C1(C)C,4,"InChI=1S/C15H26O/c1-9-5-6-10-12(9)13-11(14(13,2)3)7-8-15(10,4)16/h9-13,16H,5-8H2,1-4H3",0,Non-unique SMILES
Cc1ccc2oc(=O)ccc2c1,Cc1ccc2oc(=O)ccc2c1,bitter,"Bitter, Bitterness",chemtastes_db,1,Cc1ccc2oc(=O)ccc2c1,1,"InChI=1S/C10H8O2/c1-7-2-4-9-8(6-7)3-5-10(11)12-9/h2-6H,1H3",0,Non-unique SMILES
Cc1ccc2oc(=O)ccc2c1,Cc1ccc2oc(=O)ccc2c1,sweet,"coconut, powdery, sweet, vanilla, anise, balsam, creamy, floral, bitter",flavor_db,1,Cc1ccc2oc(=O)ccc2c1,0,"InChI=1S/C10H8O2/c1-7-2-4-9-8(6-7)3-5-10(11)12-9/h2-6H,1H3",0,Non-unique SMILES
CC1CCCC(=O)C1,CC1CCCC(=O)C1,undefined,"camphoraceous, minty, medicinal, camphor",flavor_db,1,CC1CCCC(=O)C1,4,"InChI=1S/C7H12O/c1-6-3-2-4-7(8)5-6/h6H,2-5H2,1H3",0,Non-unique SMILES
CC1CCCC(=O)C1,CC1CCCC(=O)C1,bitter,bitter; pungent;,phytocompounds_db,1,CC1CCCC(=O)C1,1,"InChI=1S/C7H12O/c1-6-3-2-4-7(8)5-6/h6H,2-5H2,1H3",0,Non-unique SMILES
CC1COC(c2ccccc2)O1,CC1COC(c2ccccc2)O1,sweet,"naphthalic, bitter, narcissus, sweet, woody",flavor_db,1,CC1COC(c2ccccc2)O1,0,"InChI=1S/C10H12O2/c1-8-7-11-10(12-8)9-5-3-2-4-6-9/h2-6,8,10H,7H2,1H3",0,Non-unique SMILES
CC1COC(c2ccccc2)O1,CC1COC(c2ccccc2)O1,bitter,"naphthalic, bitter, narcissus, sweet, woody",flavor_db,1,CC1COC(c2ccccc2)O1,1,"InChI=1S/C10H12O2/c1-8-7-11-10(12-8)9-5-3-2-4-6-9/h2-6,8,10H,7H2,1H3",0,Non-unique SMILES
Cc1coc2c1CCC(C)C2,Cc1coc2c1CCC(C)C2,undefined,"musty, earthy, coffee, pungent, nutty",flavor_db,1,Cc1coc2c1CCC(C)C2,4,"InChI=1S/C10H14O/c1-7-3-4-9-8(2)6-11-10(9)5-7/h6-7H,3-5H2,1-2H3",0,Non-unique SMILES
Cc1coc2c1CCC(C)C2,Cc1coc2c1CCC(C)C2,bitter,bitter,phytocompounds_db,1,Cc1coc2c1CCC(C)C2,1,"InChI=1S/C10H14O/c1-7-3-4-9-8(2)6-11-10(9)5-7/h6-7H,3-5H2,1-2H3",0,Non-unique SMILES
Cc1ncc(C[n+]2csc(CCO)c2C)c(N)n1.Cl.[Cl-],Cc1ncc(C[n+]2csc(CCO)c2C)c(N)n1.Cl.[Cl-],bitter,"Bitter, Bitterness",chemtastes_db,1,Cc1ncc(C[n+]2csc(CCO)c2C)c(N)n1.Cl.[Cl-],1,"InChI=1S/C12H17N4OS/c1-8-11(3-4-17)18-7-16(8)6-10-5-14-9(2)15-12(10)13/h5,7,17H,3-4,6H2,1-2H3,(H2,13,14,15)/q+1",0,Non-unique SMILES
Cc1ncc(C[n+]2csc(CCO)c2C)c(N)n1.Cl.[Cl-],Cc1ncc(C[n+]2csc(CCO)c2C)c(N)n1.Cl.[Cl-],sour,"mild, sour, bitter",flavor_db,1,Cc1ncc(C[n+]2csc(CCO)c2C)c(N)n1.Cl.[Cl-],3,"InChI=1S/C12H17N4OS/c1-8-11(3-4-17)18-7-16(8)6-10-5-14-9(2)15-12(10)13/h5,7,17H,3-4,6H2,1-2H3,(H2,13,14,15)/q+1",0,Non-unique SMILES
CC1OC(Oc2c(-c3ccc(O)c(O)c3)oc3cc(O)cc(O)c3c2=O)C(O)C(O)C1O,CC1OC(Oc2c(-c3ccc(O)c(O)c3)oc3cc(O)cc(O)c3c2=O)C(O)C(O)C1O,sweet,sweet-like,flavor_db,1,CC1OC(Oc2c(-c3ccc(O)c(O)c3)oc3cc(O)cc(O)c3c2=O)C(O)C(O)C1O,0,"InChI=1S/C21H20O11/c1-7-15(26)17(28)18(29)21(30-7)32-20-16(27)14-12(25)5-9(22)6-13(14)31-19(20)8-2-3-10(23)11(24)4-8/h2-7,15,17-18,21-26,28-29H,1H3",0,Non-unique SMILES
CC1OC(Oc2c(-c3ccc(O)c(O)c3)oc3cc(O)cc(O)c3c2=O)C(O)C(O)C1O,CC1OC(Oc2c(-c3ccc(O)c(O)c3)oc3cc(O)cc(O)c3c2=O)C(O)C(O)C1O,bitter,bitter; astringent,phytocompounds_db,1,CC1OC(Oc2c(-c3ccc(O)c(O)c3)oc3cc(O)cc(O)c3c2=O)C(O)C(O)C1O,1,"InChI=1S/C21H20O11/c1-7-15(26)17(28)18(29)21(30-7)32-20-16(27)14-12(25)5-9(22)6-13(14)31-19(20)8-2-3-10(23)11(24)4-8/h2-7,15,17-18,21-26,28-29H,1H3",0,Non-unique SMILES
CC1OC(OC2C(=O)c3c(O)cc(O)cc3OC2c2ccc(O)c(O)c2)C(O)C(O)C1O,CC1OC(OC2C(=O)c3c(O)cc(O)cc3OC2c2ccc(O)c(O)c2)C(O)C(O)C1O,sweet,"Sweet, Sweetness",chemtastes_db,1,CC1OC(OC2C(=O)c3c(O)cc(O)cc3OC2c2ccc(O)c(O)c2)C(O)C(O)C1O,0,"InChI=1S/C21H22O11/c1-7-15(26)17(28)18(29)21(30-7)32-20-16(27)14-12(25)5-9(22)6-13(14)31-19(20)8-2-3-10(23)11(24)4-8/h2-7,15,17-26,28-29H,1H3",0,Non-unique SMILES
CC1OC(OC2C(=O)c3c(O)cc(O)cc3OC2c2ccc(O)c(O)c2)C(O)C(O)C1O,CC1OC(OC2C(=O)c3c(O)cc(O)cc3OC2c2ccc(O)c(O)c2)C(O)C(O)C1O,undefined,"Non-sweet, Non-sweetness",chemtastes_db,1,CC1OC(OC2C(=O)c3c(O)cc(O)cc3OC2c2ccc(O)c(O)c2)C(O)C(O)C1O,4,"InChI=1S/C21H22O11/c1-7-15(26)17(28)18(29)21(30-7)32-20-16(27)14-12(25)5-9(22)6-13(14)31-19(20)8-2-3-10(23)11(24)4-8/h2-7,15,17-26,28-29H,1H3",0,Non-unique SMILES
CC1OC(OC2C(Oc3cc(O)c4c(c3)OC(c3ccc(O)c(O)c3)CC4=O)OC(CO)C(O)C2O)C(O)C(O)C1O,CC1OC(OC2C(Oc3cc(O)c4c(c3)OC(c3ccc(O)c(O)c3)CC4=O)OC(CO)C(O)C2O)C(O)C(O)C1O,bitter,"Bitter, Bitterness",chemtastes_db,1,CC1OC(OC2C(Oc3cc(O)c4c(c3)OC(c3ccc(O)c(O)c3)CC4=O)OC(CO)C(O)C2O)C(O)C(O)C1O,1,"InChI=1S/C27H32O15/c1-9-20(33)22(35)24(37)26(38-9)42-25-23(36)21(34)18(8-28)41-27(25)39-11-5-14(31)19-15(32)7-16(40-17(19)6-11)10-2-3-12(29)13(30)4-10/h2-6,9,16,18,20-31,33-37H,7-8H2,1H3",0,Non-unique SMILES
CC1OC(OC2C(Oc3cc(O)c4c(c3)OC(c3ccc(O)c(O)c3)CC4=O)OC(CO)C(O)C2O)C(O)C(O)C1O,CC1OC(OC2C(Oc3cc(O)c4c(c3)OC(c3ccc(O)c(O)c3)CC4=O)OC(CO)C(O)C2O)C(O)C(O)C1O,sweet,sweet-like,flavor_db,1,CC1OC(OC2C(Oc3cc(O)c4c(c3)OC(c3ccc(O)c(O)c3)CC4=O)OC(CO)C(O)C2O)C(O)C(O)C1O,0,"InChI=1S/C27H32O15/c1-9-20(33)22(35)24(37)26(38-9)42-25-23(36)21(34)18(8-28)41-27(25)39-11-5-14(31)19-15(32)7-16(40-17(19)6-11)10-2-3-12(29)13(30)4-10/h2-6,9,16,18,20-31,33-37H,7-8H2,1H3",0,Non-unique SMILES
CC1OC(Oc2cc(O)cc(O)c2C(=O)CCc2ccc(O)cc2)C(O)C(O)C1O,CC1OC(Oc2cc(O)cc(O)c2C(=O)CCc2ccc(O)cc2)C(O)C(O)C1O,sweet,sweet; bitter,phytocompounds_db,1,CC1OC(Oc2cc(O)cc(O)c2C(=O)CCc2ccc(O)cc2)C(O)C(O)C1O,0,"InChI=1S/C21H24O9/c1-10-18(26)19(27)20(28)21(29-10)30-16-9-13(23)8-15(25)17(16)14(24)7-4-11-2-5-12(22)6-3-11/h2-3,5-6,8-10,18-23,25-28H,4,7H2,1H3",0,Non-unique SMILES
CC1OC(Oc2cc(O)cc(O)c2C(=O)CCc2ccc(O)cc2)C(O)C(O)C1O,CC1OC(Oc2cc(O)cc(O)c2C(=O)CCc2ccc(O)cc2)C(O)C(O)C1O,bitter,sweet; bitter,phytocompounds_db,1,CC1OC(Oc2cc(O)cc(O)c2C(=O)CCc2ccc(O)cc2)C(O)C(O)C1O,1,"InChI=1S/C21H24O9/c1-10-18(26)19(27)20(28)21(29-10)30-16-9-13(23)8-15(25)17(16)14(24)7-4-11-2-5-12(22)6-3-11/h2-3,5-6,8-10,18-23,25-28H,4,7H2,1H3",0,Non-unique SMILES
CC1OC(OCC2OC(Oc3c(-c4ccc(O)c(O)c4)oc4cc(O)cc(O)c4c3=O)C(O)C(O)C2O)C(O)C(O)C1O,CC1OC(OCC2OC(Oc3c(-c4ccc(O)c(O)c4)oc4cc(O)cc(O)c4c3=O)C(O)C(O)C2O)C(O)C(O)C1O,undefined,"Astringent, Miscellaneous",chemtastes_db,1,CC1OC(OCC2OC(Oc3c(-c4ccc(O)c(O)c4)oc4cc(O)cc(O)c4c3=O)C(O)C(O)C2O)C(O)C(O)C1O,4,"InChI=1S/C27H30O16/c1-8-17(32)20(35)22(37)26(40-8)39-7-15-18(33)21(36)23(38)27(42-15)43-25-19(34)16-13(31)5-10(28)6-14(16)41-24(25)9-2-3-11(29)12(30)4-9/h2-6,8,15,17-18,20-23,26-33,35-38H,7H2,1H3",0,Non-unique SMILES
CC1OC(OCC2OC(Oc3c(-c4ccc(O)c(O)c4)oc4cc(O)cc(O)c4c3=O)C(O)C(O)C2O)C(O)C(O)C1O,CC1OC(OCC2OC(Oc3c(-c4ccc(O)c(O)c4)oc4cc(O)cc(O)c4c3=O)C(O)C(O)C2O)C(O)C(O)C1O,bitter,astringent; bitter; bitter enhancer,phytocompounds_db,1,CC1OC(OCC2OC(Oc3c(-c4ccc(O)c(O)c4)oc4cc(O)cc(O)c4c3=O)C(O)C(O)C2O)C(O)C(O)C1O,1,"InChI=1S/C27H30O16/c1-8-17(32)20(35)22(37)26(40-8)39-7-15-18(33)21(36)23(38)27(42-15)43-25-19(34)16-13(31)5-10(28)6-14(16)41-24(25)9-2-3-11(29)12(30)4-9/h2-6,8,15,17-18,20-23,26-33,35-38H,7H2,1H3",0,Non-unique SMILES
CC1OC(OCC2OC(Oc3cc(O)c4c(c3)OC(c3ccc(O)c(O)c3)CC4=O)C(O)C(O)C2O)C(O)C(O)C1O,CC1OC(OCC2OC(Oc3cc(O)c4c(c3)OC(c3ccc(O)c(O)c3)CC4=O)C(O)C(O)C2O)C(O)C(O)C1O,undefined,"Neutral, Tastelessness",chemtastes_db,1,CC1OC(OCC2OC(Oc3cc(O)c4c(c3)OC(c3ccc(O)c(O)c3)CC4=O)C(O)C(O)C2O)C(O)C(O)C1O,4,"InChI=1S/C27H32O15/c1-9-20(32)22(34)24(36)26(39-9)38-8-18-21(33)23(35)25(37)27(42-18)40-11-5-14(30)19-15(31)7-16(41-17(19)6-11)10-2-3-12(28)13(29)4-10/h2-6,9,16,18,20-30,32-37H,7-8H2,1H3",0,Non-unique SMILES
CC1OC(OCC2OC(Oc3cc(O)c4c(c3)OC(c3ccc(O)c(O)c3)CC4=O)C(O)C(O)C2O)C(O)C(O)C1O,CC1OC(OCC2OC(Oc3cc(O)c4c(c3)OC(c3ccc(O)c(O)c3)CC4=O)C(O)C(O)C2O)C(O)C(O)C1O,sweet,sweet-like,flavor_db,1,CC1OC(OCC2OC(Oc3cc(O)c4c(c3)OC(c3ccc(O)c(O)c3)CC4=O)C(O)C(O)C2O)C(O)C(O)C1O,0,"InChI=1S/C27H32O15/c1-9-20(32)22(34)24(36)26(39-9)38-8-18-21(33)23(35)25(37)27(42-18)40-11-5-14(30)19-15(31)7-16(41-17(19)6-11)10-2-3-12(28)13(29)4-10/h2-6,9,16,18,20-30,32-37H,7-8H2,1H3",0,Non-unique SMILES
CC1OC(OCC2OC(Oc3cc(O)c4c(c3)OC(c3ccc(O)c(O)c3)CC4=O)C(O)C(O)C2O)C(O)C(O)C1O,CC1OC(OCC2OC(Oc3cc(O)c4c(c3)OC(c3ccc(O)c(O)c3)CC4=O)C(O)C(O)C2O)C(O)C(O)C1O,bitter,bitter,phytocompounds_db,1,CC1OC(OCC2OC(Oc3cc(O)c4c(c3)OC(c3ccc(O)c(O)c3)CC4=O)C(O)C(O)C2O)C(O)C(O)C1O,1,"InChI=1S/C27H32O15/c1-9-20(32)22(34)24(36)26(39-9)38-8-18-21(33)23(35)25(37)27(42-18)40-11-5-14(30)19-15(31)7-16(41-17(19)6-11)10-2-3-12(28)13(29)4-10/h2-6,9,16,18,20-30,32-37H,7-8H2,1H3",0,Non-unique SMILES
CCC(=O)OC(C)C,CCC(=O)OC(C)C,sweet,"banana, sweet, ether, pineapple, bitter, fruity",flavor_db,1,CCC(=O)OC(C)C,0,"InChI=1S/C6H12O2/c1-4-6(7)8-5(2)3/h5H,4H2,1-3H3",0,Non-unique SMILES
CCC(=O)OC(C)C,CCC(=O)OC(C)C,bitter,"banana, sweet, ether, pineapple, bitter, fruity",flavor_db,1,CCC(=O)OC(C)C,1,"InChI=1S/C6H12O2/c1-4-6(7)8-5(2)3/h5H,4H2,1-3H3",0,Non-unique SMILES
CCC(=O)OCC(C)C,CCC(=O)OCC(C)C,bitter,"Bitter, Bitterness",chemtastes_db,1,CCC(=O)OCC(C)C,1,"InChI=1S/C7H14O2/c1-4-7(8)9-5-6(2)3/h6H,4-5H2,1-3H3",0,Non-unique SMILES
CCC(=O)OCC(C)C,CCC(=O)OCC(C)C,sweet,"banana, tutti frutti, sweet, fruity, green, bitter, ether",flavor_db,1,CCC(=O)OCC(C)C,0,"InChI=1S/C7H14O2/c1-4-7(8)9-5-6(2)3/h6H,4-5H2,1-3H3",0,Non-unique SMILES
CCC(=O)OCCC(C)C,CCC(=O)OCCC(C)C,sweet,"tomato, ripe, sweet, fruity, tropical, fruit, pineapple, bitter, banana",flavor_db,1,CCC(=O)OCCC(C)C,0,"InChI=1S/C8H16O2/c1-4-8(9)10-6-5-7(2)3/h7H,4-6H2,1-3H3",0,Non-unique SMILES
CCC(=O)OCCC(C)C,CCC(=O)OCCC(C)C,bitter,"tomato, ripe, sweet, fruity, tropical, fruit, pineapple, bitter, banana",flavor_db,1,CCC(=O)OCCC(C)C,1,"InChI=1S/C8H16O2/c1-4-8(9)10-6-5-7(2)3/h7H,4-6H2,1-3H3",0,Non-unique SMILES
CCC(=O)OCCC(C)CCC=C(C)C,CCC(=O)OCCC(C)CCC=C(C)C,bitter,"neroli, waxy, rose, green, floral, bitter, fruity",flavor_db,1,CCC(=O)OCCC(C)CCC=C(C)C,1,"InChI=1S/C13H24O2/c1-5-13(14)15-10-9-12(4)8-6-7-11(2)3/h7,12H,5-6,8-10H2,1-4H3",0,Non-unique SMILES
CCC(=O)OCCC(C)CCC=C(C)C,CCC(=O)OCCC(C)CCC=C(C)C,sweet,"Bitter/Sweet, Multitaste",chemtastes_db,1,CCC(=O)OCCC(C)CCC=C(C)C,0,"InChI=1S/C13H24O2/c1-5-13(14)15-10-9-12(4)8-6-7-11(2)3/h7,12H,5-6,8-10H2,1-4H3",0,Non-unique SMILES
CCC(C)C(N)C(=O)NC(Cc1ccccc1)C(=O)O,CCC(C)C(N)C(=O)NC(Cc1ccccc1)C(=O)O,sweet,sweet,flavor_db,1,CCC(C)C(N)C(=O)NC(Cc1ccccc1)C(=O)O,0,"InChI=1S/C15H22N2O3/c1-3-10(2)13(16)14(18)17-12(15(19)20)9-11-7-5-4-6-8-11/h4-8,10,12-13H,3,9,16H2,1-2H3,(H,17,18)(H,19,20)",0,Non-unique SMILES
CCC(C)C(N)C(=O)NC(Cc1ccccc1)C(=O)O,CCC(C)C(N)C(=O)NC(Cc1ccccc1)C(=O)O,bitter,Ligand to Tas2 Receptor,tas2r_agonists,1,CCC(C)C(N)C(=O)NC(Cc1ccccc1)C(=O)O,1,"InChI=1S/C15H22N2O3/c1-3-10(2)13(16)14(18)17-12(15(19)20)9-11-7-5-4-6-8-11/h4-8,10,12-13H,3,9,16H2,1-2H3,(H,17,18)(H,19,20)",0,Non-unique SMILES
CCC(C)C(N)C(=O)O,CCC(C)C(N)C(=O)O,sweet,"Sweet, Sweetness",chemtastes_db,1,CCC(C)C(N)C(=O)O,0,"InChI=1S/C6H13NO2/c1-3-4(2)5(7)6(8)9/h4-5H,3,7H2,1-2H3,(H,8,9)",0,Non-unique SMILES
CCC(C)C(N)C(=O)O,CCC(C)C(N)C(=O)O,bitter,"Bitter, Bitterness",chemtastes_db,1,CCC(C)C(N)C(=O)O,1,"InChI=1S/C6H13NO2/c1-3-4(2)5(7)6(8)9/h4-5H,3,7H2,1-2H3,(H,8,9)",0,Non-unique SMILES
CCC(C)OS(=O)(=O)NC1CCCCC1,CCC(C)OS(=O)(=O)NC1CCCCC1,sweet,"Sweet/Bitter, Multitaste",chemtastes_db,1,CCC(C)OS(=O)(=O)NC1CCCCC1,0,"InChI=1S/C10H21NO3S/c1-3-9(2)14-15(12,13)11-10-7-5-4-6-8-10/h9-11H,3-8H2,1-2H3",0,Non-unique SMILES
CCC(C)OS(=O)(=O)NC1CCCCC1,CCC(C)OS(=O)(=O)NC1CCCCC1,bitter,"Sweet/Bitter, Multitaste",chemtastes_db,1,CCC(C)OS(=O)(=O)NC1CCCCC1,1,"InChI=1S/C10H21NO3S/c1-3-9(2)14-15(12,13)11-10-7-5-4-6-8-10/h9-11H,3-8H2,1-2H3",0,Non-unique SMILES
CCC=C(C)CC=NO,CCC=C(C)CC=NO,sweet,"Sweet/Bitter, Multitaste",chemtastes_db,1,CCC=C(C)CC=NO,0,"InChI=1S/C7H13NO/c1-3-4-7(2)5-6-8-9/h4,6,9H,3,5H2,1-2H3",0,Non-unique SMILES
CCC=C(C)CC=NO,CCC=C(C)CC=NO,bitter,"Sweet/Bitter, Multitaste",chemtastes_db,1,CCC=C(C)CC=NO,1,"InChI=1S/C7H13NO/c1-3-4-7(2)5-6-8-9/h4,6,9H,3,5H2,1-2H3",0,Non-unique SMILES
CCC=CCC(=O)OC,CCC=CCC(=O)OC,sweet,"earthy, sweet, slightly fruity",flavor_db,1,CCC=CCC(=O)OC,0,"InChI=1S/C7H12O2/c1-3-4-5-6-7(8)9-2/h4-5H,3,6H2,1-2H3",0,Non-unique SMILES
CCC=CCC(=O)OC,CCC=CCC(=O)OC,undefined,"floral, fruity",flavor_db,1,CCC=CCC(=O)OC,4,"InChI=1S/C7H12O2/c1-3-4-5-6-7(8)9-2/h4-5H,3,6H2,1-2H3",0,Non-unique SMILES
CCC=CCC=CCCO,CCC=CCC=CCCO,sweet,"honeydew, green, waxy, oily, sweet, melon, cucumber",flavor_db,1,CCC=CCC=CCCO,0,"InChI=1S/C9H16O/c1-2-3-4-5-6-7-8-9-10/h3-4,6-7,10H,2,5,8-9H2,1H3",0,Non-unique SMILES
CCC=CCC=CCCO,CCC=CCC=CCCO,undefined,"raw, pepper, fish, green, fatty, watermelon, fruity, cucumber",flavor_db,1,CCC=CCC=CCCO,4,"InChI=1S/C9H16O/c1-2-3-4-5-6-7-8-9-10/h3-4,6-7,10H,2,5,8-9H2,1H3",0,Non-unique SMILES
CCC=CCCC=CC(=O)NC1CC1,CCC=CCCC=CC(=O)NC1CC1,umami,"Umami, Umaminess",chemtastes_db,1,CCC=CCCC=CC(=O)NC1CC1,2,"InChI=1S/C12H19NO/c1-2-3-4-5-6-7-8-12(14)13-11-9-10-11/h3-4,7-8,11H,2,5-6,9-10H2,1H3,(H,13,14)",0,Non-unique SMILES
CCC=CCCC=CC(=O)NC1CC1,CCC=CCCC=CC(=O)NC1CC1,undefined,"herbal, meaty",flavor_db,1,CCC=CCCC=CC(=O)NC1CC1,4,"InChI=1S/C12H19NO/c1-2-3-4-5-6-7-8-12(14)13-11-9-10-11/h3-4,7-8,11H,2,5-6,9-10H2,1H3,(H,13,14)",0,Non-unique SMILES
CCC=CCCO,CCC=CCCO,undefined,"leafy, grass, foliage, vegetable, herbal, fresh, cut grass, oily, green",flavor_db,1,CCC=CCCO,4,"InChI=1S/C6H12O/c1-2-3-4-5-6-7/h3-4,7H,2,5-6H2,1H3",0,Non-unique SMILES
CCC=CCCO,CCC=CCCO,bitter,"moss, bitter, fresh, fatty, earthy, intensely, green",flavor_db,1,CCC=CCCO,1,"InChI=1S/C6H12O/c1-2-3-4-5-6-7/h3-4,7H,2,5-6H2,1H3",0,Non-unique SMILES
CCC=CCCOC(C)=O,CCC=CCCOC(C)=O,undefined,"sharp, banana, fruity, pear, green",flavor_db,1,CCC=CCCOC(C)=O,4,"InChI=1S/C8H14O2/c1-3-4-5-6-7-10-8(2)9/h4-5H,3,6-7H2,1-2H3",0,Non-unique SMILES
CCC=CCCOC(C)=O,CCC=CCCOC(C)=O,sweet,"apple, fresh, banana, sweet, fruity, grassy, green",flavor_db,1,CCC=CCCOC(C)=O,0,"InChI=1S/C8H14O2/c1-3-4-5-6-7-10-8(2)9/h4-5H,3,6-7H2,1-2H3",0,Non-unique SMILES
CCc1[nH]c2ccccc2c1CC(NC(=O)C1CCCN1C(=O)C(CC(N)=O)NC(=O)C(NC(=O)C(CC(N)=O)NC(=O)C1CCCN1C(=O)CNC(=O)C(Cc1ccccc1)NC(=O)C(CC(C)C)NC(=O)C(N)CCC(N)=O)C(C)C)C(=O)O,CCc1[nH]c2ccccc2c1CC(NC(=O)C1CCCN1C(=O)C(CC(N)=O)NC(=O)C(NC(=O)C(CC(N)=O)NC(=O)C1CCCN1C(=O)CNC(=O)C(Cc1ccccc1)NC(=O)C(CC(C)C)NC(=O)C(N)CCC(N)=O)C(C)C)C(=O)O,sweet,"Bitter/Sweet, Multitaste",chemtastes_db,1,CCc1[nH]c2ccccc2c1CC(NC(=O)C1CCCN1C(=O)C(CC(N)=O)NC(=O)C(NC(=O)C(CC(N)=O)NC(=O)C1CCCN1C(=O)CNC(=O)C(Cc1ccccc1)NC(=O)C(CC(C)C)NC(=O)C(N)CCC(N)=O)C(C)C)C(=O)O,0,"InChI=1S/C58H82N14O14/c1-6-36-34(33-16-10-11-17-37(33)64-36)26-42(58(85)86)69-55(82)44-19-13-23-72(44)57(84)41(28-47(62)75)68-56(83)49(31(4)5)70-53(80)40(27-46(61)74)67-54(81)43-18-12-22-71(43)48(76)29-63-51(78)39(25-32-14-8-7-9-15-32)66-52(79)38(24-30(2)3)65-50(77)35(59)20-21-45(60)73/h7-11,14-17,30-31,35,38-44,49,64H,6,12-13,18-29,59H2,1-5H3,(H2,60,73)(H2,61,74)(H2,62,75)(H,63,78)(H,65,77)(H,66,79)(H,67,81)(H,68,83)(H,69,82)(H,70,80)(H,85,86)",0,Non-unique SMILES
CCc1[nH]c2ccccc2c1CC(NC(=O)C1CCCN1C(=O)C(CC(N)=O)NC(=O)C(NC(=O)C(CC(N)=O)NC(=O)C1CCCN1C(=O)CNC(=O)C(Cc1ccccc1)NC(=O)C(CC(C)C)NC(=O)C(N)CCC(N)=O)C(C)C)C(=O)O,CCc1[nH]c2ccccc2c1CC(NC(=O)C1CCCN1C(=O)C(CC(N)=O)NC(=O)C(NC(=O)C(CC(N)=O)NC(=O)C1CCCN1C(=O)CNC(=O)C(Cc1ccccc1)NC(=O)C(CC(C)C)NC(=O)C(N)CCC(N)=O)C(C)C)C(=O)O,bitter,"Bitter/Sweet, Multitaste",chemtastes_db,1,CCc1[nH]c2ccccc2c1CC(NC(=O)C1CCCN1C(=O)C(CC(N)=O)NC(=O)C(NC(=O)C(CC(N)=O)NC(=O)C1CCCN1C(=O)CNC(=O)C(Cc1ccccc1)NC(=O)C(CC(C)C)NC(=O)C(N)CCC(N)=O)C(C)C)C(=O)O,1,"InChI=1S/C58H82N14O14/c1-6-36-34(33-16-10-11-17-37(33)64-36)26-42(58(85)86)69-55(82)44-19-13-23-72(44)57(84)41(28-47(62)75)68-56(83)49(31(4)5)70-53(80)40(27-46(61)74)67-54(81)43-18-12-22-71(43)48(76)29-63-51(78)39(25-32-14-8-7-9-15-32)66-52(79)38(24-30(2)3)65-50(77)35(59)20-21-45(60)73/h7-11,14-17,30-31,35,38-44,49,64H,6,12-13,18-29,59H2,1-5H3,(H2,60,73)(H2,61,74)(H2,62,75)(H,63,78)(H,65,77)(H,66,79)(H,67,81)(H,68,83)(H,69,82)(H,70,80)(H,85,86)",0,Non-unique SMILES
CCc1ccc(C=O)cc1,CCc1ccc(C=O)cc1,sweet,"sweet, almond, bitter",flavor_db,1,CCc1ccc(C=O)cc1,0,"InChI=1S/C9H10O/c1-2-8-3-5-9(7-10)6-4-8/h3-7H,2H2,1H3",0,Non-unique SMILES
CCc1ccc(C=O)cc1,CCc1ccc(C=O)cc1,bitter,"sweet, almond, bitter",flavor_db,1,CCc1ccc(C=O)cc1,1,"InChI=1S/C9H10O/c1-2-8-3-5-9(7-10)6-4-8/h3-7H,2H2,1H3",0,Non-unique SMILES
CCc1occc(=O)c1O,CCc1occc(=O)c1O,bitter,"Bitter, Bitterness",chemtastes_db,1,CCc1occc(=O)c1O,1,"InChI=1S/C7H8O3/c1-2-6-7(9)5(8)3-4-10-6/h3-4,9H,2H2,1H3",0,Non-unique SMILES
CCc1occc(=O)c1O,CCc1occc(=O)c1O,sweet,"sweet, candy, strawberry, jam, caramel, bitter, cotton",flavor_db,1,CCc1occc(=O)c1O,0,"InChI=1S/C7H8O3/c1-2-6-7(9)5(8)3-4-10-6/h3-4,9H,2H2,1H3",0,Non-unique SMILES
CCCC(=O)O,CCCC(=O)O,undefined,"butter, sweat, acetic, sharp, rancid, fruit, cheese",flavor_db,1,CCCC(=O)O,4,"InChI=1S/C4H8O2/c1-2-3-4(5)6/h2-3H2,1H3,(H,5,6)",0,Non-unique SMILES
CCCC(=O)O,CCCC(=O)O,sour,sour,phytocompounds_db,1,CCCC(=O)O,3,"InChI=1S/C4H8O2/c1-2-3-4(5)6/h2-3H2,1H3,(H,5,6)",0,Non-unique SMILES
CCCC(=O)OCc1ccccc1,CCCC(=O)OCc1ccccc1,undefined,"peach, butter, berry, jasmine, apricot, jasmin, fresh, logenberry, plum, fruity, pear, cheese",flavor_db,1,CCCC(=O)OCc1ccccc1,4,"InChI=1S/C11H14O2/c1-2-6-11(12)13-9-10-7-4-3-5-8-10/h3-5,7-8H,2,6,9H2,1H3",0,Non-unique SMILES
CCCC(=O)OCc1ccccc1,CCCC(=O)OCc1ccccc1,sweet,sweet,phytocompounds_db,1,CCCC(=O)OCc1ccccc1,0,"InChI=1S/C11H14O2/c1-2-6-11(12)13-9-10-7-4-3-5-8-10/h3-5,7-8H,2,6,9H2,1H3",0,Non-unique SMILES
CCCC(CCC)NC(=O)c1ccc2c(c1)OCO2,CCCC(CCC)NC(=O)c1ccc2c(c1)OCO2,umami,"Umami, Umaminess",chemtastes_db,1,CCCC(CCC)NC(=O)c1ccc2c(c1)OCO2,2,"InChI=1S/C15H21NO3/c1-3-5-12(6-4-2)16-15(17)11-7-8-13-14(9-11)19-10-18-13/h7-9,12H,3-6,10H2,1-2H3,(H,16,17)",0,Non-unique SMILES
CCCC(CCC)NC(=O)c1ccc2c(c1)OCO2,CCCC(CCC)NC(=O)c1ccc2c(c1)OCO2,undefined,"savory, meaty",flavor_db,1,CCCC(CCC)NC(=O)c1ccc2c(c1)OCO2,4,"InChI=1S/C15H21NO3/c1-3-5-12(6-4-2)16-15(17)11-7-8-13-14(9-11)19-10-18-13/h7-9,12H,3-6,10H2,1-2H3,(H,16,17)",0,Non-unique SMILES
CCCC(N)C(=O)O,CCCC(N)C(=O)O,sweet,"Sweet, Sweetness",chemtastes_db,1,CCCC(N)C(=O)O,0,"InChI=1S/C5H11NO2/c1-2-3-4(6)5(7)8/h4H,2-3,6H2,1H3,(H,7,8)",0,Non-unique SMILES
CCCC(N)C(=O)O,CCCC(N)C(=O)O,bitter,"Bitter, Bitterness",chemtastes_db,1,CCCC(N)C(=O)O,1,"InChI=1S/C5H11NO2/c1-2-3-4(6)5(7)8/h4H,2-3,6H2,1H3,(H,7,8)",0,Non-unique SMILES
CCCCC(N)C(=O)O,CCCCC(N)C(=O)O,bitter,"Bitter, Bitterness",chemtastes_db,1,CCCCC(N)C(=O)O,1,"InChI=1S/C6H13NO2/c1-2-3-4-5(7)6(8)9/h5H,2-4,7H2,1H3,(H,8,9)",0,Non-unique SMILES
CCCCC(N)C(=O)O,CCCCC(N)C(=O)O,sweet,"Bitter, Bitterness",chemtastes_db,1,CCCCC(N)C(=O)O,0,"InChI=1S/C6H13NO2/c1-2-3-4-5(7)6(8)9/h5H,2-4,7H2,1H3,(H,8,9)",0,Non-unique SMILES
CCCCCC(C)O,CCCCCC(C)O,bitter,"Somewhat bitter, Bitterness",chemtastes_db,1,CCCCCC(C)O,1,"InChI=1S/C7H16O/c1-3-4-5-6-7(2)8/h7-8H,3-6H2,1-2H3",0,Non-unique SMILES
CCCCCC(C)O,CCCCCC(C)O,sweet,"lemon, mushroom, sweet, floral, green, herbal, fresh, grass, bitter, fruity",flavor_db,1,CCCCCC(C)O,0,"InChI=1S/C7H16O/c1-3-4-5-6-7(2)8/h7-8H,3-6H2,1-2H3",0,Non-unique SMILES
CCCCCC(O)CC(O)CCc1ccc(O)c(OC)c1,CCCCCC(O)CC(O)CCc1ccc(O)c(OC)c1,undefined,pungent,phytocompounds_db,1,CCCCCC(O)CC(O)CCc1ccc(O)c(OC)c1,4,"InChI=1S/C17H28O4/c1-3-4-5-6-14(18)12-15(19)9-7-13-8-10-16(20)17(11-13)21-2/h8,10-11,14-15,18-20H,3-7,9,12H2,1-2H3",0,Non-unique SMILES
CCCCCC(O)CC(O)CCc1ccc(O)c(OC)c1,CCCCCC(O)CC(O)CCc1ccc(O)c(OC)c1,bitter,bitter,phytocompounds_db,1,CCCCCC(O)CC(O)CCc1ccc(O)c(OC)c1,1,"InChI=1S/C17H28O4/c1-3-4-5-6-14(18)12-15(19)9-7-13-8-10-16(20)17(11-13)21-2/h8,10-11,14-15,18-20H,3-7,9,12H2,1-2H3",0,Non-unique SMILES
CCCCCC=CC(=O)OC,CCCCCC=CC(=O)OC,undefined,"pear skin, fruity",flavor_db,1,CCCCCC=CC(=O)OC,4,"InChI=1S/C9H16O2/c1-3-4-5-6-7-8-9(10)11-2/h7-8H,3-6H2,1-2H3",0,Non-unique SMILES
CCCCCC=CC(=O)OC,CCCCCC=CC(=O)OC,sweet,"waxy, oily, sweet, fruity, costus, pear, hairy, violet",flavor_db,1,CCCCCC=CC(=O)OC,0,"InChI=1S/C9H16O2/c1-3-4-5-6-7-8-9(10)11-2/h7-8H,3-6H2,1-2H3",0,Non-unique SMILES
CCCCCC=CC=CC(O)CCCCCCCC(=O)O,CCCCCC=CC=CC(O)CCCCCCCC(=O)O,undefined,"Bitter/Burning, Multitaste",chemtastes_db,1,CCCCCC=CC=CC(O)CCCCCCCC(=O)O,4,"InChI=1S/C18H32O3/c1-2-3-4-5-6-8-11-14-17(19)15-12-9-7-10-13-16-18(20)21/h6,8,11,14,17,19H,2-5,7,9-10,12-13,15-16H2,1H3,(H,20,21)",0,Non-unique SMILES
CCCCCC=CC=CC(O)CCCCCCCC(=O)O,CCCCCC=CC=CC(O)CCCCCCCC(=O)O,bitter,bitter; pungent (scratchy),phytocompounds_db,1,CCCCCC=CC=CC(O)CCCCCCCC(=O)O,1,"InChI=1S/C18H32O3/c1-2-3-4-5-6-8-11-14-17(19)15-12-9-7-10-13-16-18(20)21/h6,8,11,14,17,19H,2-5,7,9-10,12-13,15-16H2,1H3,(H,20,21)",0,Non-unique SMILES
CCCCCC=CC=CC=O,CCCCCC=CC=CC=O,undefined,seaweed,flavor_db,1,CCCCCC=CC=CC=O,4,"InChI=1S/C10H16O/c1-2-3-4-5-6-7-8-9-10-11/h5-8,10H,2-4,9H2,1H3",0,Non-unique SMILES
CCCCCC=CC=CC=O,CCCCCC=CC=CC=O,sweet,"citrus, orange, nut, wax, meat, fat, fresh, fatty, oily, cucumber, sweet, melon, pumpkin, fried, green",flavor_db,1,CCCCCC=CC=CC=O,0,"InChI=1S/C10H16O/c1-2-3-4-5-6-7-8-9-10-11/h5-8,10H,2-4,9H2,1H3",0,Non-unique SMILES
CCCCCC=CCC=CCC=CCC=CCCCC(=O)O,CCCCCC=CCC=CCC=CCC=CCCCC(=O)O,undefined,"Bitter (repugnant off-taste), Miscellaneous",chemtastes_db,1,CCCCCC=CCC=CCC=CCC=CCCCC(=O)O,4,"InChI=1S/C20H32O2/c1-2-3-4-5-6-7-8-9-10-11-12-13-14-15-16-17-18-19-20(21)22/h6-7,9-10,12-13,15-16H,2-5,8,11,14,17-19H2,1H3,(H,21,22)",0,Non-unique SMILES
CCCCCC=CCC=CCC=CCC=CCCCC(=O)O,CCCCCC=CCC=CCC=CCC=CCCCC(=O)O,bitter,bitter,phytocompounds_db,1,CCCCCC=CCC=CCC=CCC=CCCCC(=O)O,1,"InChI=1S/C20H32O2/c1-2-3-4-5-6-7-8-9-10-11-12-13-14-15-16-17-18-19-20(21)22/h6-7,9-10,12-13,15-16H,2-5,8,11,14,17-19H2,1H3,(H,21,22)",0,Non-unique SMILES
CCCCCC=CCC=CCCCCCCCC(=O)O,CCCCCC=CCC=CCCCCCCCC(=O)O,undefined,"Bitter/Burning/Pungent, Multitaste",chemtastes_db,1,CCCCCC=CCC=CCCCCCCCC(=O)O,4,"InChI=1S/C18H32O2/c1-2-3-4-5-6-7-8-9-10-11-12-13-14-15-16-17-18(19)20/h6-7,9-10H,2-5,8,11-17H2,1H3,(H,19,20)",0,Non-unique SMILES
CCCCCC=CCC=CCCCCCCCC(=O)O,CCCCCC=CCC=CCCCCCCCC(=O)O,bitter,"bitter, pungent, astringent, fatty",phytocompounds_db,1,CCCCCC=CCC=CCCCCCCCC(=O)O,1,"InChI=1S/C18H32O2/c1-2-3-4-5-6-7-8-9-10-11-12-13-14-15-16-17-18(19)20/h6-7,9-10H,2-5,8,11-17H2,1H3,(H,19,20)",0,Non-unique SMILES
CCCCCC=CCC1CCC(=O)O1,CCCCCC=CCC1CCC(=O)O1,sweet,"peach, waxy, fatty, sweet, creamy, fruity, dairy",flavor_db,1,CCCCCC=CCC1CCC(=O)O1,0,"InChI=1S/C12H20O2/c1-2-3-4-5-6-7-8-11-9-10-12(13)14-11/h6-7,11H,2-5,8-10H2,1H3",0,Non-unique SMILES
CCCCCC=CCC1CCC(=O)O1,CCCCCC=CCC1CCC(=O)O1,undefined,"fatty, fruity, soap",flavor_db,1,CCCCCC=CCC1CCC(=O)O1,4,"InChI=1S/C12H20O2/c1-2-3-4-5-6-7-8-11-9-10-12(13)14-11/h6-7,11H,2-5,8-10H2,1H3",0,Non-unique SMILES
CCCCCCC=CCO,CCCCCCC=CCO,undefined,"violet, melon, waxy, green",flavor_db,1,CCCCCCC=CCO,4,"InChI=1S/C9H18O/c1-2-3-4-5-6-7-8-9-10/h7-8,10H,2-6,9H2,1H3",0,Non-unique SMILES
CCCCCCC=CCO,CCCCCCC=CCO,sweet,"slightly waxy, sweet, melon",flavor_db,1,CCCCCCC=CCO,0,"InChI=1S/C9H18O/c1-2-3-4-5-6-7-8-9-10/h7-8,10H,2-6,9H2,1H3",0,Non-unique SMILES
CCCCCCCC(=O)O,CCCCCCCC(=O)O,undefined,"cheesy, sweat, vegetable, waxy, fatty, rancid, oily, cheese",flavor_db,1,CCCCCCCC(=O)O,4,"InChI=1S/C8H16O2/c1-2-3-4-5-6-7-8(9)10/h2-7H2,1H3,(H,9,10)",0,Non-unique SMILES
CCCCCCCC(=O)O,CCCCCCCC(=O)O,sour,sour (counterevidence); pungent; fatty,phytocompounds_db,1,CCCCCCCC(=O)O,3,"InChI=1S/C8H16O2/c1-2-3-4-5-6-7-8(9)10/h2-7H2,1H3,(H,9,10)",0,Non-unique SMILES
CCCCCCCC=O,CCCCCCCC=O,undefined,"lemon, citrus, soap, orange peel, fat, waxy, fatty, aldehydic, green",flavor_db,1,CCCCCCCC=O,4,"InChI=1S/C8H16O/c1-2-3-4-5-6-7-8-9/h8H,2-7H2,1H3",0,Non-unique SMILES
CCCCCCCC=O,CCCCCCCC=O,bitter,bitter,phytocompounds_db,1,CCCCCCCC=O,1,"InChI=1S/C8H16O/c1-2-3-4-5-6-7-8-9/h8H,2-7H2,1H3",0,Non-unique SMILES
CCCCCCCCC=CCCCCCCCC(=O)O,CCCCCCCCC=CCCCCCCCC(=O)O,undefined,"Bitter/Burning/Pungent, Multitaste",chemtastes_db,1,CCCCCCCCC=CCCCCCCCC(=O)O,4,"InChI=1S/C18H34O2/c1-2-3-4-5-6-7-8-9-10-11-12-13-14-15-16-17-18(19)20/h9-10H,2-8,11-17H2,1H3,(H,19,20)",0,Non-unique SMILES
CCCCCCCCC=CCCCCCCCC(=O)O,CCCCCCCCC=CCCCCCCCC(=O)O,bitter,"bitter, pungent; pungent (scratchy), astringent",phytocompounds_db,1,CCCCCCCCC=CCCCCCCCC(=O)O,1,"InChI=1S/C18H34O2/c1-2-3-4-5-6-7-8-9-10-11-12-13-14-15-16-17-18(19)20/h9-10H,2-8,11-17H2,1H3,(H,19,20)",0,Non-unique SMILES
CCCCCCCCC=CCCCCCCCC(=O)OC(CO)CO,CCCCCCCCC=CCCCCCCCC(=O)OC(CO)CO,bitter,"Bitter, Bitterness",chemtastes_db,1,CCCCCCCCC=CCCCCCCCC(=O)OC(CO)CO,1,"InChI=1S/C21H40O4/c1-2-3-4-5-6-7-8-9-10-11-12-13-14-15-16-17-21(24)25-20(18-22)19-23/h9-10,20,22-23H,2-8,11-19H2,1H3",0,Non-unique SMILES
CCCCCCCCC=CCCCCCCCC(=O)OC(CO)CO,CCCCCCCCC=CCCCCCCCC(=O)OC(CO)CO,undefined,"fatty, bland, waxy",flavor_db,1,CCCCCCCCC=CCCCCCCCC(=O)OC(CO)CO,4,"InChI=1S/C21H40O4/c1-2-3-4-5-6-7-8-9-10-11-12-13-14-15-16-17-21(24)25-20(18-22)19-23/h9-10,20,22-23H,2-8,11-19H2,1H3",0,Non-unique SMILES
CCCCCCCCC=O,CCCCCCCCC=O,undefined,"citrus, lime, orange peel, rose, fat, green, fishy, waxy, fresh, fatty, peely, aldehydic, orris, grapefruit",flavor_db,1,CCCCCCCCC=O,4,"InChI=1S/C9H18O/c1-2-3-4-5-6-7-8-9-10/h9H,2-8H2,1H3",0,Non-unique SMILES
CCCCCCCCC=O,CCCCCCCCC=O,bitter,bitter,phytocompounds_db,1,CCCCCCCCC=O,1,"InChI=1S/C9H18O/c1-2-3-4-5-6-7-8-9-10/h9H,2-8H2,1H3",0,Non-unique SMILES
CCCCCCCCCC=O,CCCCCCCCCC=O,sweet,"citrus, soap, orange peel, tallow, waxy, floral, sweet, aldehydic",flavor_db,1,CCCCCCCCCC=O,0,"InChI=1S/C10H20O/c1-2-3-4-5-6-7-8-9-10-11/h10H,2-9H2,1H3",0,Non-unique SMILES
CCCCCCCCCC=O,CCCCCCCCCC=O,bitter,bitter,phytocompounds_db,1,CCCCCCCCCC=O,1,"InChI=1S/C10H20O/c1-2-3-4-5-6-7-8-9-10-11/h10H,2-9H2,1H3",0,Non-unique SMILES
CCCCCCCCCCC=CC=O,CCCCCCCCCCC=CC=O,bitter,"bitter, powerful, waxy, tangerine, citrus peel",flavor_db,1,CCCCCCCCCCC=CC=O,1,"InChI=1S/C13H24O/c1-2-3-4-5-6-7-8-9-10-11-12-13-14/h11-13H,2-10H2,1H3",0,Non-unique SMILES
CCCCCCCCCCC=CC=O,CCCCCCCCCCC=CC=O,sweet,"Bitter/Sweet, Multitaste",chemtastes_db,1,CCCCCCCCCCC=CC=O,0,"InChI=1S/C13H24O/c1-2-3-4-5-6-7-8-9-10-11-12-13-14/h11-13H,2-10H2,1H3",0,Non-unique SMILES
CCCCCCCCCCCC=O,CCCCCCCCCCCC=O,undefined,"citrus, fat, waxy, floral, lily, aldehydic, soapy, green",flavor_db,1,CCCCCCCCCCCC=O,4,"InChI=1S/C12H24O/c1-2-3-4-5-6-7-8-9-10-11-12-13/h12H,2-11H2,1H3",0,Non-unique SMILES
CCCCCCCCCCCC=O,CCCCCCCCCCCC=O,bitter,bitter,phytocompounds_db,1,CCCCCCCCCCCC=O,1,"InChI=1S/C12H24O/c1-2-3-4-5-6-7-8-9-10-11-12-13/h12H,2-11H2,1H3",0,Non-unique SMILES
CCCCCCCCCCCCCCCC(=O)O,CCCCCCCCCCCCCCCC(=O)O,undefined,"fatty, slightly waxy",flavor_db,1,CCCCCCCCCCCCCCCC(=O)O,4,"InChI=1S/C16H32O2/c1-2-3-4-5-6-7-8-9-10-11-12-13-14-15-16(17)18/h2-15H2,1H3,(H,17,18)",0,Non-unique SMILES
CCCCCCCCCCCCCCCC(=O)O,CCCCCCCCCCCCCCCC(=O)O,bitter,bitter; pungent (scratchy),phytocompounds_db,1,CCCCCCCCCCCCCCCC(=O)O,1,"InChI=1S/C16H32O2/c1-2-3-4-5-6-7-8-9-10-11-12-13-14-15-16(17)18/h2-15H2,1H3,(H,17,18)",0,Non-unique SMILES
CCCCCCCCCCCCCCCCCC(=O)OCC(O)CO,CCCCCCCCCCCCCCCCCC(=O)OCC(O)CO,bitter,"Bitter, Bitterness",chemtastes_db,1,CCCCCCCCCCCCCCCCCC(=O)OCC(O)CO,1,"InChI=1S/C21H42O4/c1-2-3-4-5-6-7-8-9-10-11-12-13-14-15-16-17-21(24)25-19-20(23)18-22/h20,22-23H,2-19H2,1H3",0,Non-unique SMILES
CCCCCCCCCCCCCCCCCC(=O)OCC(O)CO,CCCCCCCCCCCCCCCCCC(=O)OCC(O)CO,undefined,"fatty, waxy, mild",flavor_db,1,CCCCCCCCCCCCCCCCCC(=O)OCC(O)CO,4,"InChI=1S/C21H42O4/c1-2-3-4-5-6-7-8-9-10-11-12-13-14-15-16-17-21(24)25-19-20(23)18-22/h20,22-23H,2-19H2,1H3",0,Non-unique SMILES
CCCCCCCCCOC(C)=O,CCCCCCCCCOC(C)=O,bitter,"Bitter, Bitterness",chemtastes_db,1,CCCCCCCCCOC(C)=O,1,"InChI=1S/C11H22O2/c1-3-4-5-6-7-8-9-10-13-11(2)12/h3-10H2,1-2H3",0,Non-unique SMILES
CCCCCCCCCOC(C)=O,CCCCCCCCCOC(C)=O,sweet,"waxy, gardenia, soapy, tropical, fruit, green, clean, sweet, bitter, fruity",flavor_db,1,CCCCCCCCCOC(C)=O,0,"InChI=1S/C11H22O2/c1-3-4-5-6-7-8-9-10-13-11(2)12/h3-10H2,1-2H3",0,Non-unique SMILES
CCCCCCOC(C)=O,CCCCCCOC(C)=O,sweet,"apple, sweet, banana, fruit, green, herb, bitter, fruity",flavor_db,1,CCCCCCOC(C)=O,0,"InChI=1S/C8H16O2/c1-3-4-5-6-7-10-8(2)9/h3-7H2,1-2H3",0,Non-unique SMILES
CCCCCCOC(C)=O,CCCCCCOC(C)=O,bitter,"apple, sweet, banana, fruit, green, herb, bitter, fruity",flavor_db,1,CCCCCCOC(C)=O,1,"InChI=1S/C8H16O2/c1-3-4-5-6-7-10-8(2)9/h3-7H2,1-2H3",0,Non-unique SMILES
CCCCNS(=O)(=O)OCC,CCCCNS(=O)(=O)OCC,sweet,"Sweet/Bitter, Multitaste",chemtastes_db,1,CCCCNS(=O)(=O)OCC,0,"InChI=1S/C6H15NO3S/c1-3-5-6-7-11(8,9)10-4-2/h7H,3-6H2,1-2H3",0,Non-unique SMILES
CCCCNS(=O)(=O)OCC,CCCCNS(=O)(=O)OCC,bitter,"Sweet/Bitter, Multitaste",chemtastes_db,1,CCCCNS(=O)(=O)OCC,1,"InChI=1S/C6H15NO3S/c1-3-5-6-7-11(8,9)10-4-2/h7H,3-6H2,1-2H3",0,Non-unique SMILES
CCCCNS(=O)(=O)OCCC,CCCCNS(=O)(=O)OCCC,sweet,"Sweet/Bitter, Multitaste",chemtastes_db,1,CCCCNS(=O)(=O)OCCC,0,"InChI=1S/C7H17NO3S/c1-3-5-6-8-12(9,10)11-7-4-2/h8H,3-7H2,1-2H3",0,Non-unique SMILES
CCCCNS(=O)(=O)OCCC,CCCCNS(=O)(=O)OCCC,bitter,"Sweet/Bitter, Multitaste",chemtastes_db,1,CCCCNS(=O)(=O)OCCC,1,"InChI=1S/C7H17NO3S/c1-3-5-6-8-12(9,10)11-7-4-2/h8H,3-7H2,1-2H3",0,Non-unique SMILES
CCCCOS(=O)(=O)NC1CCCCC1,CCCCOS(=O)(=O)NC1CCCCC1,sweet,"Sweet/Bitter, Multitaste",chemtastes_db,1,CCCCOS(=O)(=O)NC1CCCCC1,0,"InChI=1S/C10H21NO3S/c1-2-3-9-14-15(12,13)11-10-7-5-4-6-8-10/h10-11H,2-9H2,1H3",0,Non-unique SMILES
CCCCOS(=O)(=O)NC1CCCCC1,CCCCOS(=O)(=O)NC1CCCCC1,bitter,"Sweet/Bitter, Multitaste",chemtastes_db,1,CCCCOS(=O)(=O)NC1CCCCC1,1,"InChI=1S/C10H21NO3S/c1-2-3-9-14-15(12,13)11-10-7-5-4-6-8-10/h10-11H,2-9H2,1H3",0,Non-unique SMILES
CCCNS(=O)(=O)OCCC,CCCNS(=O)(=O)OCCC,sweet,"Sweet/Bitter, Multitaste",chemtastes_db,1,CCCNS(=O)(=O)OCCC,0,"InChI=1S/C6H15NO3S/c1-3-5-7-11(8,9)10-6-4-2/h7H,3-6H2,1-2H3",0,Non-unique SMILES
CCCNS(=O)(=O)OCCC,CCCNS(=O)(=O)OCCC,bitter,"Sweet/Bitter, Multitaste",chemtastes_db,1,CCCNS(=O)(=O)OCCC,1,"InChI=1S/C6H15NO3S/c1-3-5-7-11(8,9)10-6-4-2/h7H,3-6H2,1-2H3",0,Non-unique SMILES
CCCOC(=O)C=Cc1ccco1,CCCOC(=O)C=Cc1ccco1,bitter,"Bitter, Bitterness",chemtastes_db,1,CCCOC(=O)C=Cc1ccco1,1,"InChI=1S/C10H12O3/c1-2-7-13-10(11)6-5-9-4-3-8-12-9/h3-6,8H,2,7H2,1H3",0,Non-unique SMILES
CCCOC(=O)C=Cc1ccco1,CCCOC(=O)C=Cc1ccco1,sweet,"bitter, sweet, caramel, fruity, spice",flavor_db,1,CCCOC(=O)C=Cc1ccco1,0,"InChI=1S/C10H12O3/c1-2-7-13-10(11)6-5-9-4-3-8-12-9/h3-6,8H,2,7H2,1H3",0,Non-unique SMILES
CCCOC(=O)CC,CCCOC(=O)CC,bitter,"Bitter, Bitterness",chemtastes_db,1,CCCOC(=O)CC,1,"InChI=1S/C6H12O2/c1-3-5-8-6(7)4-2/h3-5H2,1-2H3",0,Non-unique SMILES
CCCOC(=O)CC,CCCOC(=O)CC,sweet,"sweet, pungent, chemical, pineapple, sharp, bitter, fruity",flavor_db,1,CCCOC(=O)CC,0,"InChI=1S/C6H12O2/c1-3-5-8-6(7)4-2/h3-5H2,1-2H3",0,Non-unique SMILES
CCCOC(=O)CC(C)C,CCCOC(=O)CC(C)C,sweet,"sweet, bitter, apple, fruity",flavor_db,1,CCCOC(=O)CC(C)C,0,"InChI=1S/C8H16O2/c1-4-5-10-8(9)6-7(2)3/h7H,4-6H2,1-3H3",0,Non-unique SMILES
CCCOC(=O)CC(C)C,CCCOC(=O)CC(C)C,bitter,"sweet, bitter, apple, fruity",flavor_db,1,CCCOC(=O)CC(C)C,1,"InChI=1S/C8H16O2/c1-4-5-10-8(9)6-7(2)3/h7H,4-6H2,1-3H3",0,Non-unique SMILES
CCCOC(C)=O,CCCOC(C)=O,bitter,"solvent, fusel, pear, celery, raspberry, bitter, fruity",flavor_db,1,CCCOC(C)=O,1,"InChI=1S/C5H10O2/c1-3-4-7-5(2)6/h3-4H2,1-2H3",0,Non-unique SMILES
CCCOC(C)=O,CCCOC(C)=O,sweet,"Bitter/Sweet, Multitaste",chemtastes_db,1,CCCOC(C)=O,0,"InChI=1S/C5H10O2/c1-3-4-7-5(2)6/h3-4H2,1-2H3",0,Non-unique SMILES
CCCOC=O,CCCOC=O,undefined,"Bitter/Sweet, Multitaste",chemtastes_db,1,CCCOC=O,4,"InChI=1S/C4H8O2/c1-2-3-6-4-5/h4H,2-3H2,1H3",0,Non-unique SMILES
CCCOC=O,CCCOC=O,sweet,"rum, sweet, green, berry, ethereal, bitter, fruity",flavor_db,1,CCCOC=O,0,"InChI=1S/C4H8O2/c1-2-3-6-4-5/h4H,2-3H2,1H3",0,Non-unique SMILES
CCCOC=O,CCCOC=O,bitter,"rum, sweet, green, berry, ethereal, bitter, fruity",flavor_db,1,CCCOC=O,1,"InChI=1S/C4H8O2/c1-2-3-6-4-5/h4H,2-3H2,1H3",0,Non-unique SMILES
CCCOc1ccc([N+](=O)[O-])cc1[N+](=O)[O-],CCCOc1ccc([N+](=O)[O-])cc1[N+](=O)[O-],bitter,"Bitter, Bitterness",chemtastes_db,1,CCCOc1ccc([N+](=O)[O-])cc1[N+](=O)[O-],1,"InChI=1S/C9H10N2O5/c1-2-5-16-9-4-3-7(10(12)13)6-8(9)11(14)15/h3-4,6H,2,5H2,1H3",0,Non-unique SMILES
CCCOc1ccc([N+](=O)[O-])cc1[N+](=O)[O-],CCCOc1ccc([N+](=O)[O-])cc1[N+](=O)[O-],sweet,sweet-like,flavor_db,1,CCCOc1ccc([N+](=O)[O-])cc1[N+](=O)[O-],0,"InChI=1S/C9H10N2O5/c1-2-5-16-9-4-3-7(10(12)13)6-8(9)11(14)15/h3-4,6H,2,5H2,1H3",0,Non-unique SMILES
CCCOc1ccc(N)cc1[N+](=O)[O-],CCCOc1ccc(N)cc1[N+](=O)[O-],undefined,"Tasteless, Tastelessness",chemtastes_db,1,CCCOc1ccc(N)cc1[N+](=O)[O-],4,"InChI=1S/C9H12N2O3/c1-2-5-14-9-4-3-7(10)6-8(9)11(12)13/h3-4,6H,2,5,10H2,1H3",0,Non-unique SMILES
CCCOc1ccc(N)cc1[N+](=O)[O-],CCCOc1ccc(N)cc1[N+](=O)[O-],sweet,sweet-like,flavor_db,1,CCCOc1ccc(N)cc1[N+](=O)[O-],0,"InChI=1S/C9H12N2O3/c1-2-5-14-9-4-3-7(10)6-8(9)11(12)13/h3-4,6H,2,5,10H2,1H3",0,Non-unique SMILES
CCCOS(=O)(=O)NC1CCCCC1,CCCOS(=O)(=O)NC1CCCCC1,sweet,"Sweet/Bitter, Multitaste",chemtastes_db,1,CCCOS(=O)(=O)NC1CCCCC1,0,"InChI=1S/C9H19NO3S/c1-2-8-13-14(11,12)10-9-6-4-3-5-7-9/h9-10H,2-8H2,1H3",0,Non-unique SMILES
CCCOS(=O)(=O)NC1CCCCC1,CCCOS(=O)(=O)NC1CCCCC1,bitter,"Sweet/Bitter, Multitaste",chemtastes_db,1,CCCOS(=O)(=O)NC1CCCCC1,1,"InChI=1S/C9H19NO3S/c1-2-8-13-14(11,12)10-9-6-4-3-5-7-9/h9-10H,2-8H2,1H3",0,Non-unique SMILES
CCCOS(=O)(=O)NCC(C)C,CCCOS(=O)(=O)NCC(C)C,sweet,"Sweet/Bitter, Multitaste",chemtastes_db,1,CCCOS(=O)(=O)NCC(C)C,0,"InChI=1S/C7H17NO3S/c1-4-5-11-12(9,10)8-6-7(2)3/h7-8H,4-6H2,1-3H3",0,Non-unique SMILES
CCCOS(=O)(=O)NCC(C)C,CCCOS(=O)(=O)NCC(C)C,bitter,"Sweet/Bitter, Multitaste",chemtastes_db,1,CCCOS(=O)(=O)NCC(C)C,1,"InChI=1S/C7H17NO3S/c1-4-5-11-12(9,10)8-6-7(2)3/h7-8H,4-6H2,1-3H3",0,Non-unique SMILES
CCNC(=O)CCC(N)C(=O)O,CCNC(=O)CCC(N)C(=O)O,umami,"Umami, Umaminess",chemtastes_db,1,CCNC(=O)CCC(N)C(=O)O,2,"InChI=1S/C7H14N2O3/c1-2-9-6(10)4-3-5(8)7(11)12/h5H,2-4,8H2,1H3,(H,9,10)(H,11,12)",0,Non-unique SMILES
CCNC(=O)CCC(N)C(=O)O,CCNC(=O)CCC(N)C(=O)O,sweet,astringent; umami; sweet,phytocompounds_db,1,CCNC(=O)CCC(N)C(=O)O,0,"InChI=1S/C7H14N2O3/c1-2-9-6(10)4-3-5(8)7(11)12/h5H,2-4,8H2,1H3,(H,9,10)(H,11,12)",0,Non-unique SMILES
CCO,CCO,undefined,"Non-sweet, Non-sweetness",chemtastes_db,1,CCO,4,"InChI=1S/C2H6O/c1-2-3/h3H,2H2,1H3",0,Non-unique SMILES
CCO,CCO,sweet,"alcoholic, ethereal, medical, sweet, strong",flavor_db,1,CCO,0,"InChI=1S/C2H6O/c1-2-3/h3H,2H2,1H3",0,Non-unique SMILES
CCOC(=O)C(C)CC,CCOC(=O)C(C)CC,sweet,"apple, sharp, sweet, plum, fruity, green",flavor_db,1,CCOC(=O)C(C)CC,0,"InChI=1S/C7H14O2/c1-4-6(3)7(8)9-5-2/h6H,4-5H2,1-3H3",0,Non-unique SMILES
CCOC(=O)C(C)CC,CCOC(=O)C(C)CC,undefined,apple,flavor_db,1,CCOC(=O)C(C)CC,4,"InChI=1S/C7H14O2/c1-4-6(3)7(8)9-5-2/h6H,4-5H2,1-3H3",0,Non-unique SMILES
CCOC(=O)C(Cc1c[nH]c2ccccc12)NC(=O)C1CCCN1C(=O)C(CC(N)=O)NC(=O)C(NC(=O)C(CO)NC(=O)C1CCCN1C(=O)C(CC(N)=O)NC(=O)C(Cc1ccccc1)NC(=O)C(CC(C)C)NC(=O)C(N)CCC(N)=O)C(C)O,CCOC(=O)C(Cc1c[nH]c2ccccc12)NC(=O)C1CCCN1C(=O)C(CC(N)=O)NC(=O)C(NC(=O)C(CO)NC(=O)C1CCCN1C(=O)C(CC(N)=O)NC(=O)C(Cc1ccccc1)NC(=O)C(CC(C)C)NC(=O)C(N)CCC(N)=O)C(C)O,undefined,"Bitter/Astringent/Sweet, Multitaste",chemtastes_db,1,CCOC(=O)C(Cc1c[nH]c2ccccc12)NC(=O)C1CCCN1C(=O)C(CC(N)=O)NC(=O)C(NC(=O)C(CO)NC(=O)C1CCCN1C(=O)C(CC(N)=O)NC(=O)C(Cc1ccccc1)NC(=O)C(CC(C)C)NC(=O)C(N)CCC(N)=O)C(C)O,4,"InChI=1S/C58H82N14O16/c1-5-88-58(87)41(25-33-28-63-36-16-10-9-15-34(33)36)68-53(82)43-17-11-21-71(43)57(86)40(27-47(62)77)67-55(84)48(31(4)74)70-52(81)42(29-73)69-54(83)44-18-12-22-72(44)56(85)39(26-46(61)76)66-51(80)38(24-32-13-7-6-8-14-32)65-50(79)37(23-30(2)3)64-49(78)35(59)19-20-45(60)75/h6-10,13-16,28,30-31,35,37-44,48,63,73-74H,5,11-12,17-27,29,59H2,1-4H3,(H2,60,75)(H2,61,76)(H2,62,77)(H,64,78)(H,65,79)(H,66,80)(H,67,84)(H,68,82)(H,69,83)(H,70,81)",0,Non-unique SMILES
CCOC(=O)C(Cc1c[nH]c2ccccc12)NC(=O)C1CCCN1C(=O)C(CC(N)=O)NC(=O)C(NC(=O)C(CO)NC(=O)C1CCCN1C(=O)C(CC(N)=O)NC(=O)C(Cc1ccccc1)NC(=O)C(CC(C)C)NC(=O)C(N)CCC(N)=O)C(C)O,CCOC(=O)C(Cc1c[nH]c2ccccc12)NC(=O)C1CCCN1C(=O)C(CC(N)=O)NC(=O)C(NC(=O)C(CO)NC(=O)C1CCCN1C(=O)C(CC(N)=O)NC(=O)C(Cc1ccccc1)NC(=O)C(CC(C)C)NC(=O)C(N)CCC(N)=O)C(C)O,bitter,"Bitter/Astringent/Sweet, Multitaste",chemtastes_db,1,CCOC(=O)C(Cc1c[nH]c2ccccc12)NC(=O)C1CCCN1C(=O)C(CC(N)=O)NC(=O)C(NC(=O)C(CO)NC(=O)C1CCCN1C(=O)C(CC(N)=O)NC(=O)C(Cc1ccccc1)NC(=O)C(CC(C)C)NC(=O)C(N)CCC(N)=O)C(C)O,1,"InChI=1S/C58H82N14O16/c1-5-88-58(87)41(25-33-28-63-36-16-10-9-15-34(33)36)68-53(82)43-17-11-21-71(43)57(86)40(27-47(62)77)67-55(84)48(31(4)74)70-52(81)42(29-73)69-54(83)44-18-12-22-72(44)56(85)39(26-46(61)76)66-51(80)38(24-32-13-7-6-8-14-32)65-50(79)37(23-30(2)3)64-49(78)35(59)19-20-45(60)75/h6-10,13-16,28,30-31,35,37-44,48,63,73-74H,5,11-12,17-27,29,59H2,1-4H3,(H2,60,75)(H2,61,76)(H2,62,77)(H,64,78)(H,65,79)(H,66,80)(H,67,84)(H,68,82)(H,69,83)(H,70,81)",0,Non-unique SMILES
CCOC(=O)C=Cc1ccc(O)c(OC)c1,CCOC(=O)C=Cc1ccc(O)c(OC)c1,bitter,"Bitter, Bitterness",chemtastes_db,1,CCOC(=O)C=Cc1ccc(O)c(OC)c1,1,"InChI=1S/C12H14O4/c1-3-16-12(14)7-5-9-4-6-10(13)11(8-9)15-2/h4-8,13H,3H2,1-2H3",0,Non-unique SMILES
CCOC(=O)C=Cc1ccc(O)c(OC)c1,CCOC(=O)C=Cc1ccc(O)c(OC)c1,sweet,bitter; astringent; sweet,phytocompounds_db,1,CCOC(=O)C=Cc1ccc(O)c(OC)c1,0,"InChI=1S/C12H14O4/c1-3-16-12(14)7-5-9-4-6-10(13)11(8-9)15-2/h4-8,13H,3H2,1-2H3",0,Non-unique SMILES
CCOC(=O)c1ccc(O)c(OC)c1,CCOC(=O)c1ccc(O)c(OC)c1,bitter,"Bitter, Bitterness",chemtastes_db,1,CCOC(=O)c1ccc(O)c(OC)c1,1,"InChI=1S/C10H12O4/c1-3-14-10(12)7-4-5-8(11)9(6-7)13-2/h4-6,11H,3H2,1-2H3",0,Non-unique SMILES
CCOC(=O)c1ccc(O)c(OC)c1,CCOC(=O)c1ccc(O)c(OC)c1,sweet,"burnt, powdery, vanilla, smoky, guaiacol, fruit, sweet, metallic, flower, phenolic",flavor_db,1,CCOC(=O)c1ccc(O)c(OC)c1,0,"InChI=1S/C10H12O4/c1-3-14-10(12)7-4-5-8(11)9(6-7)13-2/h4-6,11H,3H2,1-2H3",0,Non-unique SMILES
CCOC(=O)c1ccccc1,CCOC(=O)c1ccccc1,bitter,"Bitter, Bitterness",chemtastes_db,1,CCOC(=O)c1ccccc1,1,"InChI=1S/C9H10O2/c1-2-11-9(10)8-6-4-3-5-7-8/h3-7H,2H2,1H3",0,Non-unique SMILES
CCOC(=O)c1ccccc1,CCOC(=O)c1ccccc1,sweet,"dry, celery, wintergreen, grape, cherry, fruity, sweet, plum, anise, musty, camomile, balsam, strawberry, fruit, minty, berry, cranberry, raspberry, bitter, banana, flower",flavor_db,1,CCOC(=O)c1ccccc1,0,"InChI=1S/C9H10O2/c1-2-11-9(10)8-6-4-3-5-7-8/h3-7H,2H2,1H3",0,Non-unique SMILES
CCOC(=O)CC(=O)c1ccccc1,CCOC(=O)CC(=O)c1ccccc1,bitter,"Bitter, Bitterness",chemtastes_db,1,CCOC(=O)CC(=O)c1ccccc1,1,"InChI=1S/C11H12O3/c1-2-14-11(13)8-10(12)9-6-4-3-5-7-9/h3-7H,2,8H2,1H3",0,Non-unique SMILES
CCOC(=O)CC(=O)c1ccccc1,CCOC(=O)CC(=O)c1ccccc1,sweet,"sweet, cherry, bitter, acetophenone, fruity",flavor_db,1,CCOC(=O)CC(=O)c1ccccc1,0,"InChI=1S/C11H12O3/c1-2-14-11(13)8-10(12)9-6-4-3-5-7-9/h3-7H,2,8H2,1H3",0,Non-unique SMILES
CCOC(=O)CC(C)S,CCOC(=O)CC(C)S,sweet,"sour, sweet, roasted",flavor_db,1,CCOC(=O)CC(C)S,0,"InChI=1S/C6H12O2S/c1-3-8-6(7)4-5(2)9/h5,9H,3-4H2,1-2H3",0,Non-unique SMILES
CCOC(=O)CC(C)S,CCOC(=O)CC(C)S,sour,"sour, sweet, roasted",flavor_db,1,CCOC(=O)CC(C)S,3,"InChI=1S/C6H12O2S/c1-3-8-6(7)4-5(2)9/h5,9H,3-4H2,1-2H3",0,Non-unique SMILES
CCOC(=O)CC(Cc1ccccc1)NC(=O)C(N)CC(=O)O,CCOC(=O)CC(Cc1ccccc1)NC(=O)C(N)CC(=O)O,undefined,"Non-sweet, Non-sweetness",chemtastes_db,1,CCOC(=O)CC(Cc1ccccc1)NC(=O)C(N)CC(=O)O,4,"InChI=1S/C16H22N2O5/c1-2-23-15(21)9-12(8-11-6-4-3-5-7-11)18-16(22)13(17)10-14(19)20/h3-7,12-13H,2,8-10,17H2,1H3,(H,18,22)(H,19,20)",0,Non-unique SMILES
CCOC(=O)CC(Cc1ccccc1)NC(=O)C(N)CC(=O)O,CCOC(=O)CC(Cc1ccccc1)NC(=O)C(N)CC(=O)O,sweet,sweet,flavor_db,1,CCOC(=O)CC(Cc1ccccc1)NC(=O)C(N)CC(=O)O,0,"InChI=1S/C16H22N2O5/c1-2-23-15(21)9-12(8-11-6-4-3-5-7-11)18-16(22)13(17)10-14(19)20/h3-7,12-13H,2,8-10,17H2,1H3,(H,18,22)(H,19,20)",0,Non-unique SMILES
CCOC(=O)Cc1ccccc1,CCOC(=O)Cc1ccccc1,sweet,"grapefruit, balsam, rose, anise, chocolate, honey, melon, fruit, sweet, floral, raspberry, bitter, cocoa",flavor_db,1,CCOC(=O)Cc1ccccc1,0,"InChI=1S/C10H12O2/c1-2-12-10(11)8-9-6-4-3-5-7-9/h3-7H,2,8H2,1H3",0,Non-unique SMILES
CCOC(=O)Cc1ccccc1,CCOC(=O)Cc1ccccc1,bitter,"grapefruit, balsam, rose, anise, chocolate, honey, melon, fruit, sweet, floral, raspberry, bitter, cocoa",flavor_db,1,CCOC(=O)Cc1ccccc1,1,"InChI=1S/C10H12O2/c1-2-12-10(11)8-9-6-4-3-5-7-9/h3-7H,2,8H2,1H3",0,Non-unique SMILES
CCOC(=O)CNC(=O)C1CC(C)CCC1C(C)C,CCOC(=O)CNC(=O)C1CC(C)CCC1C(C)C,undefined,mentholic,flavor_db,1,CCOC(=O)CNC(=O)C1CC(C)CCC1C(C)C,4,"InChI=1S/C15H27NO3/c1-5-19-14(17)9-16-15(18)13-8-11(4)6-7-12(13)10(2)3/h10-13H,5-9H2,1-4H3,(H,16,18)",0,Non-unique SMILES
CCOC(=O)CNC(=O)C1CC(C)CCC1C(C)C,CCOC(=O)CNC(=O)C1CC(C)CCC1C(C)C,umami,Umami molecule from literature,Suess et al. 2015,1,CCOC(=O)CNC(=O)C1CC(C)CCC1C(C)C,2,"InChI=1S/C15H27NO3/c1-5-19-14(17)9-16-15(18)13-8-11(4)6-7-12(13)10(2)3/h10-13H,5-9H2,1-4H3,(H,16,18)",0,Non-unique SMILES
CCOC1OC(CO)C(O)C(O)C1O,CCOC1OC(CO)C(O)C(O)C1O,sweet,sweet,flavor_db,1,CCOC1OC(CO)C(O)C(O)C1O,0,"InChI=1S/C8H16O6/c1-2-13-8-7(12)6(11)5(10)4(3-9)14-8/h4-12H,2-3H2,1H3",0,Non-unique SMILES
CCOC1OC(CO)C(O)C(O)C1O,CCOC1OC(CO)C(O)C(O)C1O,bitter,"bitter, sweet",phytocompounds_db,1,CCOC1OC(CO)C(O)C(O)C1O,1,"InChI=1S/C8H16O6/c1-2-13-8-7(12)6(11)5(10)4(3-9)14-8/h4-12H,2-3H2,1H3",0,Non-unique SMILES
CCOS(=O)(=O)NC1CCCCC1,CCOS(=O)(=O)NC1CCCCC1,sweet,"Sweet/Bitter, Multitaste",chemtastes_db,1,CCOS(=O)(=O)NC1CCCCC1,0,"InChI=1S/C8H17NO3S/c1-2-12-13(10,11)9-8-6-4-3-5-7-8/h8-9H,2-7H2,1H3",0,Non-unique SMILES
CCOS(=O)(=O)NC1CCCCC1,CCOS(=O)(=O)NC1CCCCC1,bitter,"Sweet/Bitter, Multitaste",chemtastes_db,1,CCOS(=O)(=O)NC1CCCCC1,1,"InChI=1S/C8H17NO3S/c1-2-12-13(10,11)9-8-6-4-3-5-7-8/h8-9H,2-7H2,1H3",0,Non-unique SMILES
CN1C(=O)c2ccccc2S1(=O)=O,CN1C(=O)c2ccccc2S1(=O)=O,undefined,"Tasteless, Tastelessness",chemtastes_db,1,CN1C(=O)c2ccccc2S1(=O)=O,4,"InChI=1S/C8H7NO3S/c1-9-8(10)6-4-2-3-5-7(6)13(9,11)12/h2-5H,1H3",0,Non-unique SMILES
CN1C(=O)c2ccccc2S1(=O)=O,CN1C(=O)c2ccccc2S1(=O)=O,sweet,sweet,flavor_db,1,CN1C(=O)c2ccccc2S1(=O)=O,0,"InChI=1S/C8H7NO3S/c1-9-8(10)6-4-2-3-5-7(6)13(9,11)12/h2-5H,1H3",0,Non-unique SMILES
CNc1ccccc1C(=O)OC,CNc1ccccc1C(=O)OC,sweet,"orange, powdery, neroli, wine, grape, musty, sweet, fruity, blossom, phenolic",flavor_db,1,CNc1ccccc1C(=O)OC,0,"InChI=1S/C9H11NO2/c1-10-8-6-4-3-5-7(8)9(11)12-2/h3-6,10H,1-2H3",0,Non-unique SMILES
CNc1ccccc1C(=O)OC,CNc1ccccc1C(=O)OC,undefined,pungent,phytocompounds_db,1,CNc1ccccc1C(=O)OC,4,"InChI=1S/C9H11NO2/c1-10-8-6-4-3-5-7(8)9(11)12-2/h3-6,10H,1-2H3",0,Non-unique SMILES
COC(=O)C(C)NC(=O)C(N)CC(=O)O,COC(=O)C(C)NC(=O)C(N)CC(=O)O,sweet,"Sweet, Sweetness",chemtastes_db,1,COC(=O)C(C)NC(=O)C(N)CC(=O)O,0,"InChI=1S/C8H14N2O5/c1-4(8(14)15-2)10-7(13)5(9)3-6(11)12/h4-5H,3,9H2,1-2H3,(H,10,13)(H,11,12)",0,Non-unique SMILES
COC(=O)C(C)NC(=O)C(N)CC(=O)O,COC(=O)C(C)NC(=O)C(N)CC(=O)O,bitter,"Bitter, Bitterness",chemtastes_db,1,COC(=O)C(C)NC(=O)C(N)CC(=O)O,1,"InChI=1S/C8H14N2O5/c1-4(8(14)15-2)10-7(13)5(9)3-6(11)12/h4-5H,3,9H2,1-2H3,(H,10,13)(H,11,12)",0,Non-unique SMILES
COC(=O)C(Cc1ccccc1)NC(=O)C(CC(=O)O)NC(=O)C(C)N,COC(=O)C(Cc1ccccc1)NC(=O)C(CC(=O)O)NC(=O)C(C)N,sweet,"Sweet, Sweetness",chemtastes_db,1,COC(=O)C(Cc1ccccc1)NC(=O)C(CC(=O)O)NC(=O)C(C)N,0,"InChI=1S/C17H23N3O6/c1-10(18)15(23)19-12(9-14(21)22)16(24)20-13(17(25)26-2)8-11-6-4-3-5-7-11/h3-7,10,12-13H,8-9,18H2,1-2H3,(H,19,23)(H,20,24)(H,21,22)",0,Non-unique SMILES
COC(=O)C(Cc1ccccc1)NC(=O)C(CC(=O)O)NC(=O)C(C)N,COC(=O)C(Cc1ccccc1)NC(=O)C(CC(=O)O)NC(=O)C(C)N,undefined,"Non-sweet, Non-sweetness",chemtastes_db,1,COC(=O)C(Cc1ccccc1)NC(=O)C(CC(=O)O)NC(=O)C(C)N,4,"InChI=1S/C17H23N3O6/c1-10(18)15(23)19-12(9-14(21)22)16(24)20-13(17(25)26-2)8-11-6-4-3-5-7-11/h3-7,10,12-13H,8-9,18H2,1-2H3,(H,19,23)(H,20,24)(H,21,22)",0,Non-unique SMILES
COC(=O)C(Cc1ccccc1)NC(=O)C(N)CC(=O)O,COC(=O)C(Cc1ccccc1)NC(=O)C(N)CC(=O)O,sweet,"Sweet, Sweetness",chemtastes_db,1,COC(=O)C(Cc1ccccc1)NC(=O)C(N)CC(=O)O,0,"InChI=1S/C14H18N2O5/c1-21-14(20)11(7-9-5-3-2-4-6-9)16-13(19)10(15)8-12(17)18/h2-6,10-11H,7-8,15H2,1H3,(H,16,19)(H,17,18)",0,Non-unique SMILES
COC(=O)C(Cc1ccccc1)NC(=O)C(N)CC(=O)O,COC(=O)C(Cc1ccccc1)NC(=O)C(N)CC(=O)O,bitter,"Bitter(2); Non-sweet, Bitterness",chemtastes_db,1,COC(=O)C(Cc1ccccc1)NC(=O)C(N)CC(=O)O,1,"InChI=1S/C14H18N2O5/c1-21-14(20)11(7-9-5-3-2-4-6-9)16-13(19)10(15)8-12(17)18/h2-6,10-11H,7-8,15H2,1H3,(H,16,19)(H,17,18)",0,Non-unique SMILES
COC(=O)C(CNC(=O)C(N)CC(=O)O)Cc1ccccc1,COC(=O)C(CNC(=O)C(N)CC(=O)O)Cc1ccccc1,undefined,"Non-sweet, Non-sweetness",chemtastes_db,1,COC(=O)C(CNC(=O)C(N)CC(=O)O)Cc1ccccc1,4,"InChI=1S/C15H20N2O5/c1-22-15(21)11(7-10-5-3-2-4-6-10)9-17-14(20)12(16)8-13(18)19/h2-6,11-12H,7-9,16H2,1H3,(H,17,20)(H,18,19)",0,Non-unique SMILES
COC(=O)C(CNC(=O)C(N)CC(=O)O)Cc1ccccc1,COC(=O)C(CNC(=O)C(N)CC(=O)O)Cc1ccccc1,sweet,sweet,flavor_db,1,COC(=O)C(CNC(=O)C(N)CC(=O)O)Cc1ccccc1,0,"InChI=1S/C15H20N2O5/c1-22-15(21)11(7-10-5-3-2-4-6-10)9-17-14(20)12(16)8-13(18)19/h2-6,11-12H,7-9,16H2,1H3,(H,17,20)(H,18,19)",0,Non-unique SMILES
COC(=O)c1ccccc1O,COC(=O)c1ccccc1O,undefined,"mint, wintergreen, peppermint",flavor_db,1,COC(=O)c1ccccc1O,4,"InChI=1S/C8H8O3/c1-11-8(10)6-4-2-3-5-7(6)9/h2-5,9H,1H3",0,Non-unique SMILES
COC(=O)c1ccccc1O,COC(=O)c1ccccc1O,sweet,pungent; sweet;,phytocompounds_db,1,COC(=O)c1ccccc1O,0,"InChI=1S/C8H8O3/c1-11-8(10)6-4-2-3-5-7(6)9/h2-5,9H,1H3",0,Non-unique SMILES
COC(=O)CCC(N)C(=O)OC,COC(=O)CCC(N)C(=O)OC,umami,"Umami/Bitter, Multitaste",chemtastes_db,1,COC(=O)CCC(N)C(=O)OC,2,"InChI=1S/C7H13NO4/c1-11-6(9)4-3-5(8)7(10)12-2/h5H,3-4,8H2,1-2H3",0,Non-unique SMILES
COC(=O)CCC(N)C(=O)OC,COC(=O)CCC(N)C(=O)OC,bitter,"Umami/Bitter, Multitaste",chemtastes_db,1,COC(=O)CCC(N)C(=O)OC,1,"InChI=1S/C7H13NO4/c1-11-6(9)4-3-5(8)7(10)12-2/h5H,3-4,8H2,1-2H3",0,Non-unique SMILES
COC(=O)CCc1ccccc1,COC(=O)CCc1ccccc1,undefined,"wine, floral, fruity, honey, balsam",flavor_db,1,COC(=O)CCc1ccccc1,4,"InChI=1S/C10H12O2/c1-12-10(11)8-7-9-5-3-2-4-6-9/h2-6H,7-8H2,1H3",0,Non-unique SMILES
COC(=O)CCc1ccccc1,COC(=O)CCc1ccccc1,sweet,pungent; sweet,phytocompounds_db,1,COC(=O)CCc1ccccc1,0,"InChI=1S/C10H12O2/c1-12-10(11)8-7-9-5-3-2-4-6-9/h2-6H,7-8H2,1H3",0,Non-unique SMILES
COC(C)=O,COC(C)=O,bitter,"Slightly bitter, Bitterness",chemtastes_db,1,COC(C)=O,1,InChI=1S/C3H6O2/c1-3(4)5-2/h1-2H3,0,Non-unique SMILES
COC(C)=O,COC(C)=O,sweet,"sweet, bitter, ether, fruity",flavor_db,1,COC(C)=O,0,InChI=1S/C3H6O2/c1-3(4)5-2/h1-2H3,0,Non-unique SMILES
COc1cc(C(=O)O)cc(OC)c1O,COc1cc(C(=O)O)cc(OC)c1O,bitter,astringent; bitter; sour,phytocompounds_db,1,COc1cc(C(=O)O)cc(OC)c1O,1,"InChI=1S/C9H10O5/c1-13-6-3-5(9(11)12)4-7(14-2)8(6)10/h3-4,10H,1-2H3,(H,11,12)",0,Non-unique SMILES
COc1cc(C(=O)O)cc(OC)c1O,COc1cc(C(=O)O)cc(OC)c1O,sour,astringent; bitter; sour,phytocompounds_db,1,COc1cc(C(=O)O)cc(OC)c1O,3,"InChI=1S/C9H10O5/c1-13-6-3-5(9(11)12)4-7(14-2)8(6)10/h3-4,10H,1-2H3,(H,11,12)",0,Non-unique SMILES
COc1cc(C(=O)O)ccc1O,COc1cc(C(=O)O)ccc1O,sweet,"powdery, vanilla, bean, milky, sweet, creamy, dairy",flavor_db,1,COc1cc(C(=O)O)ccc1O,0,"InChI=1S/C8H8O4/c1-12-7-4-5(8(10)11)2-3-6(7)9/h2-4,9H,1H3,(H,10,11)",0,Non-unique SMILES
COc1cc(C(=O)O)ccc1O,COc1cc(C(=O)O)ccc1O,bitter,Ligand to Tas2 Receptor,tas2r_agonists,1,COc1cc(C(=O)O)ccc1O,1,"InChI=1S/C8H8O4/c1-12-7-4-5(8(10)11)2-3-6(7)9/h2-4,9H,1H3,(H,10,11)",0,Non-unique SMILES
COc1cc(C(=O)O)ccc1O,COc1cc(C(=O)O)ccc1O,sour,bitter; astringent; sour,phytocompounds_db,1,COc1cc(C(=O)O)ccc1O,3,"InChI=1S/C8H8O4/c1-12-7-4-5(8(10)11)2-3-6(7)9/h2-4,9H,1H3,(H,10,11)",0,Non-unique SMILES
COc1cc(C=CC(=O)NCCc2ccc(O)c(OC)c2)ccc1O,COc1cc(C=CC(=O)NCCc2ccc(O)c(OC)c2)ccc1O,undefined,pungent,phytocompounds_db,1,COc1cc(C=CC(=O)NCCc2ccc(O)c(OC)c2)ccc1O,4,"InChI=1S/C19H21NO5/c1-24-17-11-13(3-6-15(17)21)5-8-19(23)20-10-9-14-4-7-16(22)18(12-14)25-2/h3-8,11-12,21-22H,9-10H2,1-2H3,(H,20,23)",0,Non-unique SMILES
COc1cc(C=CC(=O)NCCc2ccc(O)c(OC)c2)ccc1O,COc1cc(C=CC(=O)NCCc2ccc(O)c(OC)c2)ccc1O,bitter,bitter; pungent,phytocompounds_db,1,COc1cc(C=CC(=O)NCCc2ccc(O)c(OC)c2)ccc1O,1,"InChI=1S/C19H21NO5/c1-24-17-11-13(3-6-15(17)21)5-8-19(23)20-10-9-14-4-7-16(22)18(12-14)25-2/h3-8,11-12,21-22H,9-10H2,1-2H3,(H,20,23)",0,Non-unique SMILES
COc1cc(C=CC(=O)O)cc(OC)c1O,COc1cc(C=CC(=O)O)cc(OC)c1O,bitter,"Bitter, Bitterness",chemtastes_db,1,COc1cc(C=CC(=O)O)cc(OC)c1O,1,"InChI=1S/C11H12O5/c1-15-8-5-7(3-4-10(12)13)6-9(16-2)11(8)14/h3-6,14H,1-2H3,(H,12,13)",0,Non-unique SMILES
COc1cc(C=CC(=O)O)cc(OC)c1O,COc1cc(C=CC(=O)O)cc(OC)c1O,undefined,odorless,flavor_db,1,COc1cc(C=CC(=O)O)cc(OC)c1O,4,"InChI=1S/C11H12O5/c1-15-8-5-7(3-4-10(12)13)6-9(16-2)11(8)14/h3-6,14H,1-2H3,(H,12,13)",0,Non-unique SMILES
COc1cc(C=CC(=O)O)ccc1O,COc1cc(C=CC(=O)O)ccc1O,bitter,Ligand to Tas2 Receptor,tas2r_agonists,1,COc1cc(C=CC(=O)O)ccc1O,1,"InChI=1S/C10H10O4/c1-14-9-6-7(2-4-8(9)11)3-5-10(12)13/h2-6,11H,1H3,(H,12,13)",0,Non-unique SMILES
COc1cc(C=CC(=O)O)ccc1O,COc1cc(C=CC(=O)O)ccc1O,sour,bitter; astringent; sour;,phytocompounds_db,1,COc1cc(C=CC(=O)O)ccc1O,3,"InChI=1S/C10H10O4/c1-14-9-6-7(2-4-8(9)11)3-5-10(12)13/h2-6,11H,1H3,(H,12,13)",0,Non-unique SMILES
COc1cc(C=O)ccc1O,COc1cc(C=O)ccc1O,sweet,"vanilla, chocolate, sweet, creamy",flavor_db,1,COc1cc(C=O)ccc1O,0,"InChI=1S/C8H8O3/c1-11-8-4-6(5-9)2-3-7(8)10/h2-5,10H,1H3",0,Non-unique SMILES
COc1cc(C=O)ccc1O,COc1cc(C=O)ccc1O,bitter,bitter; sweet; pungent;,phytocompounds_db,1,COc1cc(C=O)ccc1O,1,"InChI=1S/C8H8O3/c1-11-8-4-6(5-9)2-3-7(8)10/h2-5,10H,1H3",0,Non-unique SMILES
COC1CC(O)C(O)C(C)O1,COC1CC(O)C(O)C(C)O1,bitter,"Bitter, Bitterness",chemtastes_db,1,COC1CC(O)C(O)C(C)O1,1,"InChI=1S/C7H14O4/c1-4-7(9)5(8)3-6(10-2)11-4/h4-9H,3H2,1-2H3",0,Non-unique SMILES
COC1CC(O)C(O)C(C)O1,COC1CC(O)C(O)C(C)O1,sweet,sweet,flavor_db,1,COC1CC(O)C(O)C(C)O1,0,"InChI=1S/C7H14O4/c1-4-7(9)5(8)3-6(10-2)11-4/h4-9H,3H2,1-2H3",0,Non-unique SMILES
COc1cc2c(=O)c(-c3ccc(O)cc3)coc2cc1OC1OC(CO)C(O)C(O)C1O,COc1cc2c(=O)c(-c3ccc(O)cc3)coc2cc1OC1OC(CO)C(O)C(O)C1O,bitter,"Bitter, Bitterness",chemtastes_db,1,COc1cc2c(=O)c(-c3ccc(O)cc3)coc2cc1OC1OC(CO)C(O)C(O)C1O,1,"InChI=1S/C22H22O10/c1-29-15-6-12-14(30-9-13(18(12)25)10-2-4-11(24)5-3-10)7-16(15)31-22-21(28)20(27)19(26)17(8-23)32-22/h2-7,9,17,19-24,26-28H,8H2,1H3",0,Non-unique SMILES
COc1cc2c(=O)c(-c3ccc(O)cc3)coc2cc1OC1OC(CO)C(O)C(O)C1O,COc1cc2c(=O)c(-c3ccc(O)cc3)coc2cc1OC1OC(CO)C(O)C(O)C1O,sweet,sweet-likebitter,flavor_db,1,COc1cc2c(=O)c(-c3ccc(O)cc3)coc2cc1OC1OC(CO)C(O)C(O)C1O,0,"InChI=1S/C22H22O10/c1-29-15-6-12-14(30-9-13(18(12)25)10-2-4-11(24)5-3-10)7-16(15)31-22-21(28)20(27)19(26)17(8-23)32-22/h2-7,9,17,19-24,26-28H,8H2,1H3",0,Non-unique SMILES
COc1ccc(C(C)=O)cc1,COc1ccc(C(C)=O)cc1,bitter,"Bitter, Bitterness",chemtastes_db,1,COc1ccc(C(C)=O)cc1,1,"InChI=1S/C9H10O2/c1-7(10)8-3-5-9(11-2)6-4-8/h3-6H,1-2H3",0,Non-unique SMILES
COc1ccc(C(C)=O)cc1,COc1ccc(C(C)=O)cc1,sweet,"butter, anisic, powdery, sweet, balsamic, hawthorn, caramel, acacia, bitter, vanilla",flavor_db,1,COc1ccc(C(C)=O)cc1,0,"InChI=1S/C9H10O2/c1-7(10)8-3-5-9(11-2)6-4-8/h3-6H,1-2H3",0,Non-unique SMILES
COc1ccc(C=CC(=O)NCCc2ccc(OC)c(OC)c2)cc1OC,COc1ccc(C=CC(=O)NCCc2ccc(OC)c(OC)c2)cc1OC,undefined,"savory, meat",flavor_db,1,COc1ccc(C=CC(=O)NCCc2ccc(OC)c(OC)c2)cc1OC,4,"InChI=1S/C21H25NO5/c1-24-17-8-5-15(13-19(17)26-3)7-10-21(23)22-12-11-16-6-9-18(25-2)20(14-16)27-4/h5-10,13-14H,11-12H2,1-4H3,(H,22,23)",0,Non-unique SMILES
COc1ccc(C=CC(=O)NCCc2ccc(OC)c(OC)c2)cc1OC,COc1ccc(C=CC(=O)NCCc2ccc(OC)c(OC)c2)cc1OC,sweet,umami; astringent; sweet; pungent,phytocompounds_db,1,COc1ccc(C=CC(=O)NCCc2ccc(OC)c(OC)c2)cc1OC,0,"InChI=1S/C21H25NO5/c1-24-17-8-5-15(13-19(17)26-3)7-10-21(23)22-12-11-16-6-9-18(25-2)20(14-16)27-4/h5-10,13-14H,11-12H2,1-4H3,(H,22,23)",0,Non-unique SMILES
COc1ccc(C=O)cc1,COc1ccc(C=O)cc1,bitter,"Bitter, Bitterness",chemtastes_db,1,COc1ccc(C=O)cc1,1,"InChI=1S/C8H8O2/c1-10-8-4-2-7(6-9)3-5-8/h2-6H,1H3",0,Non-unique SMILES
COc1ccc(C=O)cc1,COc1ccc(C=O)cc1,sweet,"mimosa, hawthorn, cherry, powdery, bitter, vanilla, anise, hawthorne, chocolate, balsam, creamy, minty, berry, sweet, floral, mint, almond, cinnamon",flavor_db,1,COc1ccc(C=O)cc1,0,"InChI=1S/C8H8O2/c1-10-8-4-2-7(6-9)3-5-8/h2-6H,1H3",0,Non-unique SMILES
COc1ccc(C2CC(=O)c3c(O)cc(O)cc3O2)cc1O,COc1ccc(C2CC(=O)c3c(O)cc(O)cc3O2)cc1O,bitter,bitter,flavor_db,1,COc1ccc(C2CC(=O)c3c(O)cc(O)cc3O2)cc1O,1,"InChI=1S/C16H14O6/c1-21-13-3-2-8(4-10(13)18)14-7-12(20)16-11(19)5-9(17)6-15(16)22-14/h2-6,14,17-19H,7H2,1H3",0,Non-unique SMILES
COc1ccc(C2CC(=O)c3c(O)cc(O)cc3O2)cc1O,COc1ccc(C2CC(=O)c3c(O)cc(O)cc3O2)cc1O,sweet,bitter; sweet enhancer;,phytocompounds_db,1,COc1ccc(C2CC(=O)c3c(O)cc(O)cc3O2)cc1O,0,"InChI=1S/C16H14O6/c1-21-13-3-2-8(4-10(13)18)14-7-12(20)16-11(19)5-9(17)6-15(16)22-14/h2-6,14,17-19H,7H2,1H3",0,Non-unique SMILES
COc1ccc(C2CC(=O)c3c(O)cc(OC4OC(CO)C(O)C(O)C4OC4OC(C)C(O)C(O)C4O)cc3O2)cc1O,COc1ccc(C2CC(=O)c3c(O)cc(OC4OC(CO)C(O)C(O)C4OC4OC(C)C(O)C(O)C4O)cc3O2)cc1O,bitter,"Bitter(4); Strongly bitter, Bitterness",chemtastes_db,1,COc1ccc(C2CC(=O)c3c(O)cc(OC4OC(CO)C(O)C(O)C4OC4OC(C)C(O)C(O)C4O)cc3O2)cc1O,1,"InChI=1S/C28H34O15/c1-10-21(33)23(35)25(37)27(39-10)43-26-24(36)22(34)19(9-29)42-28(26)40-12-6-14(31)20-15(32)8-17(41-18(20)7-12)11-3-4-16(38-2)13(30)5-11/h3-7,10,17,19,21-31,33-37H,8-9H2,1-2H3",0,Non-unique SMILES
COc1ccc(C2CC(=O)c3c(O)cc(OC4OC(CO)C(O)C(O)C4OC4OC(C)C(O)C(O)C4O)cc3O2)cc1O,COc1ccc(C2CC(=O)c3c(O)cc(OC4OC(CO)C(O)C(O)C4OC4OC(C)C(O)C(O)C4O)cc3O2)cc1O,sweet,sweet-like,flavor_db,1,COc1ccc(C2CC(=O)c3c(O)cc(OC4OC(CO)C(O)C(O)C4OC4OC(C)C(O)C(O)C4O)cc3O2)cc1O,0,"InChI=1S/C28H34O15/c1-10-21(33)23(35)25(37)27(39-10)43-26-24(36)22(34)19(9-29)42-28(26)40-12-6-14(31)20-15(32)8-17(41-18(20)7-12)11-3-4-16(38-2)13(30)5-11/h3-7,10,17,19,21-31,33-37H,8-9H2,1-2H3",0,Non-unique SMILES
COc1ccc(C2CC(=O)c3c(O)cc(OC4OC(COC5OC(C)C(O)C(O)C5O)C(O)C(O)C4O)cc3O2)cc1O,COc1ccc(C2CC(=O)c3c(O)cc(OC4OC(COC5OC(C)C(O)C(O)C5O)C(O)C(O)C4O)cc3O2)cc1O,undefined,"Neutral; Sweet; Tasteless, Tastelessness",chemtastes_db,1,COc1ccc(C2CC(=O)c3c(O)cc(OC4OC(COC5OC(C)C(O)C(O)C5O)C(O)C(O)C4O)cc3O2)cc1O,4,"InChI=1S/C28H34O15/c1-10-21(32)23(34)25(36)27(40-10)39-9-19-22(33)24(35)26(37)28(43-19)41-12-6-14(30)20-15(31)8-17(42-18(20)7-12)11-3-4-16(38-2)13(29)5-11/h3-7,10,17,19,21-30,32-37H,8-9H2,1-2H3",0,Non-unique SMILES
COc1ccc(C2CC(=O)c3c(O)cc(OC4OC(COC5OC(C)C(O)C(O)C5O)C(O)C(O)C4O)cc3O2)cc1O,COc1ccc(C2CC(=O)c3c(O)cc(OC4OC(COC5OC(C)C(O)C(O)C5O)C(O)C(O)C4O)cc3O2)cc1O,sweet,sweet-like,flavor_db,1,COc1ccc(C2CC(=O)c3c(O)cc(OC4OC(COC5OC(C)C(O)C(O)C5O)C(O)C(O)C4O)cc3O2)cc1O,0,"InChI=1S/C28H34O15/c1-10-21(32)23(34)25(36)27(40-10)39-9-19-22(33)24(35)26(37)28(43-19)41-12-6-14(30)20-15(31)8-17(42-18(20)7-12)11-3-4-16(38-2)13(29)5-11/h3-7,10,17,19,21-30,32-37H,8-9H2,1-2H3",0,Non-unique SMILES
COc1ccc(C2CC(=O)c3c(O)cc(OC4OC(COC5OC(C)C(O)C(O)C5O)C(O)C(O)C4O)cc3O2)cc1O,COc1ccc(C2CC(=O)c3c(O)cc(OC4OC(COC5OC(C)C(O)C(O)C5O)C(O)C(O)C4O)cc3O2)cc1O,bitter,bitter,phytocompounds_db,1,COc1ccc(C2CC(=O)c3c(O)cc(OC4OC(COC5OC(C)C(O)C(O)C5O)C(O)C(O)C4O)cc3O2)cc1O,1,"InChI=1S/C28H34O15/c1-10-21(32)23(34)25(36)27(40-10)39-9-19-22(33)24(35)26(37)28(43-19)41-12-6-14(30)20-15(31)8-17(42-18(20)7-12)11-3-4-16(38-2)13(29)5-11/h3-7,10,17,19,21-30,32-37H,8-9H2,1-2H3",0,Non-unique SMILES
COc1ccc(C2Cc3cccc(O)c3C(=O)O2)cc1O,COc1ccc(C2Cc3cccc(O)c3C(=O)O2)cc1O,sweet,"Sweet(20); Very sweet, Sweetness",chemtastes_db,1,COc1ccc(C2Cc3cccc(O)c3C(=O)O2)cc1O,0,"InChI=1S/C16H14O5/c1-20-13-6-5-9(7-12(13)18)14-8-10-3-2-4-11(17)15(10)16(19)21-14/h2-7,14,17-18H,8H2,1H3",0,Non-unique SMILES
COc1ccc(C2Cc3cccc(O)c3C(=O)O2)cc1O,COc1ccc(C2Cc3cccc(O)c3C(=O)O2)cc1O,undefined,"Tasteless, Tastelessness",chemtastes_db,1,COc1ccc(C2Cc3cccc(O)c3C(=O)O2)cc1O,4,"InChI=1S/C16H14O5/c1-20-13-6-5-9(7-12(13)18)14-8-10-3-2-4-11(17)15(10)16(19)21-14/h2-7,14,17-18H,8H2,1H3",0,Non-unique SMILES
COc1ccc(C2Cc3cccc(O)c3C(=O)O2)cc1OC,COc1ccc(C2Cc3cccc(O)c3C(=O)O2)cc1OC,bitter,"Bitter, Bitterness",chemtastes_db,1,COc1ccc(C2Cc3cccc(O)c3C(=O)O2)cc1OC,1,"InChI=1S/C17H16O5/c1-20-13-7-6-10(8-15(13)21-2)14-9-11-4-3-5-12(18)16(11)17(19)22-14/h3-8,14,18H,9H2,1-2H3",0,Non-unique SMILES
COc1ccc(C2Cc3cccc(O)c3C(=O)O2)cc1OC,COc1ccc(C2Cc3cccc(O)c3C(=O)O2)cc1OC,sweet,sweet-like,flavor_db,1,COc1ccc(C2Cc3cccc(O)c3C(=O)O2)cc1OC,0,"InChI=1S/C17H16O5/c1-20-13-7-6-10(8-15(13)21-2)14-9-11-4-3-5-12(18)16(11)17(19)22-14/h3-8,14,18H,9H2,1-2H3",0,Non-unique SMILES
COc1ccc(C2OC3CC4CCC3(CS2)C4(C)C)cc1O,COc1ccc(C2OC3CC4CCC3(CS2)C4(C)C)cc1O,sweet,"Sweet, Sweetness",chemtastes_db,1,COc1ccc(C2OC3CC4CCC3(CS2)C4(C)C)cc1O,0,"InChI=1S/C18H24O3S/c1-17(2)12-6-7-18(17)10-22-16(21-15(18)9-12)11-4-5-14(20-3)13(19)8-11/h4-5,8,12,15-16,19H,6-7,9-10H2,1-3H3",0,Non-unique SMILES
COc1ccc(C2OC3CC4CCC3(CS2)C4(C)C)cc1O,COc1ccc(C2OC3CC4CCC3(CS2)C4(C)C)cc1O,undefined,"Tasteless, Tastelessness",chemtastes_db,1,COc1ccc(C2OC3CC4CCC3(CS2)C4(C)C)cc1O,4,"InChI=1S/C18H24O3S/c1-17(2)12-6-7-18(17)10-22-16(21-15(18)9-12)11-4-5-14(20-3)13(19)8-11/h4-5,8,12,15-16,19H,6-7,9-10H2,1-3H3",0,Non-unique SMILES
COc1ccc(C2OCc3ccccc3S2)cc1O,COc1ccc(C2OCc3ccccc3S2)cc1O,sweet,"Sweet, Sweetness",chemtastes_db,1,COc1ccc(C2OCc3ccccc3S2)cc1O,0,"InChI=1S/C15H14O3S/c1-17-13-7-6-10(8-12(13)16)15-18-9-11-4-2-3-5-14(11)19-15/h2-8,15-16H,9H2,1H3",0,Non-unique SMILES
COc1ccc(C2OCc3ccccc3S2)cc1O,COc1ccc(C2OCc3ccccc3S2)cc1O,undefined,"Tasteless, Tastelessness",chemtastes_db,1,COc1ccc(C2OCc3ccccc3S2)cc1O,4,"InChI=1S/C15H14O3S/c1-17-13-7-6-10(8-12(13)16)15-18-9-11-4-2-3-5-14(11)19-15/h2-8,15-16H,9H2,1H3",0,Non-unique SMILES
COc1ccc(C2SCc3ccccc3S2)cc1O,COc1ccc(C2SCc3ccccc3S2)cc1O,sweet,"Sweet, Sweetness",chemtastes_db,1,COc1ccc(C2SCc3ccccc3S2)cc1O,0,"InChI=1S/C15H14O2S2/c1-17-13-7-6-10(8-12(13)16)15-18-9-11-4-2-3-5-14(11)19-15/h2-8,15-16H,9H2,1H3",0,Non-unique SMILES
COc1ccc(C2SCc3ccccc3S2)cc1O,COc1ccc(C2SCc3ccccc3S2)cc1O,undefined,"Tasteless, Tastelessness",chemtastes_db,1,COc1ccc(C2SCc3ccccc3S2)cc1O,4,"InChI=1S/C15H14O2S2/c1-17-13-7-6-10(8-12(13)16)15-18-9-11-4-2-3-5-14(11)19-15/h2-8,15-16H,9H2,1H3",0,Non-unique SMILES
COc1ccc(CCNC(=O)C=Cc2ccc3c(c2)OCO3)cc1,COc1ccc(CCNC(=O)C=Cc2ccc3c(c2)OCO3)cc1,sweet,pungent; sour; sweet;,phytocompounds_db,1,COc1ccc(CCNC(=O)C=Cc2ccc3c(c2)OCO3)cc1,0,"InChI=1S/C19H19NO4/c1-22-16-6-2-14(3-7-16)10-11-20-19(21)9-5-15-4-8-17-18(12-15)24-13-23-17/h2-9,12H,10-11,13H2,1H3,(H,20,21)",0,Non-unique SMILES
COc1ccc(CCNC(=O)C=Cc2ccc3c(c2)OCO3)cc1,COc1ccc(CCNC(=O)C=Cc2ccc3c(c2)OCO3)cc1,sour,pungent; sour; sweet;,phytocompounds_db,1,COc1ccc(CCNC(=O)C=Cc2ccc3c(c2)OCO3)cc1,3,"InChI=1S/C19H19NO4/c1-22-16-6-2-14(3-7-16)10-11-20-19(21)9-5-15-4-8-17-18(12-15)24-13-23-17/h2-9,12H,10-11,13H2,1H3,(H,20,21)",0,Non-unique SMILES
COc1ccc(CNC(=O)C(=O)NCCc2ccccn2)c(OC)c1,COc1ccc(CNC(=O)C(=O)NCCc2ccccn2)c(OC)c1,umami,"Umami, Umaminess",chemtastes_db,1,COc1ccc(CNC(=O)C(=O)NCCc2ccccn2)c(OC)c1,2,"InChI=1S/C18H21N3O4/c1-24-15-7-6-13(16(11-15)25-2)12-21-18(23)17(22)20-10-8-14-5-3-4-9-19-14/h3-7,9,11H,8,10,12H2,1-2H3,(H,20,22)(H,21,23)",0,Non-unique SMILES
COc1ccc(CNC(=O)C(=O)NCCc2ccccn2)c(OC)c1,COc1ccc(CNC(=O)C(=O)NCCc2ccccn2)c(OC)c1,undefined,"savory, meaty",flavor_db,1,COc1ccc(CNC(=O)C(=O)NCCc2ccccn2)c(OC)c1,4,"InChI=1S/C18H21N3O4/c1-24-15-7-6-13(16(11-15)25-2)12-21-18(23)17(22)20-10-8-14-5-3-4-9-19-14/h3-7,9,11H,8,10,12H2,1-2H3,(H,20,22)(H,21,23)",0,Non-unique SMILES
COc1ccc(OC)cc1,COc1ccc(OC)cc1,bitter,"Bitter, Bitterness",chemtastes_db,1,COc1ccc(OC)cc1,1,"InChI=1S/C8H10O2/c1-9-7-3-5-8(10-2)6-4-7/h3-6H,1-2H3",0,Non-unique SMILES
COc1ccc(OC)cc1,COc1ccc(OC)cc1,sweet,"sweet, fennel, bitter, green, new mown hay",flavor_db,1,COc1ccc(OC)cc1,0,"InChI=1S/C8H10O2/c1-9-7-3-5-8(10-2)6-4-7/h3-6H,1-2H3",0,Non-unique SMILES
COc1ccc2ccc(=O)oc2c1,COc1ccc2ccc(=O)oc2c1,sweet,"balsam, sweet, balsamic, tonka",flavor_db,1,COc1ccc2ccc(=O)oc2c1,0,"InChI=1S/C10H8O3/c1-12-8-4-2-7-3-5-10(11)13-9(7)6-8/h2-6H,1H3",0,Non-unique SMILES
COc1ccc2ccc(=O)oc2c1,COc1ccc2ccc(=O)oc2c1,bitter,bitter,phytocompounds_db,1,COc1ccc2ccc(=O)oc2c1,1,"InChI=1S/C10H8O3/c1-12-8-4-2-7-3-5-10(11)13-9(7)6-8/h2-6H,1H3",0,Non-unique SMILES
COc1ccccc1C=O,COc1ccccc1C=O,bitter,"Bitter, Bitterness",chemtastes_db,1,COc1ccccc1C=O,1,"InChI=1S/C8H8O2/c1-10-8-5-3-2-4-7(8)6-9/h2-6H,1H3",0,Non-unique SMILES
COc1ccccc1C=O,COc1ccccc1C=O,sweet,"hawthorn, powdery, sweet, vanilla, almond, acetophenone, guaiacol, bitter",flavor_db,1,COc1ccccc1C=O,0,"InChI=1S/C8H8O2/c1-10-8-5-3-2-4-7(8)6-9/h2-6H,1H3",0,Non-unique SMILES
COc1ccccc1O,COc1ccccc1O,undefined,"Tasteless, Tastelessness",chemtastes_db,1,COc1ccccc1O,4,"InChI=1S/C7H8O2/c1-9-7-5-3-2-4-6(7)8/h2-5,8H,1H3",0,Non-unique SMILES
COc1ccccc1O,COc1ccccc1O,sweet,"spice, vanilla, smoky, sweet, woody, phenolic, medicine, medicinal, smoke",flavor_db,1,COc1ccccc1O,0,"InChI=1S/C7H8O2/c1-9-7-5-3-2-4-6(7)8/h2-5,8H,1H3",0,Non-unique SMILES
COC1OC(C)C(O)CC1O,COC1OC(C)C(O)CC1O,bitter,"Bitter, Bitterness",chemtastes_db,1,COC1OC(C)C(O)CC1O,1,"InChI=1S/C7H14O4/c1-4-5(8)3-6(9)7(10-2)11-4/h4-9H,3H2,1-2H3",0,Non-unique SMILES
COC1OC(C)C(O)CC1O,COC1OC(C)C(O)CC1O,sweet,sweet,flavor_db,1,COC1OC(C)C(O)CC1O,0,"InChI=1S/C7H14O4/c1-4-5(8)3-6(9)7(10-2)11-4/h4-9H,3H2,1-2H3",0,Non-unique SMILES
COC1OC(C)CC(O)C1O,COC1OC(C)CC(O)C1O,bitter,"Bitter, Bitterness",chemtastes_db,1,COC1OC(C)CC(O)C1O,1,"InChI=1S/C7H14O4/c1-4-3-5(8)6(9)7(10-2)11-4/h4-9H,3H2,1-2H3",0,Non-unique SMILES
COC1OC(C)CC(O)C1O,COC1OC(C)CC(O)C1O,sweet,sweet,flavor_db,1,COC1OC(C)CC(O)C1O,0,"InChI=1S/C7H14O4/c1-4-3-5(8)6(9)7(10-2)11-4/h4-9H,3H2,1-2H3",0,Non-unique SMILES
COC1OC(CO)C(O)C(O)C1O,COC1OC(CO)C(O)C(O)C1O,sweet,"Sweet, Sweetness",chemtastes_db,1,COC1OC(CO)C(O)C(O)C1O,0,"InChI=1S/C7H14O6/c1-12-7-6(11)5(10)4(9)3(2-8)13-7/h3-11H,2H2,1H3",0,Non-unique SMILES
COC1OC(CO)C(O)C(O)C1O,COC1OC(CO)C(O)C(O)C1O,bitter,"Sweet, Sweetness",chemtastes_db,1,COC1OC(CO)C(O)C(O)C1O,1,"InChI=1S/C7H14O6/c1-12-7-6(11)5(10)4(9)3(2-8)13-7/h3-11H,2H2,1H3",0,Non-unique SMILES
COCC1=CCC=C(C=NO)C1,COCC1=CCC=C(C=NO)C1,undefined,"Non-sweet, Non-sweetness",chemtastes_db,1,COCC1=CCC=C(C=NO)C1,4,"InChI=1S/C9H13NO2/c1-12-7-9-4-2-3-8(5-9)6-10-11/h3-4,6,11H,2,5,7H2,1H3",0,Non-unique SMILES
COCC1=CCC=C(C=NO)C1,COCC1=CCC=C(C=NO)C1,sweet,sweet-like,flavor_db,1,COCC1=CCC=C(C=NO)C1,0,"InChI=1S/C9H13NO2/c1-12-7-9-4-2-3-8(5-9)6-10-11/h3-4,6,11H,2,5,7H2,1H3",0,Non-unique SMILES
COCC1OC(CO)C(O)C(O)C1O,COCC1OC(CO)C(O)C(O)C1O,sweet,"Sweet/Bitter, Multitaste",chemtastes_db,1,COCC1OC(CO)C(O)C(O)C1O,0,"InChI=1S/C8H16O6/c1-13-3-5-7(11)8(12)6(10)4(2-9)14-5/h4-12H,2-3H2,1H3",0,Non-unique SMILES
COCC1OC(CO)C(O)C(O)C1O,COCC1OC(CO)C(O)C(O)C1O,bitter,"Sweet/Bitter, Multitaste",chemtastes_db,1,COCC1OC(CO)C(O)C(O)C1O,1,"InChI=1S/C8H16O6/c1-13-3-5-7(11)8(12)6(10)4(2-9)14-5/h4-12H,2-3H2,1H3",0,Non-unique SMILES
CSCCC(N)C(=O)O,CSCCC(N)C(=O)O,sweet,"Sulphurous/Sweet; Sweet, Sweetness",chemtastes_db,1,CSCCC(N)C(=O)O,0,"InChI=1S/C5H11NO2S/c1-9-3-2-4(6)5(7)8/h4H,2-3,6H2,1H3,(H,7,8)",0,Non-unique SMILES
CSCCC(N)C(=O)O,CSCCC(N)C(=O)O,sour,"acidic, sulfurous, mild",flavor_db,1,CSCCC(N)C(=O)O,3,"InChI=1S/C5H11NO2S/c1-9-3-2-4(6)5(7)8/h4H,2-3,6H2,1H3,(H,7,8)",0,Non-unique SMILES
CSCCC(N)C(=O)O,CSCCC(N)C(=O)O,bitter,sweet; bitter; sour,phytocompounds_db,1,CSCCC(N)C(=O)O,1,"InChI=1S/C5H11NO2S/c1-9-3-2-4(6)5(7)8/h4H,2-3,6H2,1H3,(H,7,8)",0,Non-unique SMILES
N#Cc1ccc(NC(=O)NC(CC(=O)O)C2CCCCC2)cc1,N#Cc1ccc(NC(=O)NC(CC(=O)O)C2CCCCC2)cc1,sweet,"Bitter/Sweet, Multitaste",chemtastes_db,1,N#Cc1ccc(NC(=O)NC(CC(=O)O)C2CCCCC2)cc1,0,"InChI=1S/C17H21N3O3/c18-11-12-6-8-14(9-7-12)19-17(23)20-15(10-16(21)22)13-4-2-1-3-5-13/h6-9,13,15H,1-5,10H2,(H,21,22)(H2,19,20,23)",0,Non-unique SMILES
N#Cc1ccc(NC(=O)NC(CC(=O)O)C2CCCCC2)cc1,N#Cc1ccc(NC(=O)NC(CC(=O)O)C2CCCCC2)cc1,bitter,"Bitter/Sweet, Multitaste",chemtastes_db,1,N#Cc1ccc(NC(=O)NC(CC(=O)O)C2CCCCC2)cc1,1,"InChI=1S/C17H21N3O3/c18-11-12-6-8-14(9-7-12)19-17(23)20-15(10-16(21)22)13-4-2-1-3-5-13/h6-9,13,15H,1-5,10H2,(H,21,22)(H2,19,20,23)",0,Non-unique SMILES
N#Cc1ccc(NC(=O)NC(CC(=O)O)C2CCCCCCC2)cc1,N#Cc1ccc(NC(=O)NC(CC(=O)O)C2CCCCCCC2)cc1,sweet,"Bitter/Sweet, Multitaste",chemtastes_db,1,N#Cc1ccc(NC(=O)NC(CC(=O)O)C2CCCCCCC2)cc1,0,"InChI=1S/C19H25N3O3/c20-13-14-8-10-16(11-9-14)21-19(25)22-17(12-18(23)24)15-6-4-2-1-3-5-7-15/h8-11,15,17H,1-7,12H2,(H,23,24)(H2,21,22,25)",0,Non-unique SMILES
N#Cc1ccc(NC(=O)NC(CC(=O)O)C2CCCCCCC2)cc1,N#Cc1ccc(NC(=O)NC(CC(=O)O)C2CCCCCCC2)cc1,bitter,"Bitter/Sweet, Multitaste",chemtastes_db,1,N#Cc1ccc(NC(=O)NC(CC(=O)O)C2CCCCCCC2)cc1,1,"InChI=1S/C19H25N3O3/c20-13-14-8-10-16(11-9-14)21-19(25)22-17(12-18(23)24)15-6-4-2-1-3-5-7-15/h8-11,15,17H,1-7,12H2,(H,23,24)(H2,21,22,25)",0,Non-unique SMILES
N#Cc1ccc(NC(=O)NC2(CC(=O)O)CCCCCC2)cc1,N#Cc1ccc(NC(=O)NC2(CC(=O)O)CCCCCC2)cc1,sweet,"Bitter/Sweet, Multitaste",chemtastes_db,1,N#Cc1ccc(NC(=O)NC2(CC(=O)O)CCCCCC2)cc1,0,"InChI=1S/C17H21N3O3/c18-12-13-5-7-14(8-6-13)19-16(23)20-17(11-15(21)22)9-3-1-2-4-10-17/h5-8H,1-4,9-11H2,(H,21,22)(H2,19,20,23)",0,Non-unique SMILES
N#Cc1ccc(NC(=O)NC2(CC(=O)O)CCCCCC2)cc1,N#Cc1ccc(NC(=O)NC2(CC(=O)O)CCCCCC2)cc1,bitter,"Bitter/Sweet, Multitaste",chemtastes_db,1,N#Cc1ccc(NC(=O)NC2(CC(=O)O)CCCCCC2)cc1,1,"InChI=1S/C17H21N3O3/c18-12-13-5-7-14(8-6-13)19-16(23)20-17(11-15(21)22)9-3-1-2-4-10-17/h5-8H,1-4,9-11H2,(H,21,22)(H2,19,20,23)",0,Non-unique SMILES
N=C(N)NCCCC(N)C(=O)O,N=C(N)NCCCC(N)C(=O)O,bitter,"Bitter, Bitterness",chemtastes_db,1,N=C(N)NCCCC(N)C(=O)O,1,"InChI=1S/C6H14N4O2/c7-4(5(11)12)2-1-3-10-6(8)9/h4H,1-3,7H2,(H,11,12)(H4,8,9,10)",0,Non-unique SMILES
N=C(N)NCCCC(N)C(=O)O,N=C(N)NCCCC(N)C(=O)O,undefined,"Neutral; Sweet, Miscellaneous",chemtastes_db,1,N=C(N)NCCCC(N)C(=O)O,4,"InChI=1S/C6H14N4O2/c7-4(5(11)12)2-1-3-10-6(8)9/h4H,1-3,7H2,(H,11,12)(H4,8,9,10)",0,Non-unique SMILES
NC(=O)CC(N)C(=O)O,NC(=O)CC(N)C(=O)O,sweet,"Sweet, Sweetness",chemtastes_db,1,NC(=O)CC(N)C(=O)O,0,"InChI=1S/C4H8N2O3/c5-2(4(8)9)1-3(6)7/h2H,1,5H2,(H2,6,7)(H,8,9)",0,Non-unique SMILES
NC(=O)CC(N)C(=O)O,NC(=O)CC(N)C(=O)O,undefined,"Neutral/Tasteless; Bitter/Sweet; Non-sweet, Miscellaneous",chemtastes_db,1,NC(=O)CC(N)C(=O)O,4,"InChI=1S/C4H8N2O3/c5-2(4(8)9)1-3(6)7/h2H,1,5H2,(H2,6,7)(H,8,9)",0,Non-unique SMILES
NC(=O)CC(N)C(=O)O,NC(=O)CC(N)C(=O)O,bitter,bitter; umami-like; sour; tasteless,phytocompounds_db,1,NC(=O)CC(N)C(=O)O,1,"InChI=1S/C4H8N2O3/c5-2(4(8)9)1-3(6)7/h2H,1,5H2,(H2,6,7)(H,8,9)",0,Non-unique SMILES
NC(=O)CC(N)C(=O)O,NC(=O)CC(N)C(=O)O,sour,bitter; umami-like; sour; tasteless,phytocompounds_db,1,NC(=O)CC(N)C(=O)O,3,"InChI=1S/C4H8N2O3/c5-2(4(8)9)1-3(6)7/h2H,1,5H2,(H2,6,7)(H,8,9)",0,Non-unique SMILES
NC(=O)CCC(N)C(=O)O,NC(=O)CCC(N)C(=O)O,sweet,"Sweet, Sweetness",chemtastes_db,1,NC(=O)CCC(N)C(=O)O,0,"InChI=1S/C5H10N2O3/c6-3(5(9)10)1-2-4(7)8/h3H,1-2,6H2,(H2,7,8)(H,9,10)",0,Non-unique SMILES
NC(=O)CCC(N)C(=O)O,NC(=O)CCC(N)C(=O)O,undefined,"Neutral; Sweet/Bitter, Miscellaneous",chemtastes_db,1,NC(=O)CCC(N)C(=O)O,4,"InChI=1S/C5H10N2O3/c6-3(5(9)10)1-2-4(7)8/h3H,1-2,6H2,(H2,7,8)(H,9,10)",0,Non-unique SMILES
NC(=O)CCC(N)C(=O)O,NC(=O)CCC(N)C(=O)O,sour,"sour, umami; sweet;",phytocompounds_db,1,NC(=O)CCC(N)C(=O)O,3,"InChI=1S/C5H10N2O3/c6-3(5(9)10)1-2-4(7)8/h3H,1-2,6H2,(H2,7,8)(H,9,10)",0,Non-unique SMILES
NC(CC(=O)O)C(=O)NC(Cc1ccccc1)C(=O)O,NC(CC(=O)O)C(=O)NC(Cc1ccccc1)C(=O)O,undefined,"Tasteless, Tastelessness",chemtastes_db,1,NC(CC(=O)O)C(=O)NC(Cc1ccccc1)C(=O)O,4,"InChI=1S/C13H16N2O5/c14-9(7-11(16)17)12(18)15-10(13(19)20)6-8-4-2-1-3-5-8/h1-5,9-10H,6-7,14H2,(H,15,18)(H,16,17)(H,19,20)",0,Non-unique SMILES
NC(CC(=O)O)C(=O)NC(Cc1ccccc1)C(=O)O,NC(CC(=O)O)C(=O)NC(Cc1ccccc1)C(=O)O,sweet,sweet,flavor_db,1,NC(CC(=O)O)C(=O)NC(Cc1ccccc1)C(=O)O,0,"InChI=1S/C13H16N2O5/c14-9(7-11(16)17)12(18)15-10(13(19)20)6-8-4-2-1-3-5-8/h1-5,9-10H,6-7,14H2,(H,15,18)(H,16,17)(H,19,20)",0,Non-unique SMILES
NC(CC(=O)O)C(=O)O,NC(CC(=O)O)C(=O)O,undefined,"Tasteless(2); Neutral; Sour; Umami, Tastelessness",chemtastes_db,1,NC(CC(=O)O)C(=O)O,4,"InChI=1S/C4H7NO4/c5-2(4(8)9)1-3(6)7/h2H,1,5H2,(H,6,7)(H,8,9)",0,Non-unique SMILES
NC(CC(=O)O)C(=O)O,NC(CC(=O)O)C(=O)O,sweet,sweet,flavor_db,1,NC(CC(=O)O)C(=O)O,0,"InChI=1S/C4H7NO4/c5-2(4(8)9)1-3(6)7/h2H,1,5H2,(H,6,7)(H,8,9)",0,Non-unique SMILES
NC(CC(=O)O)C(=O)O,NC(CC(=O)O)C(=O)O,bitter,sour; bitter; salty;,phytocompounds_db,1,NC(CC(=O)O)C(=O)O,1,"InChI=1S/C4H7NO4/c5-2(4(8)9)1-3(6)7/h2H,1,5H2,(H,6,7)(H,8,9)",0,Non-unique SMILES
NC(CC(=O)O)C(=O)O,NC(CC(=O)O)C(=O)O,sour,sour; bitter; salty;,phytocompounds_db,1,NC(CC(=O)O)C(=O)O,3,"InChI=1S/C4H7NO4/c5-2(4(8)9)1-3(6)7/h2H,1,5H2,(H,6,7)(H,8,9)",0,Non-unique SMILES
NC(Cc1c[nH]c2cc(Cl)ccc12)C(=O)O,NC(Cc1c[nH]c2cc(Cl)ccc12)C(=O)O,sweet,"Sweet, Sweetness",chemtastes_db,1,NC(Cc1c[nH]c2cc(Cl)ccc12)C(=O)O,0,"InChI=1S/C11H11ClN2O2/c12-7-1-2-8-6(3-9(13)11(15)16)5-14-10(8)4-7/h1-2,4-5,9,14H,3,13H2,(H,15,16)",0,Non-unique SMILES
NC(Cc1c[nH]c2cc(Cl)ccc12)C(=O)O,NC(Cc1c[nH]c2cc(Cl)ccc12)C(=O)O,undefined,"Sweet; Tasteless, Miscellaneous",chemtastes_db,1,NC(Cc1c[nH]c2cc(Cl)ccc12)C(=O)O,4,"InChI=1S/C11H11ClN2O2/c12-7-1-2-8-6(3-9(13)11(15)16)5-14-10(8)4-7/h1-2,4-5,9,14H,3,13H2,(H,15,16)",0,Non-unique SMILES
NC(Cc1c[nH]c2ccccc12)C(=O)O,NC(Cc1c[nH]c2ccccc12)C(=O)O,sweet,"Sweet, Sweetness",chemtastes_db,1,NC(Cc1c[nH]c2ccccc12)C(=O)O,0,"InChI=1S/C11H12N2O2/c12-9(11(14)15)5-7-6-13-10-4-2-1-3-8(7)10/h1-4,6,9,13H,5,12H2,(H,14,15)",0,Non-unique SMILES
NC(Cc1c[nH]c2ccccc12)C(=O)O,NC(Cc1c[nH]c2ccccc12)C(=O)O,bitter,"Bitter(3); Non-sweet, Bitterness",chemtastes_db,1,NC(Cc1c[nH]c2ccccc12)C(=O)O,1,"InChI=1S/C11H12N2O2/c12-9(11(14)15)5-7-6-13-10-4-2-1-3-8(7)10/h1-4,6,9,13H,5,12H2,(H,14,15)",0,Non-unique SMILES
NC(Cc1ccc(O)cc1)C(=O)O,NC(Cc1ccc(O)cc1)C(=O)O,sweet,"Sweet, Sweetness",chemtastes_db,1,NC(Cc1ccc(O)cc1)C(=O)O,0,"InChI=1S/C9H11NO3/c10-8(9(12)13)5-6-1-3-7(11)4-2-6/h1-4,8,11H,5,10H2,(H,12,13)",0,Non-unique SMILES
NC(Cc1ccc(O)cc1)C(=O)O,NC(Cc1ccc(O)cc1)C(=O)O,bitter,"Bitter(4); Non-sweet, Bitterness",chemtastes_db,1,NC(Cc1ccc(O)cc1)C(=O)O,1,"InChI=1S/C9H11NO3/c10-8(9(12)13)5-6-1-3-7(11)4-2-6/h1-4,8,11H,5,10H2,(H,12,13)",0,Non-unique SMILES
NC(Cc1ccc(O)cc1)C(=O)O,NC(Cc1ccc(O)cc1)C(=O)O,undefined,odorless,flavor_db,1,NC(Cc1ccc(O)cc1)C(=O)O,4,"InChI=1S/C9H11NO3/c10-8(9(12)13)5-6-1-3-7(11)4-2-6/h1-4,8,11H,5,10H2,(H,12,13)",0,Non-unique SMILES
NC(Cc1ccccc1)C(=O)O,NC(Cc1ccccc1)C(=O)O,sweet,"Sweet, Sweetness",chemtastes_db,1,NC(Cc1ccccc1)C(=O)O,0,"InChI=1S/C9H11NO2/c10-8(9(11)12)6-7-4-2-1-3-5-7/h1-5,8H,6,10H2,(H,11,12)",0,Non-unique SMILES
NC(Cc1ccccc1)C(=O)O,NC(Cc1ccccc1)C(=O)O,bitter,"Tasteless; Bitter(3); Slightly bitter; Non-sweet, Bitterness",chemtastes_db,1,NC(Cc1ccccc1)C(=O)O,1,"InChI=1S/C9H11NO2/c10-8(9(11)12)6-7-4-2-1-3-5-7/h1-5,8H,6,10H2,(H,11,12)",0,Non-unique SMILES
NC(Cc1ccccc1)C(=O)O,NC(Cc1ccccc1)C(=O)O,undefined,odorless,flavor_db,1,NC(Cc1ccccc1)C(=O)O,4,"InChI=1S/C9H11NO2/c10-8(9(11)12)6-7-4-2-1-3-5-7/h1-5,8H,6,10H2,(H,11,12)",0,Non-unique SMILES
NC(Cc1cnc[nH]1)C(=O)O,NC(Cc1cnc[nH]1)C(=O)O,sweet,"Sweet, Sweetness",chemtastes_db,1,NC(Cc1cnc[nH]1)C(=O)O,0,"InChI=1S/C6H9N3O2/c7-5(6(10)11)1-4-2-8-3-9-4/h2-3,5H,1,7H2,(H,8,9)(H,10,11)",0,Non-unique SMILES
NC(Cc1cnc[nH]1)C(=O)O,NC(Cc1cnc[nH]1)C(=O)O,bitter,"Bitter(2); Bitter/Slightly bitter; Non-sweet, Bitterness",chemtastes_db,1,NC(Cc1cnc[nH]1)C(=O)O,1,"InChI=1S/C6H9N3O2/c7-5(6(10)11)1-4-2-8-3-9-4/h2-3,5H,1,7H2,(H,8,9)(H,10,11)",0,Non-unique SMILES
NC(CCC(=O)O)C(=O)O,NC(CCC(=O)O)C(=O)O,undefined,"Neutral; Salty; Umami; Sour, Multitaste",chemtastes_db,1,NC(CCC(=O)O)C(=O)O,4,"InChI=1S/C5H9NO4/c6-3(5(9)10)1-2-4(7)8/h3H,1-2,6H2,(H,7,8)(H,9,10)",0,Non-unique SMILES
NC(CCC(=O)O)C(=O)O,NC(CCC(=O)O)C(=O)O,sweet,sour; bitter; salty; umami-like; sweet (in fish),phytocompounds_db,1,NC(CCC(=O)O)C(=O)O,0,"InChI=1S/C5H9NO4/c6-3(5(9)10)1-2-4(7)8/h3H,1-2,6H2,(H,7,8)(H,9,10)",0,Non-unique SMILES
NC(CCC(=O)O)C(=O)O,NC(CCC(=O)O)C(=O)O,bitter,sour; bitter; salty; umami-like; sweet (in fish),phytocompounds_db,1,NC(CCC(=O)O)C(=O)O,1,"InChI=1S/C5H9NO4/c6-3(5(9)10)1-2-4(7)8/h3H,1-2,6H2,(H,7,8)(H,9,10)",0,Non-unique SMILES
NC(CCC(=O)O)C(=O)O,NC(CCC(=O)O)C(=O)O,sour,sour; bitter; salty; umami-like; sweet (in fish),phytocompounds_db,1,NC(CCC(=O)O)C(=O)O,3,"InChI=1S/C5H9NO4/c6-3(5(9)10)1-2-4(7)8/h3H,1-2,6H2,(H,7,8)(H,9,10)",0,Non-unique SMILES
NC(CO)C(=O)O,NC(CO)C(=O)O,sweet,"Sweet, Sweetness",chemtastes_db,1,NC(CO)C(=O)O,0,"InChI=1S/C3H7NO3/c4-2(1-5)3(6)7/h2,5H,1,4H2,(H,6,7)",0,Non-unique SMILES
NC(CO)C(=O)O,NC(CO)C(=O)O,sour,sweet; sour;,phytocompounds_db,1,NC(CO)C(=O)O,3,"InChI=1S/C3H7NO3/c4-2(1-5)3(6)7/h2,5H,1,4H2,(H,6,7)",0,Non-unique SMILES
NC(CS)C(=O)O,NC(CS)C(=O)O,sweet,sweet,flavor_db,1,NC(CS)C(=O)O,0,"InChI=1S/C3H7NO2S/c4-2(1-7)3(5)6/h2,7H,1,4H2,(H,5,6)",0,Non-unique SMILES
NC(CS)C(=O)O,NC(CS)C(=O)O,bitter,sweet; bitter; umami,phytocompounds_db,1,NC(CS)C(=O)O,1,"InChI=1S/C3H7NO2S/c4-2(1-7)3(5)6/h2,7H,1,4H2,(H,5,6)",0,Non-unique SMILES
NC(N)=NCCCC(N)C(=O)O,NC(N)=NCCCC(N)C(=O)O,undefined,faint,flavor_db,1,NC(N)=NCCCC(N)C(=O)O,4,"InChI=1S/C6H14N4O2/c7-4(5(11)12)2-1-3-10-6(8)9/h4H,1-3,7H2,(H,11,12)(H4,8,9,10)",0,Non-unique SMILES
NC(N)=NCCCC(N)C(=O)O,NC(N)=NCCCC(N)C(=O)O,sweet,bitter; sweet (in fish),phytocompounds_db,1,NC(N)=NCCCC(N)C(=O)O,0,"InChI=1S/C6H14N4O2/c7-4(5(11)12)2-1-3-10-6(8)9/h4H,1-3,7H2,(H,11,12)(H4,8,9,10)",0,Non-unique SMILES
NC(N)=NCCCC(N)C(=O)O,NC(N)=NCCCC(N)C(=O)O,bitter,bitter; sweet (in fish),phytocompounds_db,1,NC(N)=NCCCC(N)C(=O)O,1,"InChI=1S/C6H14N4O2/c7-4(5(11)12)2-1-3-10-6(8)9/h4H,1-3,7H2,(H,11,12)(H4,8,9,10)",0,Non-unique SMILES
NC1(C(=O)O)CCCC1,NC1(C(=O)O)CCCC1,sweet,"Sweet/Bitter, Multitaste",chemtastes_db,1,NC1(C(=O)O)CCCC1,0,"InChI=1S/C6H11NO2/c7-6(5(8)9)3-1-2-4-6/h1-4,7H2,(H,8,9)",0,Non-unique SMILES
NC1(C(=O)O)CCCC1,NC1(C(=O)O)CCCC1,bitter,"Sweet/Bitter, Multitaste",chemtastes_db,1,NC1(C(=O)O)CCCC1,1,"InChI=1S/C6H11NO2/c7-6(5(8)9)3-1-2-4-6/h1-4,7H2,(H,8,9)",0,Non-unique SMILES
NC1(C(=O)O)CCCCC1,NC1(C(=O)O)CCCCC1,sweet,"Sweet/Bitter; Bitter/Sweet, Multitaste",chemtastes_db,1,NC1(C(=O)O)CCCCC1,0,"InChI=1S/C7H13NO2/c8-7(6(9)10)4-2-1-3-5-7/h1-5,8H2,(H,9,10)",0,Non-unique SMILES
NC1(C(=O)O)CCCCC1,NC1(C(=O)O)CCCCC1,bitter,"Sweet/Bitter; Bitter/Sweet, Multitaste",chemtastes_db,1,NC1(C(=O)O)CCCCC1,1,"InChI=1S/C7H13NO2/c8-7(6(9)10)4-2-1-3-5-7/h1-5,8H2,(H,9,10)",0,Non-unique SMILES
NC1(C(=O)O)CCCCCCC1,NC1(C(=O)O)CCCCCCC1,sweet,"Sweet/Bitter, Multitaste",chemtastes_db,1,NC1(C(=O)O)CCCCCCC1,0,"InChI=1S/C9H17NO2/c10-9(8(11)12)6-4-2-1-3-5-7-9/h1-7,10H2,(H,11,12)",0,Non-unique SMILES
NC1(C(=O)O)CCCCCCC1,NC1(C(=O)O)CCCCCCC1,bitter,"Sweet/Bitter, Multitaste",chemtastes_db,1,NC1(C(=O)O)CCCCCCC1,1,"InChI=1S/C9H17NO2/c10-9(8(11)12)6-4-2-1-3-5-7-9/h1-7,10H2,(H,11,12)",0,Non-unique SMILES
Nc1ncnc2c1ncn2C1OC(CO)C(O)C1O,Nc1ncnc2c1ncn2C1OC(CO)C(O)C1O,bitter,"Bitter, Bitterness",chemtastes_db,1,Nc1ncnc2c1ncn2C1OC(CO)C(O)C1O,1,"InChI=1S/C10H13N5O4/c11-8-5-9(13-2-12-8)15(3-14-5)10-7(18)6(17)4(1-16)19-10/h2-4,6-7,10,16-18H,1H2,(H2,11,12,13)",0,Non-unique SMILES
Nc1ncnc2c1ncn2C1OC(CO)C(O)C1O,Nc1ncnc2c1ncn2C1OC(CO)C(O)C1O,sweet,sweet-like,flavor_db,1,Nc1ncnc2c1ncn2C1OC(CO)C(O)C1O,0,"InChI=1S/C10H13N5O4/c11-8-5-9(13-2-12-8)15(3-14-5)10-7(18)6(17)4(1-16)19-10/h2-4,6-7,10,16-18H,1H2,(H2,11,12,13)",0,Non-unique SMILES
Nc1ncnc2c1ncn2C1OC(COP(=O)(O)O)C(O)C1O,Nc1ncnc2c1ncn2C1OC(COP(=O)(O)O)C(O)C1O,umami,"Umami, Umaminess",chemtastes_db,1,Nc1ncnc2c1ncn2C1OC(COP(=O)(O)O)C(O)C1O,2,"InChI=1S/C10H14N5O7P/c11-8-5-9(13-2-12-8)15(3-14-5)10-7(17)6(16)4(22-10)1-21-23(18,19)20/h2-4,6-7,10,16-17H,1H2,(H2,11,12,13)(H2,18,19,20)",0,Non-unique SMILES
Nc1ncnc2c1ncn2C1OC(COP(=O)(O)O)C(O)C1O,Nc1ncnc2c1ncn2C1OC(COP(=O)(O)O)C(O)C1O,sweet,sweet-like,flavor_db,1,Nc1ncnc2c1ncn2C1OC(COP(=O)(O)O)C(O)C1O,0,"InChI=1S/C10H14N5O7P/c11-8-5-9(13-2-12-8)15(3-14-5)10-7(17)6(16)4(22-10)1-21-23(18,19)20/h2-4,6-7,10,16-17H,1H2,(H2,11,12,13)(H2,18,19,20)",0,Non-unique SMILES
NCCc1ccc(O)cc1,NCCc1ccc(O)cc1,undefined,"mild, rubbery, meaty, dirty, cooked, phenolic",flavor_db,1,NCCc1ccc(O)cc1,4,"InChI=1S/C8H11NO/c9-6-5-7-1-3-8(10)4-2-7/h1-4,10H,5-6,9H2",0,Non-unique SMILES
NCCc1ccc(O)cc1,NCCc1ccc(O)cc1,bitter,bitter,phytocompounds_db,1,NCCc1ccc(O)cc1,1,"InChI=1S/C8H11NO/c9-6-5-7-1-3-8(10)4-2-7/h1-4,10H,5-6,9H2",0,Non-unique SMILES
NCCCC(=O)O,NCCCC(=O)O,sour,"Sour, Sourness",chemtastes_db,1,NCCCC(=O)O,3,"InChI=1S/C4H9NO2/c5-3-1-2-4(6)7/h1-3,5H2,(H,6,7)",0,Non-unique SMILES
NCCCC(=O)O,NCCCC(=O)O,undefined,"savory, meaty",flavor_db,1,NCCCC(=O)O,4,"InChI=1S/C4H9NO2/c5-3-1-2-4(6)7/h1-3,5H2,(H,6,7)",0,Non-unique SMILES
NCCCC(NC(=O)CCN)C(=O)O,NCCCC(NC(=O)CCN)C(=O)O,sweet,"Sour/Sweet, Multitaste",chemtastes_db,1,NCCCC(NC(=O)CCN)C(=O)O,0,"InChI=1S/C8H17N3O3/c9-4-1-2-6(8(13)14)11-7(12)3-5-10/h6H,1-5,9-10H2,(H,11,12)(H,13,14)",0,Non-unique SMILES
NCCCC(NC(=O)CCN)C(=O)O,NCCCC(NC(=O)CCN)C(=O)O,sour,"Sour/Sweet, Multitaste",chemtastes_db,1,NCCCC(NC(=O)CCN)C(=O)O,3,"InChI=1S/C8H17N3O3/c9-4-1-2-6(8(13)14)11-7(12)3-5-10/h6H,1-5,9-10H2,(H,11,12)(H,13,14)",0,Non-unique SMILES
NCCCCC(N)C(=O)O,NCCCCC(N)C(=O)O,sweet,"Sweet; Sweet/Bitter, Sweetness",chemtastes_db,1,NCCCCC(N)C(=O)O,0,"InChI=1S/C6H14N2O2/c7-4-2-1-3-5(8)6(9)10/h5H,1-4,7-8H2,(H,9,10)",0,Non-unique SMILES
NCCCCC(N)C(=O)O,NCCCCC(N)C(=O)O,bitter,"Bitter(2); Sweet/Bitter, Bitterness",chemtastes_db,1,NCCCCC(N)C(=O)O,1,"InChI=1S/C6H14N2O2/c7-4-2-1-3-5(8)6(9)10/h5H,1-4,7-8H2,(H,9,10)",0,Non-unique SMILES
NCCCCC(N)C(=O)O,NCCCCC(N)C(=O)O,undefined,odorless,flavor_db,1,NCCCCC(N)C(=O)O,4,"InChI=1S/C6H14N2O2/c7-4-2-1-3-5(8)6(9)10/h5H,1-4,7-8H2,(H,9,10)",0,Non-unique SMILES
O=[N+]([O-])c1cc([N+](=O)[O-])c(O)c([N+](=O)[O-])c1,O=[N+]([O-])c1cc([N+](=O)[O-])c(O)c([N+](=O)[O-])c1,bitter,"Intensely bitter; Bitter/Sour, Bitterness",chemtastes_db,1,O=[N+]([O-])c1cc([N+](=O)[O-])c(O)c([N+](=O)[O-])c1,1,"InChI=1S/C6H3N3O7/c10-6-4(8(13)14)1-3(7(11)12)2-5(6)9(15)16/h1-2,10H",0,Non-unique SMILES
O=[N+]([O-])c1cc([N+](=O)[O-])c(O)c([N+](=O)[O-])c1,O=[N+]([O-])c1cc([N+](=O)[O-])c(O)c([N+](=O)[O-])c1,sour,"Intensely bitter; Bitter/Sour, Bitterness",chemtastes_db,1,O=[N+]([O-])c1cc([N+](=O)[O-])c(O)c([N+](=O)[O-])c1,3,"InChI=1S/C6H3N3O7/c10-6-4(8(13)14)1-3(7(11)12)2-5(6)9(15)16/h1-2,10H",0,Non-unique SMILES
O=C(C=Cc1ccc(O)c(O)c1)NCCc1ccc(O)cc1,O=C(C=Cc1ccc(O)c(O)c1)NCCc1ccc(O)cc1,bitter,"bitter, pungent",phytocompounds_db,1,O=C(C=Cc1ccc(O)c(O)c1)NCCc1ccc(O)cc1,1,"InChI=1S/C17H17NO4/c19-14-5-1-12(2-6-14)9-10-18-17(22)8-4-13-3-7-15(20)16(21)11-13/h1-8,11,19-21H,9-10H2,(H,18,22)",0,Non-unique SMILES
O=C(C=Cc1ccc(O)c(O)c1)NCCc1ccc(O)cc1,O=C(C=Cc1ccc(O)c(O)c1)NCCc1ccc(O)cc1,undefined,pungent,phytocompounds_db,1,O=C(C=Cc1ccc(O)c(O)c1)NCCc1ccc(O)cc1,4,"InChI=1S/C17H17NO4/c19-14-5-1-12(2-6-14)9-10-18-17(22)8-4-13-3-7-15(20)16(21)11-13/h1-8,11,19-21H,9-10H2,(H,18,22)",0,Non-unique SMILES
O=C(C=Cc1ccc(O)c(O)c1)OC(C(=O)O)C(O)C(=O)O,O=C(C=Cc1ccc(O)c(O)c1)OC(C(=O)O)C(O)C(=O)O,undefined,odorless,flavor_db,1,O=C(C=Cc1ccc(O)c(O)c1)OC(C(=O)O)C(O)C(=O)O,4,"InChI=1S/C13H12O9/c14-7-3-1-6(5-8(7)15)2-4-9(16)22-11(13(20)21)10(17)12(18)19/h1-5,10-11,14-15,17H,(H,18,19)(H,20,21)",0,Non-unique SMILES
O=C(C=Cc1ccc(O)c(O)c1)OC(C(=O)O)C(O)C(=O)O,O=C(C=Cc1ccc(O)c(O)c1)OC(C(=O)O)C(O)C(=O)O,bitter,astringent; bitter,phytocompounds_db,1,O=C(C=Cc1ccc(O)c(O)c1)OC(C(=O)O)C(O)C(=O)O,1,"InChI=1S/C13H12O9/c14-7-3-1-6(5-8(7)15)2-4-9(16)22-11(13(20)21)10(17)12(18)19/h1-5,10-11,14-15,17H,(H,18,19)(H,20,21)",0,Non-unique SMILES
O=C(C=Cc1ccc(O)c(O)c1)OC1CC(O)(C(=O)O)CC(O)C1O,O=C(C=Cc1ccc(O)c(O)c1)OC1CC(O)(C(=O)O)CC(O)C1O,bitter,"Bitter, Bitterness",chemtastes_db,1,O=C(C=Cc1ccc(O)c(O)c1)OC1CC(O)(C(=O)O)CC(O)C1O,1,"InChI=1S/C16H18O9/c17-9-3-1-8(5-10(9)18)2-4-13(20)25-12-7-16(24,15(22)23)6-11(19)14(12)21/h1-5,11-12,14,17-19,21,24H,6-7H2,(H,22,23)",0,Non-unique SMILES
O=C(C=Cc1ccc(O)c(O)c1)OC1CC(O)(C(=O)O)CC(O)C1O,O=C(C=Cc1ccc(O)c(O)c1)OC1CC(O)(C(=O)O)CC(O)C1O,sour,bitter; astringent; sour,phytocompounds_db,1,O=C(C=Cc1ccc(O)c(O)c1)OC1CC(O)(C(=O)O)CC(O)C1O,3,"InChI=1S/C16H18O9/c17-9-3-1-8(5-10(9)18)2-4-13(20)25-12-7-16(24,15(22)23)6-11(19)14(12)21/h1-5,11-12,14,17-19,21,24H,6-7H2,(H,22,23)",0,Non-unique SMILES
O=C(C=Cc1ccccc1)OCC=Cc1ccccc1,O=C(C=Cc1ccccc1)OCC=Cc1ccccc1,sweet,"carnation, berry, jasmine, rose, floral, sweet, honey, balsam, cassia, almond, cinnamyl, cinnamon",flavor_db,1,O=C(C=Cc1ccccc1)OCC=Cc1ccccc1,0,"InChI=1S/C18H16O2/c19-18(14-13-17-10-5-2-6-11-17)20-15-7-12-16-8-3-1-4-9-16/h1-14H,15H2",0,Non-unique SMILES
O=C(C=Cc1ccccc1)OCC=Cc1ccccc1,O=C(C=Cc1ccccc1)OCC=Cc1ccccc1,undefined,pungent,phytocompounds_db,1,O=C(C=Cc1ccccc1)OCC=Cc1ccccc1,4,"InChI=1S/C18H16O2/c19-18(14-13-17-10-5-2-6-11-17)20-15-7-12-16-8-3-1-4-9-16/h1-14H,15H2",0,Non-unique SMILES
O=C(CCc1ccc(O)cc1)c1c(O)cc(O)cc1O,O=C(CCc1ccc(O)cc1)c1c(O)cc(O)cc1O,bitter,"Bitter, Bitterness",chemtastes_db,1,O=C(CCc1ccc(O)cc1)c1c(O)cc(O)cc1O,1,"InChI=1S/C15H14O5/c16-10-4-1-9(2-5-10)3-6-12(18)15-13(19)7-11(17)8-14(15)20/h1-2,4-5,7-8,16-17,19-20H,3,6H2",0,Non-unique SMILES
O=C(CCc1ccc(O)cc1)c1c(O)cc(O)cc1O,O=C(CCc1ccc(O)cc1)c1c(O)cc(O)cc1O,sweet,bitter; sweet,phytocompounds_db,1,O=C(CCc1ccc(O)cc1)c1c(O)cc(O)cc1O,0,"InChI=1S/C15H14O5/c16-10-4-1-9(2-5-10)3-6-12(18)15-13(19)7-11(17)8-14(15)20/h1-2,4-5,7-8,16-17,19-20H,3,6H2",0,Non-unique SMILES
O=C(CCc1ccc(O)cc1)c1c(O)cc(O)cc1OC1OC(CO)C(O)C(O)C1O,O=C(CCc1ccc(O)cc1)c1c(O)cc(O)cc1OC1OC(CO)C(O)C(O)C1O,sweet,"Sweet, Sweetness",chemtastes_db,1,O=C(CCc1ccc(O)cc1)c1c(O)cc(O)cc1OC1OC(CO)C(O)C(O)C1O,0,"InChI=1S/C21H24O10/c22-9-16-18(27)19(28)20(29)21(31-16)30-15-8-12(24)7-14(26)17(15)13(25)6-3-10-1-4-11(23)5-2-10/h1-2,4-5,7-8,16,18-24,26-29H,3,6,9H2",0,Non-unique SMILES
O=C(CCc1ccc(O)cc1)c1c(O)cc(O)cc1OC1OC(CO)C(O)C(O)C1O,O=C(CCc1ccc(O)cc1)c1c(O)cc(O)cc1OC1OC(CO)C(O)C(O)C1O,bitter,bitter,flavor_db,1,O=C(CCc1ccc(O)cc1)c1c(O)cc(O)cc1OC1OC(CO)C(O)C(O)C1O,1,"InChI=1S/C21H24O10/c22-9-16-18(27)19(28)20(29)21(31-16)30-15-8-12(24)7-14(26)17(15)13(25)6-3-10-1-4-11(23)5-2-10/h1-2,4-5,7-8,16,18-24,26-29H,3,6,9H2",0,Non-unique SMILES
O=C(CO)CO,O=C(CO)CO,sweet,"Sweet, Sweetness",chemtastes_db,1,O=C(CO)CO,0,"InChI=1S/C3H6O3/c4-1-3(6)2-5/h4-5H,1-2H2",0,Non-unique SMILES
O=C(CO)CO,O=C(CO)CO,undefined,minty,flavor_db,1,O=C(CO)CO,4,"InChI=1S/C3H6O3/c4-1-3(6)2-5/h4-5H,1-2H2",0,Non-unique SMILES
O=C(NCCOP(=O)(O)O)C(O)C(O)C(O)C(O)CO,O=C(NCCOP(=O)(O)O)C(O)C(O)C(O)C(O)CO,umami,"Umami, Umaminess",chemtastes_db,1,O=C(NCCOP(=O)(O)O)C(O)C(O)C(O)C(O)CO,2,"InChI=1S/C8H18NO10P/c10-3-4(11)5(12)6(13)7(14)8(15)9-1-2-19-20(16,17)18/h4-7,10-14H,1-3H2,(H,9,15)(H2,16,17,18)",0,Non-unique SMILES
O=C(NCCOP(=O)(O)O)C(O)C(O)C(O)C(O)CO,O=C(NCCOP(=O)(O)O)C(O)C(O)C(O)C(O)CO,undefined,roasted,flavor_db,1,O=C(NCCOP(=O)(O)O)C(O)C(O)C(O)C(O)CO,4,"InChI=1S/C8H18NO10P/c10-3-4(11)5(12)6(13)7(14)8(15)9-1-2-19-20(16,17)18/h4-7,10-14H,1-3H2,(H,9,15)(H2,16,17,18)",0,Non-unique SMILES
O=C(O)C(=O)Cc1ccccc1,O=C(O)C(=O)Cc1ccccc1,sweet,"almond, acidic, green, sweet, honey, weedy, phenolic",flavor_db,1,O=C(O)C(=O)Cc1ccccc1,0,"InChI=1S/C9H8O3/c10-8(9(11)12)6-7-4-2-1-3-5-7/h1-5H,6H2,(H,11,12)",0,Non-unique SMILES
O=C(O)C(=O)Cc1ccccc1,O=C(O)C(=O)Cc1ccccc1,sour,"almond, acidic, green, sweet, honey, weedy, phenolic",flavor_db,1,O=C(O)C(=O)Cc1ccccc1,3,"InChI=1S/C9H8O3/c10-8(9(11)12)6-7-4-2-1-3-5-7/h1-5H,6H2,(H,11,12)",0,Non-unique SMILES
O=C(O)C(O)C(O)C(=O)O,O=C(O)C(O)C(O)C(=O)O,sour,"Sour(3); Umami, Sourness",chemtastes_db,1,O=C(O)C(O)C(O)C(=O)O,3,"InChI=1S/C4H6O6/c5-1(3(7)8)2(6)4(9)10/h1-2,5-6H,(H,7,8)(H,9,10)",0,Non-unique SMILES
O=C(O)C(O)C(O)C(=O)O,O=C(O)C(O)C(O)C(=O)O,undefined,"caramellic, very mild",flavor_db,1,O=C(O)C(O)C(O)C(=O)O,4,"InChI=1S/C4H6O6/c5-1(3(7)8)2(6)4(9)10/h1-2,5-6H,(H,7,8)(H,9,10)",0,Non-unique SMILES
O=C(O)C(O)C(O)C(=O)O,O=C(O)C(O)C(O)C(=O)O,umami,Umami molecule from literature,Suess et al. 2015,1,O=C(O)C(O)C(O)C(=O)O,2,"InChI=1S/C4H6O6/c5-1(3(7)8)2(6)4(9)10/h1-2,5-6H,(H,7,8)(H,9,10)",0,Non-unique SMILES
O=C(O)C=C(CC(=O)O)C(=O)O,O=C(O)C=C(CC(=O)O)C(=O)O,undefined,"musty, nutty, very mild",flavor_db,1,O=C(O)C=C(CC(=O)O)C(=O)O,4,"InChI=1S/C6H6O6/c7-4(8)1-3(6(11)12)2-5(9)10/h1H,2H2,(H,7,8)(H,9,10)(H,11,12)",0,Non-unique SMILES
O=C(O)C=C(CC(=O)O)C(=O)O,O=C(O)C=C(CC(=O)O)C(=O)O,sour,sour; astringent,phytocompounds_db,1,O=C(O)C=C(CC(=O)O)C(=O)O,3,"InChI=1S/C6H6O6/c7-4(8)1-3(6(11)12)2-5(9)10/h1H,2H2,(H,7,8)(H,9,10)(H,11,12)",0,Non-unique SMILES
O=C(O)C=CC(=O)O,O=C(O)C=CC(=O)O,sour,"Sour, Sourness",chemtastes_db,1,O=C(O)C=CC(=O)O,3,"InChI=1S/C4H4O4/c5-3(6)1-2-4(7)8/h1-2H,(H,5,6)(H,7,8)",0,Non-unique SMILES
O=C(O)C=CC(=O)O,O=C(O)C=CC(=O)O,bitter,sour; bitter; astringent;,phytocompounds_db,1,O=C(O)C=CC(=O)O,1,"InChI=1S/C4H4O4/c5-3(6)1-2-4(7)8/h1-2H,(H,5,6)(H,7,8)",0,Non-unique SMILES
O=C(O)C=Cc1ccc(O)cc1,O=C(O)C=Cc1ccc(O)cc1,undefined,"balsam, balsamic",flavor_db,1,O=C(O)C=Cc1ccc(O)cc1,4,"InChI=1S/C9H8O3/c10-8-4-1-7(2-5-8)3-6-9(11)12/h1-6,10H,(H,11,12)",0,Non-unique SMILES
O=C(O)C=Cc1ccc(O)cc1,O=C(O)C=Cc1ccc(O)cc1,bitter,bitter; astringent; sour;,phytocompounds_db,1,O=C(O)C=Cc1ccc(O)cc1,1,"InChI=1S/C9H8O3/c10-8-4-1-7(2-5-8)3-6-9(11)12/h1-6,10H,(H,11,12)",0,Non-unique SMILES
O=C(O)C=Cc1ccc(O)cc1,O=C(O)C=Cc1ccc(O)cc1,sour,bitter; astringent; sour;,phytocompounds_db,1,O=C(O)C=Cc1ccc(O)cc1,3,"InChI=1S/C9H8O3/c10-8-4-1-7(2-5-8)3-6-9(11)12/h1-6,10H,(H,11,12)",0,Non-unique SMILES
O=C(O)C1(O)CC(O)C(O)C(O)C1,O=C(O)C1(O)CC(O)C(O)C(O)C1,bitter,"Bitter, Bitterness",chemtastes_db,1,O=C(O)C1(O)CC(O)C(O)C(O)C1,1,"InChI=1S/C7H12O6/c8-3-1-7(13,6(11)12)2-4(9)5(3)10/h3-5,8-10,13H,1-2H2,(H,11,12)",0,Non-unique SMILES
O=C(O)C1(O)CC(O)C(O)C(O)C1,O=C(O)C1(O)CC(O)C(O)C(O)C1,sour,bitter; sour; astringent,phytocompounds_db,1,O=C(O)C1(O)CC(O)C(O)C(O)C1,3,"InChI=1S/C7H12O6/c8-3-1-7(13,6(11)12)2-4(9)5(3)10/h3-5,8-10,13H,1-2H2,(H,11,12)",0,Non-unique SMILES
O=C(O)c1cc(O)c(O)c(O)c1,O=C(O)c1cc(O)c(O)c(O)c1,bitter,bitter,flavor_db,1,O=C(O)c1cc(O)c(O)c(O)c1,1,"InChI=1S/C7H6O5/c8-4-1-3(7(11)12)2-5(9)6(4)10/h1-2,8-10H,(H,11,12)",0,Non-unique SMILES
O=C(O)c1cc(O)c(O)c(O)c1,O=C(O)c1cc(O)c(O)c(O)c1,umami,Umami molecule from literature,Suess et al. 2015,1,O=C(O)c1cc(O)c(O)c(O)c1,2,"InChI=1S/C7H6O5/c8-4-1-3(7(11)12)2-5(9)6(4)10/h1-2,8-10H,(H,11,12)",0,Non-unique SMILES
O=C(O)c1cc(O)ccc1O,O=C(O)c1cc(O)ccc1O,sweet,sour; bitter; astringent; sweet,phytocompounds_db,1,O=C(O)c1cc(O)ccc1O,0,"InChI=1S/C7H6O4/c8-4-1-2-6(9)5(3-4)7(10)11/h1-3,8-9H,(H,10,11)",0,Non-unique SMILES
O=C(O)c1cc(O)ccc1O,O=C(O)c1cc(O)ccc1O,bitter,sour; bitter; astringent; sweet,phytocompounds_db,1,O=C(O)c1cc(O)ccc1O,1,"InChI=1S/C7H6O4/c8-4-1-2-6(9)5(3-4)7(10)11/h1-3,8-9H,(H,10,11)",0,Non-unique SMILES
O=C(O)c1cc(O)ccc1O,O=C(O)c1cc(O)ccc1O,sour,sour; bitter; astringent; sweet,phytocompounds_db,1,O=C(O)c1cc(O)ccc1O,3,"InChI=1S/C7H6O4/c8-4-1-2-6(9)5(3-4)7(10)11/h1-3,8-9H,(H,10,11)",0,Non-unique SMILES
O=C(O)C1CC(O)CN1,O=C(O)C1CC(O)CN1,sweet,"Sweet, Sweetness",chemtastes_db,1,O=C(O)C1CC(O)CN1,0,"InChI=1S/C5H9NO3/c7-3-1-4(5(8)9)6-2-3/h3-4,6-7H,1-2H2,(H,8,9)",0,Non-unique SMILES
O=C(O)C1CC(O)CN1,O=C(O)C1CC(O)CN1,undefined,"Tasteless, Tastelessness",chemtastes_db,1,O=C(O)C1CC(O)CN1,4,"InChI=1S/C5H9NO3/c7-3-1-4(5(8)9)6-2-3/h3-4,6-7H,1-2H2,(H,8,9)",0,Non-unique SMILES
O=C(O)c1cccc(O)c1,O=C(O)c1cccc(O)c1,sweet,bitter; sour; sweet; astringent,phytocompounds_db,1,O=C(O)c1cccc(O)c1,0,"InChI=1S/C7H6O3/c8-6-3-1-2-5(4-6)7(9)10/h1-4,8H,(H,9,10)",0,Non-unique SMILES
O=C(O)c1cccc(O)c1,O=C(O)c1cccc(O)c1,bitter,bitter; sour; sweet; astringent,phytocompounds_db,1,O=C(O)c1cccc(O)c1,1,"InChI=1S/C7H6O3/c8-6-3-1-2-5(4-6)7(9)10/h1-4,8H,(H,9,10)",0,Non-unique SMILES
O=C(O)c1cccc(O)c1,O=C(O)c1cccc(O)c1,sour,bitter; sour; sweet; astringent,phytocompounds_db,1,O=C(O)c1cccc(O)c1,3,"InChI=1S/C7H6O3/c8-6-3-1-2-5(4-6)7(9)10/h1-4,8H,(H,9,10)",0,Non-unique SMILES
O=C(O)c1ccccc1,O=C(O)c1ccccc1,sour,"Sour, Sourness",chemtastes_db,1,O=C(O)c1ccccc1,3,"InChI=1S/C7H6O2/c8-7(9)6-4-2-1-3-5-6/h1-5H,(H,8,9)",0,Non-unique SMILES
O=C(O)c1ccccc1,O=C(O)c1ccccc1,undefined,"balsam, urine, faint",flavor_db,1,O=C(O)c1ccccc1,4,"InChI=1S/C7H6O2/c8-7(9)6-4-2-1-3-5-6/h1-5H,(H,8,9)",0,Non-unique SMILES
O=C(O)c1ccccc1O,O=C(O)c1ccccc1O,bitter,Ligand to Tas2 Receptor,tas2r_agonists,1,O=C(O)c1ccccc1O,1,"InChI=1S/C7H6O3/c8-6-4-2-1-3-5(6)7(9)10/h1-4,8H,(H,9,10)",0,Non-unique SMILES
O=C(O)c1ccccc1O,O=C(O)c1ccccc1O,sweet,sweet; sour; astringent; bitter; acrid,phytocompounds_db,1,O=C(O)c1ccccc1O,0,"InChI=1S/C7H6O3/c8-6-4-2-1-3-5(6)7(9)10/h1-4,8H,(H,9,10)",0,Non-unique SMILES
O=C(O)c1ccccc1O,O=C(O)c1ccccc1O,sour,sweet; sour; astringent; bitter; acrid,phytocompounds_db,1,O=C(O)c1ccccc1O,3,"InChI=1S/C7H6O3/c8-6-4-2-1-3-5(6)7(9)10/h1-4,8H,(H,9,10)",0,Non-unique SMILES
O=C(O)C1CCCN1,O=C(O)C1CCCN1,sweet,"Sweet/Bitter; Sweet, Sweetness",chemtastes_db,1,O=C(O)C1CCCN1,0,"InChI=1S/C5H9NO2/c7-5(8)4-2-1-3-6-4/h4,6H,1-3H2,(H,7,8)",0,Non-unique SMILES
O=C(O)C1CCCN1,O=C(O)C1CCCN1,undefined,"Neutral; Bitter, Miscellaneous",chemtastes_db,1,O=C(O)C1CCCN1,4,"InChI=1S/C5H9NO2/c7-5(8)4-2-1-3-6-4/h4,6H,1-3H2,(H,7,8)",0,Non-unique SMILES
O=C(O)CC(=O)OCC1OC(Oc2c(-c3ccc(O)cc3)oc3cc(O)cc(O)c3c2=O)C(O)C(O)C1O,O=C(O)CC(=O)OCC1OC(Oc2c(-c3ccc(O)cc3)oc3cc(O)cc(O)c3c2=O)C(O)C(O)C1O,bitter,"Bitter, Bitterness",chemtastes_db,1,O=C(O)CC(=O)OCC1OC(Oc2c(-c3ccc(O)cc3)oc3cc(O)cc(O)c3c2=O)C(O)C(O)C1O,1,"InChI=1S/C24H22O14/c25-10-3-1-9(2-4-10)22-23(19(32)17-12(27)5-11(26)6-13(17)36-22)38-24-21(34)20(33)18(31)14(37-24)8-35-16(30)7-15(28)29/h1-6,14,18,20-21,24-27,31,33-34H,7-8H2,(H,28,29)",0,Non-unique SMILES
O=C(O)CC(=O)OCC1OC(Oc2c(-c3ccc(O)cc3)oc3cc(O)cc(O)c3c2=O)C(O)C(O)C1O,O=C(O)CC(=O)OCC1OC(Oc2c(-c3ccc(O)cc3)oc3cc(O)cc(O)c3c2=O)C(O)C(O)C1O,undefined,astringent;,phytocompounds_db,1,O=C(O)CC(=O)OCC1OC(Oc2c(-c3ccc(O)cc3)oc3cc(O)cc(O)c3c2=O)C(O)C(O)C1O,4,"InChI=1S/C24H22O14/c25-10-3-1-9(2-4-10)22-23(19(32)17-12(27)5-11(26)6-13(17)36-22)38-24-21(34)20(33)18(31)14(37-24)8-35-16(30)7-15(28)29/h1-6,14,18,20-21,24-27,31,33-34H,7-8H2,(H,28,29)",0,Non-unique SMILES
O=C(O)CC(O)(CC(=O)O)C(=O)O,O=C(O)CC(O)(CC(=O)O)C(=O)O,sour,"Sour, Sourness",chemtastes_db,1,O=C(O)CC(O)(CC(=O)O)C(=O)O,3,"InChI=1S/C6H8O7/c7-3(8)1-6(13,5(11)12)2-4(9)10/h13H,1-2H2,(H,7,8)(H,9,10)(H,11,12)",0,Non-unique SMILES
O=C(O)CC(O)(CC(=O)O)C(=O)O,O=C(O)CC(O)(CC(=O)O)C(=O)O,undefined,odorless,flavor_db,1,O=C(O)CC(O)(CC(=O)O)C(=O)O,4,"InChI=1S/C6H8O7/c7-3(8)1-6(13,5(11)12)2-4(9)10/h13H,1-2H2,(H,7,8)(H,9,10)(H,11,12)",0,Non-unique SMILES
O=C(O)CC(O)C(=O)O,O=C(O)CC(O)C(=O)O,sour,"Sour, Sourness",chemtastes_db,1,O=C(O)CC(O)C(=O)O,3,"InChI=1S/C4H6O5/c5-2(4(8)9)1-3(6)7/h2,5H,1H2,(H,6,7)(H,8,9)",0,Non-unique SMILES
O=C(O)CC(O)C(=O)O,O=C(O)CC(O)C(=O)O,undefined,odorless,flavor_db,1,O=C(O)CC(O)C(=O)O,4,"InChI=1S/C4H6O5/c5-2(4(8)9)1-3(6)7/h2,5H,1H2,(H,6,7)(H,8,9)",0,Non-unique SMILES
O=C(O)Cc1c[nH]c2ccccc12,O=C(O)Cc1c[nH]c2ccccc12,sour,"sour, odorless, mild",flavor_db,1,O=C(O)Cc1c[nH]c2ccccc12,3,"InChI=1S/C10H9NO2/c12-10(13)5-7-6-11-9-4-2-1-3-8(7)9/h1-4,6,11H,5H2,(H,12,13)",0,Non-unique SMILES
O=C(O)Cc1c[nH]c2ccccc12,O=C(O)Cc1c[nH]c2ccccc12,undefined,astringent,phytocompounds_db,1,O=C(O)Cc1c[nH]c2ccccc12,4,"InChI=1S/C10H9NO2/c12-10(13)5-7-6-11-9-4-2-1-3-8(7)9/h1-4,6,11H,5H2,(H,12,13)",0,Non-unique SMILES
O=C(O)Cc1ccccc1,O=C(O)Cc1ccccc1,sweet,"honeysuckle, sour, waxy, floral, sweet, honey, civet, flower",flavor_db,1,O=C(O)Cc1ccccc1,0,"InChI=1S/C8H8O2/c9-8(10)6-7-4-2-1-3-5-7/h1-5H,6H2,(H,9,10)",0,Non-unique SMILES
O=C(O)Cc1ccccc1,O=C(O)Cc1ccccc1,sour,"honeysuckle, sour, waxy, floral, sweet, honey, civet, flower",flavor_db,1,O=C(O)Cc1ccccc1,3,"InChI=1S/C8H8O2/c9-8(10)6-7-4-2-1-3-5-7/h1-5H,6H2,(H,9,10)",0,Non-unique SMILES
O=C(O)CCC(=O)O,O=C(O)CCC(=O)O,sour,"Sour(2); Umami, Sourness",chemtastes_db,1,O=C(O)CCC(=O)O,3,"InChI=1S/C4H6O4/c5-3(6)1-2-4(7)8/h1-2H2,(H,5,6)(H,7,8)",0,Non-unique SMILES
O=C(O)CCC(=O)O,O=C(O)CCC(=O)O,umami,Umami molecule from literature,Suess et al. 2015,1,O=C(O)CCC(=O)O,2,"InChI=1S/C4H6O4/c5-3(6)1-2-4(7)8/h1-2H2,(H,5,6)(H,7,8)",0,Non-unique SMILES
O=C(O)CCCC(=O)O,O=C(O)CCCC(=O)O,undefined,odorless,flavor_db,1,O=C(O)CCCC(=O)O,4,"InChI=1S/C5H8O4/c6-4(7)2-1-3-5(8)9/h1-3H2,(H,6,7)(H,8,9)",0,Non-unique SMILES
O=C(O)CCCC(=O)O,O=C(O)CCCC(=O)O,sour,sour,phytocompounds_db,1,O=C(O)CCCC(=O)O,3,"InChI=1S/C5H8O4/c6-4(7)2-1-3-5(8)9/h1-3H2,(H,6,7)(H,8,9)",0,Non-unique SMILES
O=C(O)CCCCC(=O)O,O=C(O)CCCCC(=O)O,sour,"Sour, Sourness",chemtastes_db,1,O=C(O)CCCCC(=O)O,3,"InChI=1S/C6H10O4/c7-5(8)3-1-2-4-6(9)10/h1-4H2,(H,7,8)(H,9,10)",0,Non-unique SMILES
O=C(O)CCCCC(=O)O,O=C(O)CCCCC(=O)O,undefined,odorless,flavor_db,1,O=C(O)CCCCC(=O)O,4,"InChI=1S/C6H10O4/c7-5(8)3-1-2-4-6(9)10/h1-4H2,(H,7,8)(H,9,10)",0,Non-unique SMILES
O=C(O)COc1ccccc1,O=C(O)COc1ccccc1,sweet,"sour, sweet",flavor_db,1,O=C(O)COc1ccccc1,0,"InChI=1S/C8H8O3/c9-8(10)6-11-7-4-2-1-3-5-7/h1-5H,6H2,(H,9,10)",0,Non-unique SMILES
O=C(O)COc1ccccc1,O=C(O)COc1ccccc1,sour,"sour, sweet",flavor_db,1,O=C(O)COc1ccccc1,3,"InChI=1S/C8H8O3/c9-8(10)6-11-7-4-2-1-3-5-7/h1-5H,6H2,(H,9,10)",0,Non-unique SMILES
O=C(OC1CC(O)(C(=O)O)CC(O)C1O)c1cc(O)c(O)c(O)c1,O=C(OC1CC(O)(C(=O)O)CC(O)C1O)c1cc(O)c(O)c(O)c1,umami,"Umami, Umaminess",chemtastes_db,1,O=C(OC1CC(O)(C(=O)O)CC(O)C1O)c1cc(O)c(O)c(O)c1,2,"InChI=1S/C14H16O10/c15-6-1-5(2-7(16)10(6)18)12(20)24-9-4-14(23,13(21)22)3-8(17)11(9)19/h1-2,8-9,11,15-19,23H,3-4H2,(H,21,22)",0,Non-unique SMILES
O=C(OC1CC(O)(C(=O)O)CC(O)C1O)c1cc(O)c(O)c(O)c1,O=C(OC1CC(O)(C(=O)O)CC(O)C1O)c1cc(O)c(O)c(O)c1,undefined,astringent; umami enhancing,phytocompounds_db,1,O=C(OC1CC(O)(C(=O)O)CC(O)C1O)c1cc(O)c(O)c(O)c1,4,"InChI=1S/C14H16O10/c15-6-1-5(2-7(16)10(6)18)12(20)24-9-4-14(23,13(21)22)3-8(17)11(9)19/h1-2,8-9,11,15-19,23H,3-4H2,(H,21,22)",0,Non-unique SMILES
O=C(OC1Cc2c(O)cc(O)c(C3c4c(O)cc(O)cc4OC(c4ccc(O)c(O)c4)C3O)c2OC1c1ccc(O)c(O)c1)c1cc(O)c(O)c(O)c1,O=C(OC1Cc2c(O)cc(O)c(C3c4c(O)cc(O)cc4OC(c4ccc(O)c(O)c4)C3O)c2OC1c1ccc(O)c(O)c1)c1cc(O)c(O)c(O)c1,bitter,"Bitter, Bitterness",chemtastes_db,1,O=C(OC1Cc2c(O)cc(O)c(C3c4c(O)cc(O)cc4OC(c4ccc(O)c(O)c4)C3O)c2OC1c1ccc(O)c(O)c1)c1cc(O)c(O)c(O)c1,1,"InChI=1S/C37H30O16/c38-16-9-23(44)29-27(10-16)51-35(14-2-4-19(40)22(43)6-14)33(49)31(29)30-24(45)12-20(41)17-11-28(52-37(50)15-7-25(46)32(48)26(47)8-15)34(53-36(17)30)13-1-3-18(39)21(42)5-13/h1-10,12,28,31,33-35,38-49H,11H2",0,Non-unique SMILES
O=C(OC1Cc2c(O)cc(O)c(C3c4c(O)cc(O)cc4OC(c4ccc(O)c(O)c4)C3O)c2OC1c1ccc(O)c(O)c1)c1cc(O)c(O)c(O)c1,O=C(OC1Cc2c(O)cc(O)c(C3c4c(O)cc(O)cc4OC(c4ccc(O)c(O)c4)C3O)c2OC1c1ccc(O)c(O)c1)c1cc(O)c(O)c(O)c1,undefined,astringent,phytocompounds_db,1,O=C(OC1Cc2c(O)cc(O)c(C3c4c(O)cc(O)cc4OC(c4ccc(O)c(O)c4)C3O)c2OC1c1ccc(O)c(O)c1)c1cc(O)c(O)c(O)c1,4,"InChI=1S/C37H30O16/c38-16-9-23(44)29-27(10-16)51-35(14-2-4-19(40)22(43)6-14)33(49)31(29)30-24(45)12-20(41)17-11-28(52-37(50)15-7-25(46)32(48)26(47)8-15)34(53-36(17)30)13-1-3-18(39)21(42)5-13/h1-10,12,28,31,33-35,38-49H,11H2",0,Non-unique SMILES
O=C(OC1Cc2c(O)cc(O)cc2OC1c1cc(O)c(O)c(O)c1)c1cc(O)c(O)c(O)c1,O=C(OC1Cc2c(O)cc(O)cc2OC1c1cc(O)c(O)c(O)c1)c1cc(O)c(O)c(O)c1,bitter,"Bitter(2); Astringent, Bitterness",chemtastes_db,1,O=C(OC1Cc2c(O)cc(O)cc2OC1c1cc(O)c(O)c(O)c1)c1cc(O)c(O)c(O)c1,1,"InChI=1S/C22H18O11/c23-10-5-12(24)11-7-18(33-22(31)9-3-15(27)20(30)16(28)4-9)21(32-17(11)6-10)8-1-13(25)19(29)14(26)2-8/h1-6,18,21,23-30H,7H2",0,Non-unique SMILES
O=C(OC1Cc2c(O)cc(O)cc2OC1c1cc(O)c(O)c(O)c1)c1cc(O)c(O)c(O)c1,O=C(OC1Cc2c(O)cc(O)cc2OC1c1cc(O)c(O)c(O)c1)c1cc(O)c(O)c(O)c1,undefined,astringent,phytocompounds_db,1,O=C(OC1Cc2c(O)cc(O)cc2OC1c1cc(O)c(O)c(O)c1)c1cc(O)c(O)c(O)c1,4,"InChI=1S/C22H18O11/c23-10-5-12(24)11-7-18(33-22(31)9-3-15(27)20(30)16(28)4-9)21(32-17(11)6-10)8-1-13(25)19(29)14(26)2-8/h1-6,18,21,23-30H,7H2",0,Non-unique SMILES
O=C(OC1Cc2c(O)cc(O)cc2OC1c1ccc(O)c(O)c1)c1cc(O)c(O)c(O)c1,O=C(OC1Cc2c(O)cc(O)cc2OC1c1ccc(O)c(O)c1)c1cc(O)c(O)c(O)c1,bitter,"Bitter, Bitterness",chemtastes_db,1,O=C(OC1Cc2c(O)cc(O)cc2OC1c1ccc(O)c(O)c1)c1cc(O)c(O)c(O)c1,1,"InChI=1S/C22H18O10/c23-11-6-14(25)12-8-19(32-22(30)10-4-16(27)20(29)17(28)5-10)21(31-18(12)7-11)9-1-2-13(24)15(26)3-9/h1-7,19,21,23-29H,8H2",0,Non-unique SMILES
O=C(OC1Cc2c(O)cc(O)cc2OC1c1ccc(O)c(O)c1)c1cc(O)c(O)c(O)c1,O=C(OC1Cc2c(O)cc(O)cc2OC1c1ccc(O)c(O)c1)c1cc(O)c(O)c(O)c1,undefined,astringent,phytocompounds_db,1,O=C(OC1Cc2c(O)cc(O)cc2OC1c1ccc(O)c(O)c1)c1cc(O)c(O)c(O)c1,4,"InChI=1S/C22H18O10/c23-11-6-14(25)12-8-19(32-22(30)10-4-16(27)20(29)17(28)5-10)21(31-18(12)7-11)9-1-2-13(24)15(26)3-9/h1-7,19,21,23-29H,8H2",0,Non-unique SMILES
O=C(OCC1OC(OC(=O)c2cc(O)c(O)c(O)c2)C(OC(=O)c2cc(O)c(O)c(O)c2)C(OC(=O)c2cc(O)c(O)c(O)c2)C1OC(=O)c1cc(O)c(O)c(O)c1)c1cc(O)c(O)c(O)c1,O=C(OCC1OC(OC(=O)c2cc(O)c(O)c(O)c2)C(OC(=O)c2cc(O)c(O)c(O)c2)C(OC(=O)c2cc(O)c(O)c(O)c2)C1OC(=O)c1cc(O)c(O)c(O)c1)c1cc(O)c(O)c(O)c1,bitter,"Bitter, Bitterness",chemtastes_db,1,O=C(OCC1OC(OC(=O)c2cc(O)c(O)c(O)c2)C(OC(=O)c2cc(O)c(O)c(O)c2)C(OC(=O)c2cc(O)c(O)c(O)c2)C1OC(=O)c1cc(O)c(O)c(O)c1)c1cc(O)c(O)c(O)c1,1,"InChI=1S/C41H32O26/c42-17-1-12(2-18(43)28(17)52)36(57)62-11-27-33(64-37(58)13-3-19(44)29(53)20(45)4-13)34(65-38(59)14-5-21(46)30(54)22(47)6-14)35(66-39(60)15-7-23(48)31(55)24(49)8-15)41(63-27)67-40(61)16-9-25(50)32(56)26(51)10-16/h1-10,27,33-35,41-56H,11H2",0,Non-unique SMILES
O=C(OCC1OC(OC(=O)c2cc(O)c(O)c(O)c2)C(OC(=O)c2cc(O)c(O)c(O)c2)C(OC(=O)c2cc(O)c(O)c(O)c2)C1OC(=O)c1cc(O)c(O)c(O)c1)c1cc(O)c(O)c(O)c1,O=C(OCC1OC(OC(=O)c2cc(O)c(O)c(O)c2)C(OC(=O)c2cc(O)c(O)c(O)c2)C(OC(=O)c2cc(O)c(O)c(O)c2)C1OC(=O)c1cc(O)c(O)c(O)c1)c1cc(O)c(O)c(O)c1,undefined,astringent,phytocompounds_db,1,O=C(OCC1OC(OC(=O)c2cc(O)c(O)c(O)c2)C(OC(=O)c2cc(O)c(O)c(O)c2)C(OC(=O)c2cc(O)c(O)c(O)c2)C1OC(=O)c1cc(O)c(O)c(O)c1)c1cc(O)c(O)c(O)c1,4,"InChI=1S/C41H32O26/c42-17-1-12(2-18(43)28(17)52)36(57)62-11-27-33(64-37(58)13-3-19(44)29(53)20(45)4-13)34(65-38(59)14-5-21(46)30(54)22(47)6-14)35(66-39(60)15-7-23(48)31(55)24(49)8-15)41(63-27)67-40(61)16-9-25(50)32(56)26(51)10-16/h1-10,27,33-35,41-56H,11H2",0,Non-unique SMILES
O=C(OCC1OC(OC(=O)c2cc(O)c(O)c(OC(=O)c3cc(O)c(O)c(O)c3)c2)C(OC(=O)c2cc(O)c(O)c(OC(=O)c3cc(O)c(O)c(O)c3)c2)C(OC(=O)c2cc(O)c(O)c(OC(=O)c3cc(O)c(O)c(O)c3)c2)C1OC(=O)c1cc(O)c(O)c(OC(=O)c2cc(O)c(O)c(O)c2)c1)c1cc(O)c(O)c(OC(=O)c2cc(O)c(O)c(O)c2)c1,O=C(OCC1OC(OC(=O)c2cc(O)c(O)c(OC(=O)c3cc(O)c(O)c(O)c3)c2)C(OC(=O)c2cc(O)c(O)c(OC(=O)c3cc(O)c(O)c(O)c3)c2)C(OC(=O)c2cc(O)c(O)c(OC(=O)c3cc(O)c(O)c(O)c3)c2)C1OC(=O)c1cc(O)c(O)c(OC(=O)c2cc(O)c(O)c(O)c2)c1)c1cc(O)c(O)c(OC(=O)c2cc(O)c(O)c(O)c2)c1,undefined,"Astringent, Miscellaneous",chemtastes_db,1,O=C(OCC1OC(OC(=O)c2cc(O)c(O)c(OC(=O)c3cc(O)c(O)c(O)c3)c2)C(OC(=O)c2cc(O)c(O)c(OC(=O)c3cc(O)c(O)c(O)c3)c2)C(OC(=O)c2cc(O)c(O)c(OC(=O)c3cc(O)c(O)c(O)c3)c2)C1OC(=O)c1cc(O)c(O)c(OC(=O)c2cc(O)c(O)c(O)c2)c1)c1cc(O)c(O)c(OC(=O)c2cc(O)c(O)c(O)c2)c1,4,"InChI=1S/C76H52O46/c77-32-1-22(2-33(78)53(32)92)67(103)113-47-16-27(11-42(87)58(47)97)66(102)112-21-52-63(119-72(108)28-12-43(88)59(98)48(17-28)114-68(104)23-3-34(79)54(93)35(80)4-23)64(120-73(109)29-13-44(89)60(99)49(18-29)115-69(105)24-5-36(81)55(94)37(82)6-24)65(121-74(110)30-14-45(90)61(100)50(19-30)116-70(106)25-7-38(83)56(95)39(84)8-25)76(118-52)122-75(111)31-15-46(91)62(101)51(20-31)117-71(107)26-9-40(85)57(96)41(86)10-26/h1-20,52,63-65,76-101H,21H2",0,Non-unique SMILES
O=C(OCC1OC(OC(=O)c2cc(O)c(O)c(OC(=O)c3cc(O)c(O)c(O)c3)c2)C(OC(=O)c2cc(O)c(O)c(OC(=O)c3cc(O)c(O)c(O)c3)c2)C(OC(=O)c2cc(O)c(O)c(OC(=O)c3cc(O)c(O)c(O)c3)c2)C1OC(=O)c1cc(O)c(O)c(OC(=O)c2cc(O)c(O)c(O)c2)c1)c1cc(O)c(O)c(OC(=O)c2cc(O)c(O)c(O)c2)c1,O=C(OCC1OC(OC(=O)c2cc(O)c(O)c(OC(=O)c3cc(O)c(O)c(O)c3)c2)C(OC(=O)c2cc(O)c(O)c(OC(=O)c3cc(O)c(O)c(O)c3)c2)C(OC(=O)c2cc(O)c(O)c(OC(=O)c3cc(O)c(O)c(O)c3)c2)C1OC(=O)c1cc(O)c(O)c(OC(=O)c2cc(O)c(O)c(O)c2)c1)c1cc(O)c(O)c(OC(=O)c2cc(O)c(O)c(O)c2)c1,bitter,"astringent, bitter",phytocompounds_db,1,O=C(OCC1OC(OC(=O)c2cc(O)c(O)c(OC(=O)c3cc(O)c(O)c(O)c3)c2)C(OC(=O)c2cc(O)c(O)c(OC(=O)c3cc(O)c(O)c(O)c3)c2)C(OC(=O)c2cc(O)c(O)c(OC(=O)c3cc(O)c(O)c(O)c3)c2)C1OC(=O)c1cc(O)c(O)c(OC(=O)c2cc(O)c(O)c(O)c2)c1)c1cc(O)c(O)c(OC(=O)c2cc(O)c(O)c(O)c2)c1,1,"InChI=1S/C76H52O46/c77-32-1-22(2-33(78)53(32)92)67(103)113-47-16-27(11-42(87)58(47)97)66(102)112-21-52-63(119-72(108)28-12-43(88)59(98)48(17-28)114-68(104)23-3-34(79)54(93)35(80)4-23)64(120-73(109)29-13-44(89)60(99)49(18-29)115-69(105)24-5-36(81)55(94)37(82)6-24)65(121-74(110)30-14-45(90)61(100)50(19-30)116-70(106)25-7-38(83)56(95)39(84)8-25)76(118-52)122-75(111)31-15-46(91)62(101)51(20-31)117-71(107)26-9-40(85)57(96)41(86)10-26/h1-20,52,63-65,76-101H,21H2",0,Non-unique SMILES
O=c1c(-c2ccc(O)cc2)coc2c(C3OC(CO)C(O)C(O)C3O)c(O)cc(O)c12,O=c1c(-c2ccc(O)cc2)coc2c(C3OC(CO)C(O)C(O)C3O)c(O)cc(O)c12,sweet,bitter; sweet;,phytocompounds_db,1,O=c1c(-c2ccc(O)cc2)coc2c(C3OC(CO)C(O)C(O)C3O)c(O)cc(O)c12,0,"InChI=1S/C21H20O10/c22-6-13-17(27)18(28)19(29)21(31-13)15-12(25)5-11(24)14-16(26)10(7-30-20(14)15)8-1-3-9(23)4-2-8/h1-5,7,13,17-19,21-25,27-29H,6H2",0,Non-unique SMILES
O=c1c(-c2ccc(O)cc2)coc2c(C3OC(CO)C(O)C(O)C3O)c(O)cc(O)c12,O=c1c(-c2ccc(O)cc2)coc2c(C3OC(CO)C(O)C(O)C3O)c(O)cc(O)c12,bitter,bitter; sweet;,phytocompounds_db,1,O=c1c(-c2ccc(O)cc2)coc2c(C3OC(CO)C(O)C(O)C3O)c(O)cc(O)c12,1,"InChI=1S/C21H20O10/c22-6-13-17(27)18(28)19(29)21(31-13)15-12(25)5-11(24)14-16(26)10(7-30-20(14)15)8-1-3-9(23)4-2-8/h1-5,7,13,17-19,21-25,27-29H,6H2",0,Non-unique SMILES
O=c1c(-c2ccc(O)cc2)coc2cc(OC3OC(CO)C(O)C(O)C3O)cc(O)c12,O=c1c(-c2ccc(O)cc2)coc2cc(OC3OC(CO)C(O)C(O)C3O)cc(O)c12,bitter,bitter,flavor_db,1,O=c1c(-c2ccc(O)cc2)coc2cc(OC3OC(CO)C(O)C(O)C3O)cc(O)c12,1,"InChI=1S/C21H20O10/c22-7-15-18(26)19(27)20(28)21(31-15)30-11-5-13(24)16-14(6-11)29-8-12(17(16)25)9-1-3-10(23)4-2-9/h1-6,8,15,18-24,26-28H,7H2",0,Non-unique SMILES
O=c1c(-c2ccc(O)cc2)coc2cc(OC3OC(CO)C(O)C(O)C3O)cc(O)c12,O=c1c(-c2ccc(O)cc2)coc2cc(OC3OC(CO)C(O)C(O)C3O)cc(O)c12,sweet,bitter; astringent; sweet,phytocompounds_db,1,O=c1c(-c2ccc(O)cc2)coc2cc(OC3OC(CO)C(O)C(O)C3O)cc(O)c12,0,"InChI=1S/C21H20O10/c22-7-15-18(26)19(27)20(28)21(31-15)30-11-5-13(24)16-14(6-11)29-8-12(17(16)25)9-1-3-10(23)4-2-9/h1-6,8,15,18-24,26-28H,7H2",0,Non-unique SMILES
O=c1c(O)c(-c2ccc(O)cc2O)oc2cc(O)cc(O)c12,O=c1c(O)c(-c2ccc(O)cc2O)oc2cc(O)cc(O)c12,bitter,"Bitter, Bitterness",chemtastes_db,1,O=c1c(O)c(-c2ccc(O)cc2O)oc2cc(O)cc(O)c12,1,"InChI=1S/C15H10O7/c16-6-1-2-8(9(18)3-6)15-14(21)13(20)12-10(19)4-7(17)5-11(12)22-15/h1-5,16-19,21H",0,Non-unique SMILES
O=c1c(O)c(-c2ccc(O)cc2O)oc2cc(O)cc(O)c12,O=c1c(O)c(-c2ccc(O)cc2O)oc2cc(O)cc(O)c12,sweet,bitter; sweet,phytocompounds_db,1,O=c1c(O)c(-c2ccc(O)cc2O)oc2cc(O)cc(O)c12,0,"InChI=1S/C15H10O7/c16-6-1-2-8(9(18)3-6)15-14(21)13(20)12-10(19)4-7(17)5-11(12)22-15/h1-5,16-19,21H",0,Non-unique SMILES
O=c1c(OC2OC(CO)C(O)C(O)C2O)c(-c2ccc(O)cc2)oc2cc(O)cc(O)c12,O=c1c(OC2OC(CO)C(O)C(O)C2O)c(-c2ccc(O)cc2)oc2cc(O)cc(O)c12,bitter,"Bitter, Bitterness",chemtastes_db,1,O=c1c(OC2OC(CO)C(O)C(O)C2O)c(-c2ccc(O)cc2)oc2cc(O)cc(O)c12,1,"InChI=1S/C21H20O11/c22-7-13-15(26)17(28)18(29)21(31-13)32-20-16(27)14-11(25)5-10(24)6-12(14)30-19(20)8-1-3-9(23)4-2-8/h1-6,13,15,17-18,21-26,28-29H,7H2",0,Non-unique SMILES
O=c1c(OC2OC(CO)C(O)C(O)C2O)c(-c2ccc(O)cc2)oc2cc(O)cc(O)c12,O=c1c(OC2OC(CO)C(O)C(O)C2O)c(-c2ccc(O)cc2)oc2cc(O)cc(O)c12,undefined,astringent,phytocompounds_db,1,O=c1c(OC2OC(CO)C(O)C(O)C2O)c(-c2ccc(O)cc2)oc2cc(O)cc(O)c12,4,"InChI=1S/C21H20O11/c22-7-13-15(26)17(28)18(29)21(31-13)32-20-16(27)14-11(25)5-10(24)6-12(14)30-19(20)8-1-3-9(23)4-2-8/h1-6,13,15,17-18,21-26,28-29H,7H2",0,Non-unique SMILES
O=C1CC(c2ccc(O)cc2)Oc2cc(O)cc(O)c21,O=C1CC(c2ccc(O)cc2)Oc2cc(O)cc(O)c21,undefined,"Non-bitter; Bitter, Miscellaneous",chemtastes_db,1,O=C1CC(c2ccc(O)cc2)Oc2cc(O)cc(O)c21,4,"InChI=1S/C15H12O5/c16-9-3-1-8(2-4-9)13-7-12(19)15-11(18)5-10(17)6-14(15)20-13/h1-6,13,16-18H,7H2",0,Non-unique SMILES
O=C1CC(c2ccc(O)cc2)Oc2cc(O)cc(O)c21,O=C1CC(c2ccc(O)cc2)Oc2cc(O)cc(O)c21,bitter,bitter,flavor_db,1,O=C1CC(c2ccc(O)cc2)Oc2cc(O)cc(O)c21,1,"InChI=1S/C15H12O5/c16-9-3-1-8(2-4-9)13-7-12(19)15-11(18)5-10(17)6-14(15)20-13/h1-6,13,16-18H,7H2",0,Non-unique SMILES
O=c1ccc2ccccc2o1,O=c1ccc2ccccc2o1,sweet,"sweet, new mown hay, green, tonka, bitter",flavor_db,1,O=c1ccc2ccccc2o1,0,InChI=1S/C9H6O2/c10-9-6-5-7-3-1-2-4-8(7)11-9/h1-6H,0,Non-unique SMILES
O=c1ccc2ccccc2o1,O=c1ccc2ccccc2o1,bitter,"sweet, new mown hay, green, tonka, bitter",flavor_db,1,O=c1ccc2ccccc2o1,1,InChI=1S/C9H6O2/c10-9-6-5-7-3-1-2-4-8(7)11-9/h1-6H,0,Non-unique SMILES
O=C1NS(=O)(=O)c2c(Cl)cccc21,O=C1NS(=O)(=O)c2c(Cl)cccc21,sweet,"Sweet/Bitter, Multitaste",chemtastes_db,1,O=C1NS(=O)(=O)c2c(Cl)cccc21,0,"InChI=1S/C7H4ClNO3S/c8-5-3-1-2-4-6(5)13(11,12)9-7(4)10/h1-3H,(H,9,10)",0,Non-unique SMILES
O=C1NS(=O)(=O)c2c(Cl)cccc21,O=C1NS(=O)(=O)c2c(Cl)cccc21,bitter,"Sweet/Bitter, Multitaste",chemtastes_db,1,O=C1NS(=O)(=O)c2c(Cl)cccc21,1,"InChI=1S/C7H4ClNO3S/c8-5-3-1-2-4-6(5)13(11,12)9-7(4)10/h1-3H,(H,9,10)",0,Non-unique SMILES
O=C1NS(=O)(=O)c2cc(Br)ccc21,O=C1NS(=O)(=O)c2cc(Br)ccc21,sweet,"Sweet/Bitter, Multitaste",chemtastes_db,1,O=C1NS(=O)(=O)c2cc(Br)ccc21,0,"InChI=1S/C7H4BrNO3S/c8-4-1-2-5-6(3-4)13(11,12)9-7(5)10/h1-3H,(H,9,10)",0,Non-unique SMILES
O=C1NS(=O)(=O)c2cc(Br)ccc21,O=C1NS(=O)(=O)c2cc(Br)ccc21,bitter,"Sweet/Bitter, Multitaste",chemtastes_db,1,O=C1NS(=O)(=O)c2cc(Br)ccc21,1,"InChI=1S/C7H4BrNO3S/c8-4-1-2-5-6(3-4)13(11,12)9-7(5)10/h1-3H,(H,9,10)",0,Non-unique SMILES
O=C1NS(=O)(=O)c2cc(Cl)ccc21,O=C1NS(=O)(=O)c2cc(Cl)ccc21,sweet,"Sweet/Bitter, Multitaste",chemtastes_db,1,O=C1NS(=O)(=O)c2cc(Cl)ccc21,0,"InChI=1S/C7H4ClNO3S/c8-4-1-2-5-6(3-4)13(11,12)9-7(5)10/h1-3H,(H,9,10)",0,Non-unique SMILES
O=C1NS(=O)(=O)c2cc(Cl)ccc21,O=C1NS(=O)(=O)c2cc(Cl)ccc21,bitter,"Sweet/Bitter, Multitaste",chemtastes_db,1,O=C1NS(=O)(=O)c2cc(Cl)ccc21,1,"InChI=1S/C7H4ClNO3S/c8-4-1-2-5-6(3-4)13(11,12)9-7(5)10/h1-3H,(H,9,10)",0,Non-unique SMILES
O=C1NS(=O)(=O)c2cc(I)ccc21,O=C1NS(=O)(=O)c2cc(I)ccc21,bitter,"Bitter, Bitterness",chemtastes_db,1,O=C1NS(=O)(=O)c2cc(I)ccc21,1,"InChI=1S/C7H4INO3S/c8-4-1-2-5-6(3-4)13(11,12)9-7(5)10/h1-3H,(H,9,10)",0,Non-unique SMILES
O=C1NS(=O)(=O)c2cc(I)ccc21,O=C1NS(=O)(=O)c2cc(I)ccc21,sweet,sweet-like,flavor_db,1,O=C1NS(=O)(=O)c2cc(I)ccc21,0,"InChI=1S/C7H4INO3S/c8-4-1-2-5-6(3-4)13(11,12)9-7(5)10/h1-3H,(H,9,10)",0,Non-unique SMILES
O=C1NS(=O)(=O)c2cccc([N+](=O)[O-])c21,O=C1NS(=O)(=O)c2cccc([N+](=O)[O-])c21,sweet,"Bitter; Sweet, Multitaste",chemtastes_db,1,O=C1NS(=O)(=O)c2cccc([N+](=O)[O-])c21,0,"InChI=1S/C7H4N2O5S/c10-7-6-4(9(11)12)2-1-3-5(6)15(13,14)8-7/h1-3H,(H,8,10)",0,Non-unique SMILES
O=C1NS(=O)(=O)c2cccc([N+](=O)[O-])c21,O=C1NS(=O)(=O)c2cccc([N+](=O)[O-])c21,bitter,"Bitter; Sweet, Multitaste",chemtastes_db,1,O=C1NS(=O)(=O)c2cccc([N+](=O)[O-])c21,1,"InChI=1S/C7H4N2O5S/c10-7-6-4(9(11)12)2-1-3-5(6)15(13,14)8-7/h1-3H,(H,8,10)",0,Non-unique SMILES
O=C1NS(=O)(=O)c2ccccc21,O=C1NS(=O)(=O)c2ccccc21,sweet,"Sweet(18); Bitter, Sweetness",chemtastes_db,1,O=C1NS(=O)(=O)c2ccccc21,0,"InChI=1S/C7H5NO3S/c9-7-5-3-1-2-4-6(5)12(10,11)8-7/h1-4H,(H,8,9)",0,Non-unique SMILES
O=C1NS(=O)(=O)c2ccccc21,O=C1NS(=O)(=O)c2ccccc21,bitter,"odorless, bitter, sweet",flavor_db,1,O=C1NS(=O)(=O)c2ccccc21,1,"InChI=1S/C7H5NO3S/c9-7-5-3-1-2-4-6(5)12(10,11)8-7/h1-4H,(H,8,9)",0,Non-unique SMILES
O=C1OC(C(O)CO)C(O)=C1O,O=C1OC(C(O)CO)C(O)=C1O,sour,"Sour, Sourness",chemtastes_db,1,O=C1OC(C(O)CO)C(O)=C1O,3,"InChI=1S/C6H8O6/c7-1-2(8)5-3(9)4(10)6(11)12-5/h2,7-11H,1H2",0,Non-unique SMILES
O=C1OC(C(O)CO)C(O)=C1O,O=C1OC(C(O)CO)C(O)=C1O,bitter,sour; bitter,phytocompounds_db,1,O=C1OC(C(O)CO)C(O)=C1O,1,"InChI=1S/C6H8O6/c7-1-2(8)5-3(9)4(10)6(11)12-5/h2,7-11H,1H2",0,Non-unique SMILES
O=C1OC(CO)C(O)C(O)C1O,O=C1OC(CO)C(O)C(O)C1O,undefined,odorless,flavor_db,1,O=C1OC(CO)C(O)C(O)C1O,4,"InChI=1S/C6H10O6/c7-1-2-3(8)4(9)5(10)6(11)12-2/h2-5,7-10H,1H2",0,Non-unique SMILES
O=C1OC(CO)C(O)C(O)C1O,O=C1OC(CO)C(O)C(O)C1O,sweet,sweet; sour precursor;,phytocompounds_db,1,O=C1OC(CO)C(O)C(O)C1O,0,"InChI=1S/C6H10O6/c7-1-2-3(8)4(9)5(10)6(11)12-2/h2-5,7-10H,1H2",0,Non-unique SMILES
O=C1OC(CO)C(O)C(O)C1O,O=C1OC(CO)C(O)C(O)C1O,sour,sweet; sour precursor;,phytocompounds_db,1,O=C1OC(CO)C(O)C(O)C1O,3,"InChI=1S/C6H10O6/c7-1-2-3(8)4(9)5(10)6(11)12-2/h2-5,7-10H,1H2",0,Non-unique SMILES
O=CC=Cc1ccccc1,O=CC=Cc1ccccc1,sweet,"Sweet, Sweetness",chemtastes_db,1,O=CC=Cc1ccccc1,0,InChI=1S/C9H8O/c10-8-4-7-9-5-2-1-3-6-9/h1-8H,0,Non-unique SMILES
O=CC=Cc1ccccc1,O=CC=Cc1ccccc1,undefined,"spicy, cinnamon",flavor_db,1,O=CC=Cc1ccccc1,4,InChI=1S/C9H8O/c10-8-4-7-9-5-2-1-3-6-9/h1-8H,0,Non-unique SMILES
O=CC=Cc1ccccc1,O=CC=Cc1ccccc1,bitter,pungent; bitter; sweet;,phytocompounds_db,1,O=CC=Cc1ccccc1,1,InChI=1S/C9H8O/c10-8-4-7-9-5-2-1-3-6-9/h1-8H,0,Non-unique SMILES
O=Cc1ccc2c(c1)OCO2,O=Cc1ccc2c(c1)OCO2,undefined,"Bitter/Sweet, Multitaste",chemtastes_db,1,O=Cc1ccc2c(c1)OCO2,4,"InChI=1S/C8H6O3/c9-4-6-1-2-7-8(3-6)11-5-10-7/h1-4H,5H2",0,Non-unique SMILES
O=Cc1ccc2c(c1)OCO2,O=Cc1ccc2c(c1)OCO2,sweet,"coconut, heliotrope, powdery, sweet, vanilla, flower, violet, bitter",flavor_db,1,O=Cc1ccc2c(c1)OCO2,0,"InChI=1S/C8H6O3/c9-4-6-1-2-7-8(3-6)11-5-10-7/h1-4H,5H2",0,Non-unique SMILES
O=Cc1ccc2c(c1)OCO2,O=Cc1ccc2c(c1)OCO2,bitter,"coconut, heliotrope, powdery, sweet, vanilla, flower, violet, bitter",flavor_db,1,O=Cc1ccc2c(c1)OCO2,1,"InChI=1S/C8H6O3/c9-4-6-1-2-7-8(3-6)11-5-10-7/h1-4H,5H2",0,Non-unique SMILES
O=Cc1ccccc1,O=Cc1ccccc1,bitter,"Bitter, Bitterness",chemtastes_db,1,O=Cc1ccccc1,1,InChI=1S/C7H6O/c8-6-7-4-2-1-3-5-7/h1-6H,0,Non-unique SMILES
O=Cc1ccccc1,O=Cc1ccccc1,sweet,"cherry, almond, sweet, burnt sugar, sharp, strong, bitter",flavor_db,1,O=Cc1ccccc1,0,InChI=1S/C7H6O/c8-6-7-4-2-1-3-5-7/h1-6H,0,Non-unique SMILES
O=CCc1ccccc1,O=CCc1ccccc1,bitter,"Bitter, Bitterness",chemtastes_db,1,O=CCc1ccccc1,1,"InChI=1S/C8H8O/c9-7-6-8-4-2-1-3-5-8/h1-5,7H,6H2",0,Non-unique SMILES
O=CCc1ccccc1,O=CCc1ccccc1,sweet,"hyacinth, honey, clover, sweet, hawthorne, cocoa, grapefruit, green, peanut, floral, bitter",flavor_db,1,O=CCc1ccccc1,0,"InChI=1S/C8H8O/c9-7-6-8-4-2-1-3-5-8/h1-5,7H,6H2",0,Non-unique SMILES
O=CO,O=CO,sour,"Sour, Sourness",chemtastes_db,1,O=CO,3,"InChI=1S/CH2O2/c2-1-3/h1H,(H,2,3)",0,Non-unique SMILES
O=CO,O=CO,undefined,"pungent, vinegar, formyl",flavor_db,1,O=CO,4,"InChI=1S/CH2O2/c2-1-3/h1H,(H,2,3)",0,Non-unique SMILES
O=COCC=Cc1ccccc1,O=COCC=Cc1ccccc1,bitter,bitter,flavor_db,1,O=COCC=Cc1ccccc1,1,"InChI=1S/C10H10O2/c11-9-12-8-4-7-10-5-2-1-3-6-10/h1-7,9H,8H2",0,Non-unique SMILES
O=COCC=Cc1ccccc1,O=COCC=Cc1ccccc1,sweet,"Bitter/Sweet, Multitaste",chemtastes_db,1,O=COCC=Cc1ccccc1,0,"InChI=1S/C10H10O2/c11-9-12-8-4-7-10-5-2-1-3-6-10/h1-7,9H,8H2",0,Non-unique SMILES
O=COCCc1ccccc1,O=COCCc1ccccc1,bitter,"hyacinth, rose, green, herbal, watercress, bitter",flavor_db,1,O=COCCc1ccccc1,1,"InChI=1S/C9H10O2/c10-8-11-7-6-9-4-2-1-3-5-9/h1-5,8H,6-7H2",0,Non-unique SMILES
O=COCCc1ccccc1,O=COCCc1ccccc1,sweet,"Bitter/Sweet, Multitaste",chemtastes_db,1,O=COCCc1ccccc1,0,"InChI=1S/C9H10O2/c10-8-11-7-6-9-4-2-1-3-5-9/h1-5,8H,6-7H2",0,Non-unique SMILES
O=P(O)(O)O,O=P(O)(O)O,sour,"Sour, Sourness",chemtastes_db,1,O=P(O)(O)O,3,"InChI=1S/H3O4P/c1-5(2,3)4/h(H3,1,2,3,4)",0,Non-unique SMILES
O=P(O)(O)O,O=P(O)(O)O,undefined,bland,flavor_db,1,O=P(O)(O)O,4,"InChI=1S/H3O4P/c1-5(2,3)4/h(H3,1,2,3,4)",0,Non-unique SMILES
O=S(=O)(NC1CCCCC1)OC1CCCCC1,O=S(=O)(NC1CCCCC1)OC1CCCCC1,sweet,"Sweet/Bitter, Multitaste",chemtastes_db,1,O=S(=O)(NC1CCCCC1)OC1CCCCC1,0,"InChI=1S/C12H23NO3S/c14-17(15,13-11-7-3-1-4-8-11)16-12-9-5-2-6-10-12/h11-13H,1-10H2",0,Non-unique SMILES
O=S(=O)(NC1CCCCC1)OC1CCCCC1,O=S(=O)(NC1CCCCC1)OC1CCCCC1,bitter,"Sweet/Bitter, Multitaste",chemtastes_db,1,O=S(=O)(NC1CCCCC1)OC1CCCCC1,1,"InChI=1S/C12H23NO3S/c14-17(15,13-11-7-3-1-4-8-11)16-12-9-5-2-6-10-12/h11-13H,1-10H2",0,Non-unique SMILES
OC1C(CCl)OC(OC2(CCl)OC(CCl)C(O)C2O)C(Cl)C1O,OC1C(CCl)OC(OC2(CCl)OC(CCl)C(O)C2O)C(Cl)C1O,bitter,"Very bitter, Bitterness",chemtastes_db,1,OC1C(CCl)OC(OC2(CCl)OC(CCl)C(O)C2O)C(Cl)C1O,1,"InChI=1S/C12H18Cl4O7/c13-1-4-7(17)9(19)6(16)11(21-4)23-12(3-15)10(20)8(18)5(2-14)22-12/h4-11,17-20H,1-3H2",0,Non-unique SMILES
OC1C(CCl)OC(OC2(CCl)OC(CCl)C(O)C2O)C(Cl)C1O,OC1C(CCl)OC(OC2(CCl)OC(CCl)C(O)C2O)C(Cl)C1O,sweet,sweet,flavor_db,1,OC1C(CCl)OC(OC2(CCl)OC(CCl)C(O)C2O)C(Cl)C1O,0,"InChI=1S/C12H18Cl4O7/c13-1-4-7(17)9(19)6(16)11(21-4)23-12(3-15)10(20)8(18)5(2-14)22-12/h4-11,17-20H,1-3H2",0,Non-unique SMILES
Oc1cc(O)c2c(c1)OC(c1cc(O)c(O)c(O)c1)C(O)C2,Oc1cc(O)c2c(c1)OC(c1cc(O)c(O)c(O)c1)C(O)C2,bitter,"Bitter, Bitterness",chemtastes_db,1,Oc1cc(O)c2c(c1)OC(c1cc(O)c(O)c(O)c1)C(O)C2,1,"InChI=1S/C15H14O7/c16-7-3-9(17)8-5-12(20)15(22-13(8)4-7)6-1-10(18)14(21)11(19)2-6/h1-4,12,15-21H,5H2",0,Non-unique SMILES
Oc1cc(O)c2c(c1)OC(c1cc(O)c(O)c(O)c1)C(O)C2,Oc1cc(O)c2c(c1)OC(c1cc(O)c(O)c(O)c1)C(O)C2,undefined,astringent,phytocompounds_db,1,Oc1cc(O)c2c(c1)OC(c1cc(O)c(O)c(O)c1)C(O)C2,4,"InChI=1S/C15H14O7/c16-7-3-9(17)8-5-12(20)15(22-13(8)4-7)6-1-10(18)14(21)11(19)2-6/h1-4,12,15-21H,5H2",0,Non-unique SMILES
Oc1cc(O)c2c(c1)OC(c1ccc(O)c(O)c1)C(O)C2c1c(O)cc(O)c2c1OC(c1ccc(O)c(O)c1)C(O)C2,Oc1cc(O)c2c(c1)OC(c1ccc(O)c(O)c1)C(O)C2c1c(O)cc(O)c2c1OC(c1ccc(O)c(O)c1)C(O)C2,bitter,"Bitter, Bitterness",chemtastes_db,1,Oc1cc(O)c2c(c1)OC(c1ccc(O)c(O)c1)C(O)C2c1c(O)cc(O)c2c1OC(c1ccc(O)c(O)c1)C(O)C2,1,"InChI=1S/C30H26O12/c31-13-7-20(37)24-23(8-13)41-29(12-2-4-16(33)19(36)6-12)27(40)26(24)25-21(38)10-17(34)14-9-22(39)28(42-30(14)25)11-1-3-15(32)18(35)5-11/h1-8,10,22,26-29,31-40H,9H2",0,Non-unique SMILES
Oc1cc(O)c2c(c1)OC(c1ccc(O)c(O)c1)C(O)C2c1c(O)cc(O)c2c1OC(c1ccc(O)c(O)c1)C(O)C2,Oc1cc(O)c2c(c1)OC(c1ccc(O)c(O)c1)C(O)C2c1c(O)cc(O)c2c1OC(c1ccc(O)c(O)c1)C(O)C2,undefined,astringent,phytocompounds_db,1,Oc1cc(O)c2c(c1)OC(c1ccc(O)c(O)c1)C(O)C2c1c(O)cc(O)c2c1OC(c1ccc(O)c(O)c1)C(O)C2,4,"InChI=1S/C30H26O12/c31-13-7-20(37)24-23(8-13)41-29(12-2-4-16(33)19(36)6-12)27(40)26(24)25-21(38)10-17(34)14-9-22(39)28(42-30(14)25)11-1-3-15(32)18(35)5-11/h1-8,10,22,26-29,31-40H,9H2",0,Non-unique SMILES
Oc1ccc(C2Oc3c(c(O)cc(O)c3C3c4c(O)cc5c(c4OC(c4ccc(O)cc4)C3O)C3c4c(O)cc(O)cc4OC(c4ccc(O)cc4)(O5)C3O)CC2O)cc1,Oc1ccc(C2Oc3c(c(O)cc(O)c3C3c4c(O)cc5c(c4OC(c4ccc(O)cc4)C3O)C3c4c(O)cc(O)cc4OC(c4ccc(O)cc4)(O5)C3O)CC2O)cc1,sweet,"Sweet, Sweetness",chemtastes_db,1,Oc1ccc(C2Oc3c(c(O)cc(O)c3C3c4c(O)cc5c(c4OC(c4ccc(O)cc4)C3O)C3c4c(O)cc(O)cc4OC(c4ccc(O)cc4)(O5)C3O)CC2O)cc1,0,"InChI=1S/C45H36O15/c46-21-7-1-18(2-8-21)40-30(54)15-25-26(50)16-28(52)34(42(25)57-40)37-35-29(53)17-32-36(43(35)58-41(39(37)55)19-3-9-22(47)10-4-19)38-33-27(51)13-24(49)14-31(33)59-45(60-32,44(38)56)20-5-11-23(48)12-6-20/h1-14,16-17,30,37-41,44,46-56H,15H2",0,Non-unique SMILES
Oc1ccc(C2Oc3c(c(O)cc(O)c3C3c4c(O)cc5c(c4OC(c4ccc(O)cc4)C3O)C3c4c(O)cc(O)cc4OC(c4ccc(O)cc4)(O5)C3O)CC2O)cc1,Oc1ccc(C2Oc3c(c(O)cc(O)c3C3c4c(O)cc5c(c4OC(c4ccc(O)cc4)C3O)C3c4c(O)cc(O)cc4OC(c4ccc(O)cc4)(O5)C3O)CC2O)cc1,undefined,"Astringent , Miscellaneous",chemtastes_db,1,Oc1ccc(C2Oc3c(c(O)cc(O)c3C3c4c(O)cc5c(c4OC(c4ccc(O)cc4)C3O)C3c4c(O)cc(O)cc4OC(c4ccc(O)cc4)(O5)C3O)CC2O)cc1,4,"InChI=1S/C45H36O15/c46-21-7-1-18(2-8-21)40-30(54)15-25-26(50)16-28(52)34(42(25)57-40)37-35-29(53)17-32-36(43(35)58-41(39(37)55)19-3-9-22(47)10-4-19)38-33-27(51)13-24(49)14-31(33)59-45(60-32,44(38)56)20-5-11-23(48)12-6-20/h1-14,16-17,30,37-41,44,46-56H,15H2",0,Non-unique SMILES
Oc1cccc(O)c1,Oc1cccc(O)c1,sweet,"Sweetish, Sweetness",chemtastes_db,1,Oc1cccc(O)c1,0,"InChI=1S/C6H6O2/c7-5-2-1-3-6(8)4-5/h1-4,7-8H",0,Non-unique SMILES
Oc1cccc(O)c1,Oc1cccc(O)c1,undefined,"musty, creamy, hawthorn, nutty, phenolic",flavor_db,1,Oc1cccc(O)c1,4,"InChI=1S/C6H6O2/c7-5-2-1-3-6(8)4-5/h1-4,7-8H",0,Non-unique SMILES
Oc1ccccc1O,Oc1ccccc1O,bitter,"Bitter, Bitterness",chemtastes_db,1,Oc1ccccc1O,1,"InChI=1S/C6H6O2/c7-5-3-1-2-4-6(5)8/h1-4,7-8H",0,Non-unique SMILES
Oc1ccccc1O,Oc1ccccc1O,sweet,"bitter, sweet",phytocompounds_db,1,Oc1ccccc1O,0,"InChI=1S/C6H6O2/c7-5-3-1-2-4-6(5)8/h1-4,7-8H",0,Non-unique SMILES
OCC(O)C(O)=Cc1ccccc1,OCC(O)C(O)=Cc1ccccc1,sweet,"cherry, almond, bitter, sweet",flavor_db,1,OCC(O)C(O)=Cc1ccccc1,0,"InChI=1S/C10H12O3/c11-7-10(13)9(12)6-8-4-2-1-3-5-8/h1-5,9,11-12H,6-7H2",0,Non-unique SMILES
OCC(O)C(O)=Cc1ccccc1,OCC(O)C(O)=Cc1ccccc1,bitter,"cherry, almond, bitter, sweet",flavor_db,1,OCC(O)C(O)=Cc1ccccc1,1,"InChI=1S/C10H12O3/c11-7-10(13)9(12)6-8-4-2-1-3-5-8/h1-5,9,11-12H,6-7H2",0,Non-unique SMILES
OCC=Cc1ccccc1,OCC=Cc1ccccc1,bitter,"Bitter, Bitterness",chemtastes_db,1,OCC=Cc1ccccc1,1,"InChI=1S/C9H10O/c10-8-4-7-9-5-2-1-3-6-9/h1-7,10H,8H2",0,Non-unique SMILES
OCC=Cc1ccccc1,OCC=Cc1ccccc1,sweet,"oil, powdery, cinnamic, bitter, sweet, balsam, hyacinth, spicy, green",flavor_db,1,OCC=Cc1ccccc1,0,"InChI=1S/C9H10O/c10-8-4-7-9-5-2-1-3-6-9/h1-7,10H,8H2",0,Non-unique SMILES
OCC1(O)OCC(O)C(O)C1O,OCC1(O)OCC(O)C(O)C1O,sweet,"Sweet, Sweetness",chemtastes_db,1,OCC1(O)OCC(O)C(O)C1O,0,"InChI=1S/C6H12O6/c7-2-6(11)5(10)4(9)3(8)1-12-6/h3-5,7-11H,1-2H2",0,Non-unique SMILES
OCC1(O)OCC(O)C(O)C1O,OCC1(O)OCC(O)C(O)C1O,bitter,"Bitter, Bitterness",chemtastes_db,1,OCC1(O)OCC(O)C(O)C1O,1,"InChI=1S/C6H12O6/c7-2-6(11)5(10)4(9)3(8)1-12-6/h3-5,7-11H,1-2H2",0,Non-unique SMILES
OCC1(OC2OC(CCl)C(O)C(O)C2O)OC(CCl)C(O)C1O,OCC1(OC2OC(CCl)C(O)C(O)C2O)OC(CCl)C(O)C1O,undefined,"Tasteless; Sweet; Non-sweet(3), Tastelessness",chemtastes_db,1,OCC1(OC2OC(CCl)C(O)C(O)C2O)OC(CCl)C(O)C1O,4,"InChI=1S/C12H20Cl2O9/c13-1-4-6(16)8(18)9(19)11(21-4)23-12(3-15)10(20)7(17)5(2-14)22-12/h4-11,15-20H,1-3H2",0,Non-unique SMILES
OCC1(OC2OC(CCl)C(O)C(O)C2O)OC(CCl)C(O)C1O,OCC1(OC2OC(CCl)C(O)C(O)C2O)OC(CCl)C(O)C1O,sweet,sweet,flavor_db,1,OCC1(OC2OC(CCl)C(O)C(O)C2O)OC(CCl)C(O)C1O,0,"InChI=1S/C12H20Cl2O9/c13-1-4-6(16)8(18)9(19)11(21-4)23-12(3-15)10(20)7(17)5(2-14)22-12/h4-11,15-20H,1-3H2",0,Non-unique SMILES
OCc1ccc(O)cc1,OCc1ccc(O)cc1,sweet,"coconut, bitter, sweet, fruity, almond",flavor_db,1,OCc1ccc(O)cc1,0,"InChI=1S/C7H8O2/c8-5-6-1-3-7(9)4-2-6/h1-4,8-9H,5H2",0,Non-unique SMILES
OCc1ccc(O)cc1,OCc1ccc(O)cc1,bitter,"coconut, bitter, sweet, fruity, almond",flavor_db,1,OCc1ccc(O)cc1,1,"InChI=1S/C7H8O2/c8-5-6-1-3-7(9)4-2-6/h1-4,8-9H,5H2",0,Non-unique SMILES
OCc1ccco1,OCc1ccco1,bitter,"Bitter, Bitterness",chemtastes_db,1,OCc1ccco1,1,"InChI=1S/C5H6O2/c6-4-5-2-1-3-7-5/h1-3,6H,4H2",0,Non-unique SMILES
OCc1ccco1,OCc1ccco1,sweet,"coffee, alcoholic, bitter, musty, chemical, caramel, sweet, burnt, bread",flavor_db,1,OCc1ccco1,0,"InChI=1S/C5H6O2/c6-4-5-2-1-3-7-5/h1-3,6H,4H2",0,Non-unique SMILES
OCC1OC(CO)(OC2OC(CCl)C(O)C(O)C2O)C(O)C1O,OCC1OC(CO)(OC2OC(CCl)C(O)C(O)C2O)C(O)C1O,bitter,"Non-sweet(2); Bitter(2), Bitterness",chemtastes_db,1,OCC1OC(CO)(OC2OC(CCl)C(O)C(O)C2O)C(O)C1O,1,"InChI=1S/C12H21ClO10/c13-1-4-6(16)8(18)9(19)11(21-4)23-12(3-15)10(20)7(17)5(2-14)22-12/h4-11,14-20H,1-3H2",0,Non-unique SMILES
OCC1OC(CO)(OC2OC(CCl)C(O)C(O)C2O)C(O)C1O,OCC1OC(CO)(OC2OC(CCl)C(O)C(O)C2O)C(O)C1O,sweet,sweet,flavor_db,1,OCC1OC(CO)(OC2OC(CCl)C(O)C(O)C2O)C(O)C1O,0,"InChI=1S/C12H21ClO10/c13-1-4-6(16)8(18)9(19)11(21-4)23-12(3-15)10(20)7(17)5(2-14)22-12/h4-11,14-20H,1-3H2",0,Non-unique SMILES
OCC1OC(O)C(O)C(O)C1O,OCC1OC(O)C(O)C(O)C1O,sweet,"Sweet, Sweetness",chemtastes_db,1,OCC1OC(O)C(O)C(O)C1O,0,"InChI=1S/C6H12O6/c7-1-2-3(8)4(9)5(10)6(11)12-2/h2-11H,1H2",0,Non-unique SMILES
OCC1OC(O)C(O)C(O)C1O,OCC1OC(O)C(O)C(O)C1O,bitter,"Sweet/Bitter; Bitter, Bitterness",chemtastes_db,1,OCC1OC(O)C(O)C(O)C1O,1,"InChI=1S/C6H12O6/c7-1-2-3(8)4(9)5(10)6(11)12-2/h2-11H,1H2",0,Non-unique SMILES
OCC1OC(OC2(CO)OC(CO)C(O)C2O)C(O)C(O)C1O,OCC1OC(OC2(CO)OC(CO)C(O)C2O)C(O)C(O)C1O,sweet,"Tasteless; Sweet(3), Sweetness",chemtastes_db,1,OCC1OC(OC2(CO)OC(CO)C(O)C2O)C(O)C(O)C1O,0,"InChI=1S/C12H22O11/c13-1-4-6(16)8(18)9(19)11(21-4)23-12(3-15)10(20)7(17)5(2-14)22-12/h4-11,13-20H,1-3H2",0,Non-unique SMILES
OCC1OC(OC2(CO)OC(CO)C(O)C2O)C(O)C(O)C1O,OCC1OC(OC2(CO)OC(CO)C(O)C2O)C(O)C(O)C1O,undefined,"Tasteless(2); Sweet, Tastelessness",chemtastes_db,1,OCC1OC(OC2(CO)OC(CO)C(O)C2O)C(O)C(O)C1O,4,"InChI=1S/C12H22O11/c13-1-4-6(16)8(18)9(19)11(21-4)23-12(3-15)10(20)7(17)5(2-14)22-12/h4-11,13-20H,1-3H2",0,Non-unique SMILES
OCC1OC(Oc2c[nH]c3ccccc23)C(O)C(O)C1O,OCC1OC(Oc2c[nH]c3ccccc23)C(O)C(O)C1O,undefined,astringent,phytocompounds_db,1,OCC1OC(Oc2c[nH]c3ccccc23)C(O)C(O)C1O,4,"InChI=1S/C14H17NO6/c16-6-10-11(17)12(18)13(19)14(21-10)20-9-5-15-8-4-2-1-3-7(8)9/h1-5,10-19H,6H2",0,Non-unique SMILES
OCC1OC(Oc2c[nH]c3ccccc23)C(O)C(O)C1O,OCC1OC(Oc2c[nH]c3ccccc23)C(O)C(O)C1O,bitter,bitter,phytocompounds_db,1,OCC1OC(Oc2c[nH]c3ccccc23)C(O)C(O)C1O,1,"InChI=1S/C14H17NO6/c16-6-10-11(17)12(18)13(19)14(21-10)20-9-5-15-8-4-2-1-3-7(8)9/h1-5,10-19H,6H2",0,Non-unique SMILES
OCC1OC(OCC2OC(O)C(O)C(O)C2O)C(O)C(O)C1O,OCC1OC(OCC2OC(O)C(O)C(O)C2O)C(O)C(O)C1O,bitter,"Bitter, Bitterness",chemtastes_db,1,OCC1OC(OCC2OC(O)C(O)C(O)C2O)C(O)C(O)C1O,1,"InChI=1S/C12H22O11/c13-1-3-5(14)8(17)10(19)12(23-3)21-2-4-6(15)7(16)9(18)11(20)22-4/h3-20H,1-2H2",0,Non-unique SMILES
OCC1OC(OCC2OC(O)C(O)C(O)C2O)C(O)C(O)C1O,OCC1OC(OCC2OC(O)C(O)C(O)C2O)C(O)C(O)C1O,undefined,"Non-sweet, Non-sweetness",chemtastes_db,1,OCC1OC(OCC2OC(O)C(O)C(O)C2O)C(O)C(O)C1O,4,"InChI=1S/C12H22O11/c13-1-3-5(14)8(17)10(19)12(23-3)21-2-4-6(15)7(16)9(18)11(20)22-4/h3-20H,1-2H2",0,Non-unique SMILES
OCC1OC(OCC2OC(O)C(O)C(O)C2O)C(O)C(O)C1O,OCC1OC(OCC2OC(O)C(O)C(O)C2O)C(O)C(O)C1O,sweet,sweet,flavor_db,1,OCC1OC(OCC2OC(O)C(O)C(O)C2O)C(O)C(O)C1O,0,"InChI=1S/C12H22O11/c13-1-3-5(14)8(17)10(19)12(23-3)21-2-4-6(15)7(16)9(18)11(20)22-4/h3-20H,1-2H2",0,Non-unique SMILES
OCC1OC(OCC2OC(OC3(CO)OC(CO)C(O)C3O)C(O)C(O)C2O)C(O)C(O)C1O,OCC1OC(OCC2OC(OC3(CO)OC(CO)C(O)C3O)C(O)C(O)C2O)C(O)C(O)C1O,sweet,"Sweet, Sweetness",chemtastes_db,1,OCC1OC(OCC2OC(OC3(CO)OC(CO)C(O)C3O)C(O)C(O)C2O)C(O)C(O)C1O,0,"InChI=1S/C18H32O16/c19-1-5-8(22)11(25)13(27)16(31-5)30-3-7-9(23)12(26)14(28)17(32-7)34-18(4-21)15(29)10(24)6(2-20)33-18/h5-17,19-29H,1-4H2",0,Non-unique SMILES
OCC1OC(OCC2OC(OC3(CO)OC(CO)C(O)C3O)C(O)C(O)C2O)C(O)C(O)C1O,OCC1OC(OCC2OC(OC3(CO)OC(CO)C(O)C3O)C(O)C(O)C2O)C(O)C(O)C1O,bitter,bitter,phytocompounds_db,1,OCC1OC(OCC2OC(OC3(CO)OC(CO)C(O)C3O)C(O)C(O)C2O)C(O)C(O)C1O,1,"InChI=1S/C18H32O16/c19-1-5-8(22)11(25)13(27)16(31-5)30-3-7-9(23)12(26)14(28)17(32-7)34-18(4-21)15(29)10(24)6(2-20)33-18/h5-17,19-29H,1-4H2",0,Non-unique SMILES
OCC1OC2OC3C(CO)OC(OC4C(CO)OC(OC5C(CO)OC(OC6C(CO)OC(OC7C(CO)OC(OC8C(CO)OC(OC1C(O)C2O)C(O)C8O)C(O)C7O)C(O)C6O)C(O)C5O)C(O)C4O)C(O)C3O,OCC1OC2OC3C(CO)OC(OC4C(CO)OC(OC5C(CO)OC(OC6C(CO)OC(OC7C(CO)OC(OC8C(CO)OC(OC1C(O)C2O)C(O)C8O)C(O)C7O)C(O)C6O)C(O)C5O)C(O)C4O)C(O)C3O,sweet,"Slightly sweet , Sweetness",chemtastes_db,1,OCC1OC2OC3C(CO)OC(OC4C(CO)OC(OC5C(CO)OC(OC6C(CO)OC(OC7C(CO)OC(OC8C(CO)OC(OC1C(O)C2O)C(O)C8O)C(O)C7O)C(O)C6O)C(O)C5O)C(O)C4O)C(O)C3O,0,"InChI=1S/C42H70O35/c43-1-8-29-15(50)22(57)36(64-8)72-30-9(2-44)66-38(24(59)17(30)52)74-32-11(4-46)68-40(26(61)19(32)54)76-34-13(6-48)70-42(28(63)21(34)56)77-35-14(7-49)69-41(27(62)20(35)55)75-33-12(5-47)67-39(25(60)18(33)53)73-31-10(3-45)65-37(71-29)23(58)16(31)51/h8-63H,1-7H2",0,Non-unique SMILES
OCC1OC2OC3C(CO)OC(OC4C(CO)OC(OC5C(CO)OC(OC6C(CO)OC(OC7C(CO)OC(OC8C(CO)OC(OC1C(O)C2O)C(O)C8O)C(O)C7O)C(O)C6O)C(O)C5O)C(O)C4O)C(O)C3O,OCC1OC2OC3C(CO)OC(OC4C(CO)OC(OC5C(CO)OC(OC6C(CO)OC(OC7C(CO)OC(OC8C(CO)OC(OC1C(O)C2O)C(O)C8O)C(O)C7O)C(O)C6O)C(O)C5O)C(O)C4O)C(O)C3O,undefined,odorless,flavor_db,1,OCC1OC2OC3C(CO)OC(OC4C(CO)OC(OC5C(CO)OC(OC6C(CO)OC(OC7C(CO)OC(OC8C(CO)OC(OC1C(O)C2O)C(O)C8O)C(O)C7O)C(O)C6O)C(O)C5O)C(O)C4O)C(O)C3O,4,"InChI=1S/C42H70O35/c43-1-8-29-15(50)22(57)36(64-8)72-30-9(2-44)66-38(24(59)17(30)52)74-32-11(4-46)68-40(26(61)19(32)54)76-34-13(6-48)70-42(28(63)21(34)56)77-35-14(7-49)69-41(27(62)20(35)55)75-33-12(5-47)67-39(25(60)18(33)53)73-31-10(3-45)65-37(71-29)23(58)16(31)51/h8-63H,1-7H2",0,Non-unique SMILES
ON=CC1=CCCCCC1,ON=CC1=CCCCCC1,sweet,"Sweet/Bitter, Multitaste",chemtastes_db,1,ON=CC1=CCCCCC1,0,"InChI=1S/C8H13NO/c10-9-7-8-5-3-1-2-4-6-8/h5,7,10H,1-4,6H2",0,Non-unique SMILES
ON=CC1=CCCCCC1,ON=CC1=CCCCCC1,bitter,"Sweet/Bitter, Multitaste",chemtastes_db,1,ON=CC1=CCCCCC1,1,"InChI=1S/C8H13NO/c10-9-7-8-5-3-1-2-4-6-8/h5,7,10H,1-4,6H2",0,Non-unique SMILES
ON=CC1CCCCC1,ON=CC1CCCCC1,bitter,"Bitter, Bitterness",chemtastes_db,1,ON=CC1CCCCC1,1,"InChI=1S/C7H13NO/c9-8-6-7-4-2-1-3-5-7/h6-7,9H,1-5H2",0,Non-unique SMILES
ON=CC1CCCCC1,ON=CC1CCCCC1,sweet,"Bitter, Bitterness",chemtastes_db,1,ON=CC1CCCCC1,0,"InChI=1S/C7H13NO/c9-8-6-7-4-2-1-3-5-7/h6-7,9H,1-5H2",0,Non-unique SMILES
Nc1nc2c(ncn2C2OC(COP(=O)(O)O)C(O)C2O)c(=O)[nH]1,Nc1nc2c(ncn2C2OC(COP(=O)(O)O)C(O)C2O)c(=O)[nH]1,umami,"Umami, Umaminess",chemtastes_db,0,Nc1nc2c(ncn2C2OC(COP(=O)(O)O)C(O)C2O)c(=O)[nH]1,2,"InChI=1S/C10H14N5O8P/c11-10-13-7-4(8(18)14-10)12-2-15(7)9-6(17)5(16)3(23-9)1-22-24(19,20)21/h2-3,5-6,9,16-17H,1H2,(H2,19,20,21)(H3,11,13,14,18)",0,InChI-duplicate with conflicting taste
O=c1[nH]cnc2c1ncn2C1OC(COP(=O)(O)O)C(O)C1O,O=c1[nH]cnc2c1ncn2C1OC(COP(=O)(O)O)C(O)C1O,umami,"Umami, Umaminess",chemtastes_db,0,O=c1[nH]cnc2c1ncn2C1OC(COP(=O)(O)O)C(O)C1O,2,"InChI=1S/C10H13N4O8P/c15-6-4(1-21-23(18,19)20)22-10(7(6)16)14-3-13-5-8(14)11-2-12-9(5)17/h2-4,6-7,10,15-16H,1H2,(H,11,12,17)(H2,18,19,20)",0,InChI-duplicate with conflicting taste
Nc1nc(=O)c2ncn(C3OC(COP(=O)(O)O)C(O)C3O)c2[nH]1,Nc1nc(=O)c2ncn(C3OC(COP(=O)(O)O)C(O)C3O)c2[nH]1,undefined,odorless,flavor_db,0,Nc1nc(=O)c2ncn(C3OC(COP(=O)(O)O)C(O)C3O)c2[nH]1,4,"InChI=1S/C10H14N5O8P/c11-10-13-7-4(8(18)14-10)12-2-15(7)9-6(17)5(16)3(23-9)1-22-24(19,20)21/h2-3,5-6,9,16-17H,1H2,(H2,19,20,21)(H3,11,13,14,18)",0,InChI-duplicate with conflicting taste
O=c1nc[nH]c2c1ncn2C1OC(COP(=O)(O)O)C(O)C1O,O=c1nc[nH]c2c1ncn2C1OC(COP(=O)(O)O)C(O)C1O,undefined,odorless,flavor_db,0,O=c1nc[nH]c2c1ncn2C1OC(COP(=O)(O)O)C(O)C1O,4,"InChI=1S/C10H13N4O8P/c15-6-4(1-21-23(18,19)20)22-10(7(6)16)14-3-13-5-8(14)11-2-12-9(5)17/h2-4,6-7,10,15-16H,1H2,(H,11,12,17)(H2,18,19,20)",0,InChI-duplicate with conflicting taste
CC(=O)C=C(C)C,CC(=O)C=C(C)C,sweet,"acrylic, vegetable, chemical, earthy, sweet, pungent",flavor_db,0,CC(=O)C=C(C)C,0,"InChI=1S/C6H10O/c1-5(2)4-6(3)7/h4H,1-3H3",0,InChI-duplicate with conflicting taste
C=C(C)CC(C)=O,C=C(C)CC(C)=O,undefined,"acrylic, vegetable, pungent",flavor_db,0,C=C(C)CC(C)=O,4,"InChI=1S/C6H10O/c1-5(2)4-6(3)7/h4H,1-3H3",0,InChI-duplicate with conflicting taste
CC(=O)C=CC1=C(C)CCCC1(C)C,CC(=O)C=CC1=C(C)CCCC1(C)C,undefined,"violet, orange, powdery, jam, seaweed, floral, woody, orris, raspberry, flower, dry",flavor_db,0,CC(=O)C=CC1=C(C)CCCC1(C)C,4,"InChI=1S/C13H20O/c1-10-6-5-9-13(3,4)12(10)8-7-11(2)14/h7-8H,5-6,9H2,1-4H3",0,InChI-duplicate with conflicting taste
CC(=O)C=CC1C(C)=CCCC1(C)C,CC(=O)C=CC1C(C)=CCCC1(C)C,sweet,"floral, sweet, woody, tropical, fruity, wood, orris, raspberry, violet",flavor_db,0,CC(=O)C=CC1C(C)=CCCC1(C)C,0,"InChI=1S/C13H20O/c1-10-6-5-9-13(3,4)12(10)8-7-11(2)14/h7-8H,5-6,9H2,1-4H3",0,InChI-duplicate with conflicting taste
C=C1CCCC(C)(C)C1C=CC(C)=O,C=C1CCCC(C)(C)C1C=CC(C)=O,undefined,"floral, woody",flavor_db,0,C=C1CCCC(C)(C)C1C=CC(C)=O,4,"InChI=1S/C13H20O/c1-10-6-5-9-13(3,4)12(10)8-7-11(2)14/h7-8H,5-6,9H2,1-4H3",0,InChI-duplicate with conflicting taste
CCC(=O)C=CC1C(C)=CCCC1(C)C,CCC(=O)C=CC1C(C)=CCCC1(C)C,sweet,"powdery, floral, sweet, woody, fruity, orris, violet",flavor_db,0,CCC(=O)C=CC1C(C)=CCCC1(C)C,0,"InChI=1S/C14H22O/c1-5-12(15)8-9-13-11(2)7-6-10-14(13,3)4/h8-9H,5-7,10H2,1-4H3",0,InChI-duplicate with conflicting taste
CCC(=O)C=CC1=C(C)CCCC1(C)C,CCC(=O)C=CC1=C(C)CCCC1(C)C,undefined,"floral, woody",flavor_db,0,CCC(=O)C=CC1=C(C)CCCC1(C)C,4,"InChI=1S/C14H22O/c1-5-12(15)8-9-13-11(2)7-6-10-14(13,3)4/h8-9H,5-7,10H2,1-4H3",0,InChI-duplicate with conflicting taste
CC(C)CC(=O)C(C)O,CC(C)CC(=O)C(C)O,sweet,"chocolate, sweet",flavor_db,0,CC(C)CC(=O)C(C)O,0,"InChI=1S/C7H14O2/c1-5(2)4-7(9)6(3)8/h5,7,9H,4H2,1-3H3",0,InChI-duplicate with conflicting taste
CC(=O)C(O)CC(C)C,CC(=O)C(O)CC(C)C,sour,"sour, cheesy, milky",flavor_db,0,CC(=O)C(O)CC(C)C,3,"InChI=1S/C7H14O2/c1-5(2)4-7(9)6(3)8/h5,7,9H,4H2,1-3H3",0,InChI-duplicate with conflicting taste
CC(C)CNC(=O)/C=C\c1ccc2c(c1)OCO2,CC(C)CNC(=O)/C=C\c1ccc2c(c1)OCO2,bitter,bitter; astringent; pungent,phytocompounds_db,0,CC(C)CNC(=O)/C=C\c1ccc2c(c1)OCO2,1,"InChI=1S/C14H17NO3/c1-10(2)8-15-14(16)6-4-11-3-5-12-13(7-11)18-9-17-12/h3-7,10H,8-9H2,1-2H3,(H,15,16)",0,InChI-duplicate with conflicting taste
CC(C)CNC(=O)C=Cc1ccc2c(c1)OCO2,CC(C)CNC(=O)C=Cc1ccc2c(c1)OCO2,undefined,pungent; umami,phytocompounds_db,0,CC(C)CNC(=O)C=Cc1ccc2c(c1)OCO2,4,"InChI=1S/C14H17NO3/c1-10(2)8-15-14(16)6-4-11-3-5-12-13(7-11)18-9-17-12/h3-7,10H,8-9H2,1-2H3,(H,15,16)",0,InChI-duplicate with conflicting taste
Nc1nc(=O)c2ncn([C@@H]3O[C@H](COP(=O)(O)O)[C@@H](O)[C@H]3O)c2[nH]1,Nc1nc(=O)c2ncn([C@@H]3O[C@H](COP(=O)(O)O)[C@@H](O)[C@H]3O)c2[nH]1,umami,Umami molecule from literature,Suess et al. 2015,0,Nc1nc(=O)c2ncn([C@@H]3O[C@H](COP(=O)(O)O)[C@@H](O)[C@H]3O)c2[nH]1,2,"InChI=1S/C10H14N5O8P/c11-10-13-7-4(8(18)14-10)12-2-15(7)9-6(17)5(16)3(23-9)1-22-24(19,20)21/h2-3,5-6,9,16-17H,1H2,(H2,19,20,21)(H3,11,13,14,18)",0,InChI-duplicate with conflicting taste
O=c1nc[nH]c2c1ncn2[C@@H]1O[C@H](COP(=O)(O)O)[C@@H](O)[C@H]1O,O=c1nc[nH]c2c1ncn2[C@@H]1O[C@H](COP(=O)(O)O)[C@@H](O)[C@H]1O,umami,Umami molecule from literature,Suess et al. 2015,0,O=c1nc[nH]c2c1ncn2[C@@H]1O[C@H](COP(=O)(O)O)[C@@H](O)[C@H]1O,2,"InChI=1S/C10H13N4O8P/c15-6-4(1-21-23(18,19)20)22-10(7(6)16)14-3-13-5-8(14)11-2-12-9(5)17/h2-4,6-7,10,15-16H,1H2,(H,11,12,17)(H2,18,19,20)",0,InChI-duplicate with conflicting taste
CC(N=C(NCC(=O)O)Nc1cc(Cl)cc(Cl)c1)c1ccccc1,CC(N=C(NCC(=O)O)Nc1cc(Cl)cc(Cl)c1)c1ccccc1,sweet,"Sweet, Sweetness",chemtastes_db,0,CC(N=C(NCC(=O)O)Nc1cc(Cl)cc(Cl)c1)c1ccccc1,0,"InChI=1S/C17H17Cl2N3O2/c1-11(12-5-3-2-4-6-12)21-17(20-10-16(23)24)22-15-8-13(18)7-14(19)9-15/h2-9,11H,10H2,1H3,(H,23,24)(H2,20,21,22)",0,InChI-duplicate with same taste
N#Cc1ccc(NC(=NC2CCCCCCC2)NCC(=O)O)cc1,N#Cc1ccc(NC(=NC2CCCCCCC2)NCC(=O)O)cc1,sweet,"Sweet, Sweetness",chemtastes_db,0,N#Cc1ccc(NC(=NC2CCCCCCC2)NCC(=O)O)cc1,0,"InChI=1S/C18H24N4O2/c19-12-14-8-10-16(11-9-14)22-18(20-13-17(23)24)21-15-6-4-2-1-3-5-7-15/h8-11,15H,1-7,13H2,(H,23,24)(H2,20,21,22)",0,InChI-duplicate with same taste
CCC(C)C(=O)C1=C(O)C(O)(C(=O)CC=C(C)C)C(CC=C(C)C)C1=O,CCC(C)C(=O)C1=C(O)C(O)(C(=O)CC=C(C)C)C(CC=C(C)C)C1=O,bitter,"Bitter, Bitterness",chemtastes_db,0,CCC(C)C(=O)C1=C(O)C(O)(C(=O)CC=C(C)C)C(CC=C(C)C)C1=O,1,"InChI=1S/C21H30O5/c1-7-14(6)18(23)17-19(24)15(10-8-12(2)3)21(26,20(17)25)16(22)11-9-13(4)5/h8-9,11,13-15,17,26H,7,10H2,1-6H3",0,InChI-duplicate with same taste
CC(C)=CCC(=O)C1(O)C(O)=C(C(=O)C(C)C)C(=O)C1CC=C(C)C,CC(C)=CCC(=O)C1(O)C(O)=C(C(=O)C(C)C)C(=O)C1CC=C(C)C,bitter,"Bitter, Bitterness",chemtastes_db,0,CC(C)=CCC(=O)C1(O)C(O)=C(C(=O)C(C)C)C(=O)C1CC=C(C)C,1,"InChI=1S/C20H28O5/c1-11(2)7-9-14-18(23)16(17(22)13(5)6)19(24)20(14,25)15(21)10-8-12(3)4/h7-8,13-14,16,25H,9-10H2,1-6H3",0,InChI-duplicate with same taste
CC(C)=CCC(=O)C1(O)C(O)=C(C(=O)CC(C)C)C(=O)C1CC=C(C)C,CC(C)=CCC(=O)C1(O)C(O)=C(C(=O)CC(C)C)C(=O)C1CC=C(C)C,bitter,"Bitter, Bitterness",chemtastes_db,0,CC(C)=CCC(=O)C1(O)C(O)=C(C(=O)CC(C)C)C(=O)C1CC=C(C)C,1,"InChI=1S/C21H30O5/c1-12(2)7-9-15-19(24)18(16(22)11-14(5)6)20(25)21(15,26)17(23)10-8-13(3)4/h7-8,14-15,18,26H,9-11H2,1-6H3",0,InChI-duplicate with same taste
CC(=O)[O-].Cn1c(=O)c2[nH]cnc2n(C)c1=O.[Na+],CC(=O)[O-].Cn1c(=O)c2[nH]cnc2n(C)c1=O.[Na+],bitter,"Bitter, Bitterness",chemtastes_db,0,CC(=O)[O-].Cn1c(=O)c2[nH]cnc2n(C)c1=O.[Na+],1,"InChI=1S/C7H8N4O2/c1-10-5-4(8-3-9-5)6(12)11(2)7(10)13/h3H,1-2H3,(H,8,9)",0,InChI-duplicate with same taste
O=c1c(Cc2c(O)oc3ccccc3c2=O)c(O)oc2ccccc12,O=c1c(Cc2c(O)oc3ccccc3c2=O)c(O)oc2ccccc12,bitter,bitter,flavor_db,0,O=c1c(Cc2c(O)oc3ccccc3c2=O)c(O)oc2ccccc12,1,"InChI=1S/C19H12O6/c20-16-10-5-1-3-7-14(10)24-18(22)12(16)9-13-17(21)11-6-2-4-8-15(11)25-19(13)23/h1-8,22-23H,9H2",0,InChI-duplicate with same taste
COc1ccnc(CS(=O)c2nc3ccc(OC(F)F)cc3[nH]2)c1OC,COc1ccnc(C[S+]([O-])c2nc3ccc(OC(F)F)cc3[nH]2)c1OC,bitter,bitter,flavor_db,0,COc1ccnc(CS(=O)c2nc3ccc(OC(F)F)cc3[nH]2)c1OC,1,"InChI=1S/C16H15F2N3O4S/c1-23-13-5-6-19-12(14(13)24-2)8-26(22)16-20-10-4-3-9(25-15(17)18)7-11(10)21-16/h3-7,15H,8H2,1-2H3,(H,20,21)",0,InChI-duplicate with same taste
CCOC(=O)C(c1c(O)oc2ccccc2c1=O)c1c(O)oc2ccccc2c1=O,CCOC(=O)C(c1c(O)oc2ccccc2c1=O)c1c(O)oc2ccccc2c1=O,bitter,bitter,flavor_db,0,CCOC(=O)C(c1c(O)oc2ccccc2c1=O)c1c(O)oc2ccccc2c1=O,1,"InChI=1S/C22H16O8/c1-2-28-20(25)15(16-18(23)11-7-3-5-9-13(11)29-21(16)26)17-19(24)12-8-4-6-10-14(12)30-22(17)27/h3-10,15,23-24H,2H2,1H3",0,InChI-duplicate with same taste
C=CO,C=CO,undefined,odorless,flavor_db,0,C=CO,4,"InChI=1S/C2H4O/c1-2-3/h2H,1H3",0,InChI-duplicate with same taste
O=CC(O)C(O)C(O)C(O)CO,O=CC(O)C(O)C(O)C(O)CO,sweet,sweet,flavor_db,0,O=CC(O)C(O)C(O)C(O)CO,0,"InChI=1S/C6H12O6/c7-1-3(9)5(11)6(12)4(10)2-8/h3-5,7-11H,1-2H2",0,InChI-duplicate with same taste
C=C(C)C1CCC(C)CC1=O,C=C(C)C1CCC(C)CC1=O,undefined,"herbal, fresh, peppermint",flavor_db,0,C=C(C)C1CCC(C)CC1=O,4,"InChI=1S/C10H16O/c1-7(2)9-5-4-8(3)6-10(9)11/h8H,4-6H2,1-3H3",0,InChI-duplicate with same taste
O=CC(O)C(O)C(O)C(O)C(O)CO,O=CC(O)C(O)C(O)C(O)C(O)CO,sweet,sweet,flavor_db,0,O=CC(O)C(O)C(O)C(O)C(O)CO,0,"InChI=1S/C7H14O7/c8-1-3(10)5(12)7(14)6(13)4(11)2-9/h3-6,8-13H,1-2H2",0,InChI-duplicate with same taste
CCC1=C(O)C(=O)C(C)O1,CCC1=C(O)C(=O)C(C)O1,sweet,"bready, brown, caramel, burnt, cotton candy, sweet, sugar, maple",flavor_db,0,CCC1=C(O)C(=O)C(C)O1,0,"InChI=1S/C7H10O3/c1-3-5-7(9)6(8)4(2)10-5/h8-9H,3H2,1-2H3",0,InChI-duplicate with same taste
O=C(CO)C(O)C(O)C(=O)CO,O=C(CO)C(O)C(O)C(=O)CO,sweet,sweet,flavor_db,0,O=C(CO)C(O)C(O)C(=O)CO,0,"InChI=1S/C6H10O6/c7-1-3(9)5(11)6(12)4(10)2-8/h3-4,7-10H,1-2H2",0,InChI-duplicate with same taste
COC(C(=O)CO)C(O)C(O)CO,COC(C(=O)CO)C(O)C(O)CO,sweet,sweet,flavor_db,0,COC(C(=O)CO)C(O)C(O)CO,0,"InChI=1S/C7H14O6/c1-13-7(5(11)3-9)6(12)4(10)2-8/h4,6-10,12H,2-3H2,1H3",0,InChI-duplicate with same taste
O=C(CO)C(=O)C(O)C(O)CO,O=C(CO)C(=O)C(O)C(O)CO,sweet,sweet,flavor_db,0,O=C(CO)C(=O)C(O)C(O)CO,0,"InChI=1S/C6H10O6/c7-1-3(9)5(11)6(12)4(10)2-8/h3-4,7-10H,1-2H2",0,InChI-duplicate with same taste
CC(C)=CCC1C(=O)C(C(=O)CC(C)C)=C(O)C(O)(CC=C(C)C)C1=O,CC(C)=CCC1C(=O)C(C(=O)CC(C)C)=C(O)C(O)(CC=C(C)C)C1=O,bitter,bitter,flavor_db,0,CC(C)=CCC1C(=O)C(C(=O)CC(C)C)=C(O)C(O)(CC=C(C)C)C1=O,1,"InChI=1S/C21H30O5/c1-12(2)7-8-15-18(23)17(16(22)11-14(5)6)20(25)21(26,19(15)24)10-9-13(3)4/h7,9,14-15,17,26H,8,10-11H2,1-6H3",0,InChI-duplicate with same taste
O=CC(O)C(=O)C(O)C(O)CO,O=CC(O)C(=O)C(O)C(O)CO,sweet,sweet,flavor_db,0,O=CC(O)C(=O)C(O)C(O)CO,0,"InChI=1S/C6H10O6/c7-1-3(9)5(11)6(12)4(10)2-8/h3-4,7-10H,1-2H2",0,InChI-duplicate with same taste
CCC(C)C(=O)C1=C(O)C(O)(CC=C(C)C)C(=O)C(CC=C(C)C)C1=O,CCC(C)C(=O)C1=C(O)C(O)(CC=C(C)C)C(=O)C(CC=C(C)C)C1=O,bitter,bitter,flavor_db,0,CCC(C)C(=O)C1=C(O)C(O)(CC=C(C)C)C(=O)C(CC=C(C)C)C1=O,1,"InChI=1S/C21H30O5/c1-7-14(6)17(22)16-18(23)15(9-8-12(2)3)19(24)21(26,20(16)25)11-10-13(4)5/h8,10,14-16,26H,7,9,11H2,1-6H3",0,InChI-duplicate with same taste
O=C(C(O)CO)C(O)C(O)C(O)CO,O=C(C(O)CO)C(O)C(O)C(O)CO,sweet,sweet,flavor_db,0,O=C(C(O)CO)C(O)C(O)C(O)CO,0,"InChI=1S/C7H14O7/c8-1-3(10)5(12)7(14)6(13)4(11)2-9/h3-6,8-13H,1-2H2",0,InChI-duplicate with same taste
O=C(C(O)CO)C(O)C(O)CO,O=C(C(O)CO)C(O)C(O)CO,sweet,sweet,flavor_db,0,O=C(C(O)CO)C(O)C(O)CO,0,"InChI=1S/C6H12O6/c7-1-3(9)5(11)6(12)4(10)2-8/h3-5,7-11H,1-2H2",0,InChI-duplicate with same taste
CCC(=O)C(C)O,CCC(=O)C(C)O,undefined,"nut, earthy, earth, truffle, nutty",flavor_db,0,CCC(=O)C(C)O,4,"InChI=1S/C5H10O2/c1-3-5(7)4(2)6/h4,6H,3H2,1-2H3",0,InChI-duplicate with same taste
COCC(=O)C(O)C(O)C(O)CO,COCC(=O)C(O)C(O)C(O)CO,sweet,sweet,flavor_db,0,COCC(=O)C(O)C(O)C(O)CO,0,"InChI=1S/C7H14O6/c1-13-3-5(10)7(12)6(11)4(9)2-8/h4,6-9,11-12H,2-3H2,1H3",0,InChI-duplicate with same taste
O=CC(O)C(O)C(O)C(O)CO.O=S(=O)([O-])[O-].[Mg+2],O=CC(O)C(O)C(O)C(O)CO.O=S(=O)([O-])[O-].[Mg+2],sweet,sweet,flavor_db,0,O=CC(O)C(O)C(O)C(O)CO.O=S(=O)([O-])[O-].[Mg+2],0,"InChI=1S/C6H12O6/c7-1-3(9)5(11)6(12)4(10)2-8/h3-5,7-11H,1-2H2",0,InChI-duplicate with same taste
O=C(CO)CC(O)C(O)CO,O=C(CO)CC(O)C(O)CO,sweet,sweet,flavor_db,0,O=C(CO)CC(O)C(O)CO,0,"InChI=1S/C6H12O5/c7-2-4(9)1-5(10)6(11)3-8/h5-8,10-11H,1-3H2",0,InChI-duplicate with same taste
CC(=O)C(O)C(O)C(O)CO,CC(=O)C(O)C(O)C(O)CO,sweet,sweet,flavor_db,0,CC(=O)C(O)C(O)C(O)CO,0,"InChI=1S/C6H12O5/c1-3(8)5(10)6(11)4(9)2-7/h4-7,9-11H,2H2,1H3",0,InChI-duplicate with same taste
CC(=O)C(C)=CC1=C(C)CCCC1(C)C,CC(=O)C(C)=CC1=C(C)CCCC1(C)C,undefined,"ambergris, waxy, floral, woody, orris",flavor_db,0,CC(=O)C(C)=CC1=C(C)CCCC1(C)C,4,"InChI=1S/C14H22O/c1-10-7-6-8-14(4,5)13(10)9-11(2)12(3)15/h9H,6-8H2,1-5H3",0,InChI-duplicate with same taste
CC([NH3+])C(=O)NC(Cc1ccccc1)C(=O)[O-],CC([NH3+])C(=O)NC(Cc1ccccc1)C(=O)[O-],sweet,sweet,flavor_db,0,CC([NH3+])C(=O)NC(Cc1ccccc1)C(=O)[O-],0,"InChI=1S/C12H16N2O3/c1-8(13)11(15)14-10(12(16)17)7-9-5-3-2-4-6-9/h2-6,8,10H,7,13H2,1H3,(H,14,15)(H,16,17)",0,InChI-duplicate with same taste
CC(NC(=O)C[NH3+])C(=O)NC(Cc1ccccc1)C(=O)[O-],CC(NC(=O)C[NH3+])C(=O)NC(Cc1ccccc1)C(=O)[O-],sweet,sweet,flavor_db,0,CC(NC(=O)C[NH3+])C(=O)NC(Cc1ccccc1)C(=O)[O-],0,"InChI=1S/C14H19N3O4/c1-9(16-12(18)8-15)13(19)17-11(14(20)21)7-10-5-3-2-4-6-10/h2-6,9,11H,7-8,15H2,1H3,(H,16,18)(H,17,19)(H,20,21)",0,InChI-duplicate with same taste
CC(C)C([NH3+])C(=O)NC(Cc1ccccc1)C(=O)[O-],CC(C)C([NH3+])C(=O)NC(Cc1ccccc1)C(=O)[O-],sweet,sweet,flavor_db,0,CC(C)C([NH3+])C(=O)NC(Cc1ccccc1)C(=O)[O-],0,"InChI=1S/C14H20N2O3/c1-9(2)12(15)13(17)16-11(14(18)19)8-10-6-4-3-5-7-10/h3-7,9,11-12H,8,15H2,1-2H3,(H,16,17)(H,18,19)",0,InChI-duplicate with same taste
[NH3+]CC(=O)NCC(=O)NC(Cc1ccccc1)C(=O)[O-],[NH3+]CC(=O)NCC(=O)NC(Cc1ccccc1)C(=O)[O-],sweet,sweet,flavor_db,0,[NH3+]CC(=O)NCC(=O)NC(Cc1ccccc1)C(=O)[O-],0,"InChI=1S/C13H17N3O4/c14-7-11(17)15-8-12(18)16-10(13(19)20)6-9-4-2-1-3-5-9/h1-5,10H,6-8,14H2,(H,15,17)(H,16,18)(H,19,20)",0,InChI-duplicate with same taste
CC(C)CC([NH3+])C(=O)NCC(=O)NC(Cc1ccccc1)C(=O)[O-],CC(C)CC([NH3+])C(=O)NCC(=O)NC(Cc1ccccc1)C(=O)[O-],sweet,sweet,flavor_db,0,CC(C)CC([NH3+])C(=O)NCC(=O)NC(Cc1ccccc1)C(=O)[O-],0,"InChI=1S/C17H25N3O4/c1-11(2)8-13(18)16(22)19-10-15(21)20-14(17(23)24)9-12-6-4-3-5-7-12/h3-7,11,13-14H,8-10,18H2,1-2H3,(H,19,22)(H,20,21)(H,23,24)",0,InChI-duplicate with same taste
NC(CO)C(=O)NC(Cc1ccccc1)C(=O)O,NC(CO)C(=O)NC(Cc1ccccc1)C(=O)O,sweet,sweet,flavor_db,0,NC(CO)C(=O)NC(Cc1ccccc1)C(=O)O,0,"InChI=1S/C12H16N2O4/c13-9(7-15)11(16)14-10(12(17)18)6-8-4-2-1-3-5-8/h1-5,9-10,15H,6-7,13H2,(H,14,16)(H,17,18)",0,InChI-duplicate with same taste
CC(C)C(N)C(=O)NC(C(=O)NC(Cc1ccccc1)C(=O)O)C(C)C,CC(C)C(N)C(=O)NC(C(=O)NC(Cc1ccccc1)C(=O)O)C(C)C,sweet,sweet,flavor_db,0,CC(C)C(N)C(=O)NC(C(=O)NC(Cc1ccccc1)C(=O)O)C(C)C,0,"InChI=1S/C19H29N3O4/c1-11(2)15(20)17(23)22-16(12(3)4)18(24)21-14(19(25)26)10-13-8-6-5-7-9-13/h5-9,11-12,14-16H,10,20H2,1-4H3,(H,21,24)(H,22,23)(H,25,26)",0,InChI-duplicate with same taste
NC(=O)C(Cc1ccccc1)NC(=O)C(N)CC(=O)O,NC(=O)C(Cc1ccccc1)NC(=O)C(N)CC(=O)O,sweet,sweet,flavor_db,0,NC(=O)C(Cc1ccccc1)NC(=O)C(N)CC(=O)O,0,"InChI=1S/C13H17N3O4/c14-9(7-11(17)18)13(20)16-10(12(15)19)6-8-4-2-1-3-5-8/h1-5,9-10H,6-7,14H2,(H2,15,19)(H,16,20)(H,17,18)",0,InChI-duplicate with same taste
CC(C)CC(NC(=O)C[NH3+])C(=O)NC(Cc1ccccc1)C(=O)[O-],CC(C)CC(NC(=O)C[NH3+])C(=O)NC(Cc1ccccc1)C(=O)[O-],sweet,sweet,flavor_db,0,CC(C)CC(NC(=O)C[NH3+])C(=O)NC(Cc1ccccc1)C(=O)[O-],0,"InChI=1S/C17H25N3O4/c1-11(2)8-13(19-15(21)10-18)16(22)20-14(17(23)24)9-12-6-4-3-5-7-12/h3-7,11,13-14H,8-10,18H2,1-2H3,(H,19,21)(H,20,22)(H,23,24)",0,InChI-duplicate with same taste
COC(=O)C(Cc1ccccc1)NC(=O)CC([NH3+])C(=O)[O-],COC(=O)C(Cc1ccccc1)NC(=O)CC([NH3+])C(=O)[O-],sweet,sweet,flavor_db,0,COC(=O)C(Cc1ccccc1)NC(=O)CC([NH3+])C(=O)[O-],0,"InChI=1S/C14H18N2O5/c1-21-14(20)11(7-9-5-3-2-4-6-9)16-12(17)8-10(15)13(18)19/h2-6,10-11H,7-8,15H2,1H3,(H,16,17)(H,18,19)",0,InChI-duplicate with same taste
CC(C)C(NC(=O)CN)C(=O)NC(Cc1ccccc1)C(=O)O,CC(C)C(NC(=O)CN)C(=O)NC(Cc1ccccc1)C(=O)O,sweet,sweet,flavor_db,0,CC(C)C(NC(=O)CN)C(=O)NC(Cc1ccccc1)C(=O)O,0,"InChI=1S/C16H23N3O4/c1-10(2)14(19-13(20)9-17)15(21)18-12(16(22)23)8-11-6-4-3-5-7-11/h3-7,10,12,14H,8-9,17H2,1-2H3,(H,18,21)(H,19,20)(H,22,23)",0,InChI-duplicate with same taste
C[NH2+]CC(=O)NC(Cc1ccccc1)C(=O)[O-],C[NH2+]CC(=O)NC(Cc1ccccc1)C(=O)[O-],sweet,sweet,flavor_db,0,C[NH2+]CC(=O)NC(Cc1ccccc1)C(=O)[O-],0,"InChI=1S/C12H16N2O3/c1-13-8-11(15)14-10(12(16)17)7-9-5-3-2-4-6-9/h2-6,10,13H,7-8H2,1H3,(H,14,15)(H,16,17)",0,InChI-duplicate with same taste
CC(=O)NC(Cc1ccccc1)C(=O)NC(CCCC[NH3+])C(=O)[O-],CC(=O)NC(Cc1ccccc1)C(=O)NC(CCCC[NH3+])C(=O)[O-],sweet,sweet,flavor_db,0,CC(=O)NC(Cc1ccccc1)C(=O)NC(CCCC[NH3+])C(=O)[O-],0,"InChI=1S/C17H25N3O4/c1-12(21)19-15(11-13-7-3-2-4-8-13)16(22)20-14(17(23)24)9-5-6-10-18/h2-4,7-8,14-15H,5-6,9-11,18H2,1H3,(H,19,21)(H,20,22)(H,23,24)",0,InChI-duplicate with same taste
CC(NC(=O)C(N)Cc1ccccc1)C(=O)NC(CC(N)=O)C(=O)O,CC(NC(=O)C(N)Cc1ccccc1)C(=O)NC(CC(N)=O)C(=O)O,sweet,sweet,flavor_db,0,CC(NC(=O)C(N)Cc1ccccc1)C(=O)NC(CC(N)=O)C(=O)O,0,"InChI=1S/C16H22N4O5/c1-9(14(22)20-12(16(24)25)8-13(18)21)19-15(23)11(17)7-10-5-3-2-4-6-10/h2-6,9,11-12H,7-8,17H2,1H3,(H2,18,21)(H,19,23)(H,20,22)(H,24,25)",0,InChI-duplicate with same taste
CCC(N)C(=O)NC(Cc1ccccc1)C(=O)O,CCC(N)C(=O)NC(Cc1ccccc1)C(=O)O,sweet,sweet,flavor_db,0,CCC(N)C(=O)NC(Cc1ccccc1)C(=O)O,0,"InChI=1S/C13H18N2O3/c1-2-10(14)12(16)15-11(13(17)18)8-9-6-4-3-5-7-9/h3-7,10-11H,2,8,14H2,1H3,(H,15,16)(H,17,18)",0,InChI-duplicate with same taste
Nc1ncnc2c1ncn2C1OC(COP(=O)(O)OP(=O)(O)OP(=O)(O)O)C(O)C1O.[Cl-].[Cl-].[Mg+2],Nc1ncnc2c1ncn2C1OC(COP(=O)(O)OP(=O)(O)OP(=O)(O)O)C(O)C1O.[Cl-].[Cl-].[Mg+2],sweet,sweet-like,flavor_db,0,Nc1ncnc2c1ncn2C1OC(COP(=O)(O)OP(=O)(O)OP(=O)(O)O)C(O)C1O.[Cl-].[Cl-].[Mg+2],0,"InChI=1S/C10H16N5O13P3/c11-8-5-9(13-2-12-8)15(3-14-5)10-7(17)6(16)4(26-10)1-25-30(21,22)28-31(23,24)27-29(18,19)20/h2-4,6-7,10,16-17H,1H2,(H,21,22)(H,23,24)(H2,11,12,13)(H2,18,19,20)",0,InChI-duplicate with same taste
O=CC(O)C(O)C(O)C(=O)CO,O=CC(O)C(O)C(O)C(=O)CO,sweet,sweet,flavor_db,0,O=CC(O)C(O)C(O)C(=O)CO,0,"InChI=1S/C6H10O6/c7-1-3(9)5(11)6(12)4(10)2-8/h3-4,7-10H,1-2H2",0,InChI-duplicate with same taste
O=CC(O)C(O)C(O)CCO,O=CC(O)C(O)C(O)CCO,sweet,sweet,flavor_db,0,O=CC(O)C(O)C(O)CCO,0,"InChI=1S/C6H12O5/c7-2-1-4(9)6(11)5(10)3-8/h4-5,7-10H,1-3H2",0,InChI-duplicate with same taste
O=CC(O)C(O)C(=O)C(O)CO,O=CC(O)C(O)C(=O)C(O)CO,sweet,sweet,flavor_db,0,O=CC(O)C(O)C(=O)C(O)CO,0,"InChI=1S/C6H10O6/c7-1-3(9)5(11)6(12)4(10)2-8/h3-4,7-10H,1-2H2",0,InChI-duplicate with same taste
O=C(CO)C(O)CC(O)CO,O=C(CO)C(O)CC(O)CO,sweet,sweet-like,flavor_db,0,O=C(CO)C(O)CC(O)CO,0,"InChI=1S/C6H12O5/c7-2-4(9)1-5(10)6(11)3-8/h4,6-9,11H,1-3H2",0,InChI-duplicate with same taste
O=CC(O)C(O)C(O)C(O)C=O,O=CC(O)C(O)C(O)C(O)C=O,sweet,sweet,flavor_db,0,O=CC(O)C(O)C(O)C(O)C=O,0,"InChI=1S/C6H10O6/c7-1-3(9)5(11)6(12)4(10)2-8/h3-4,7-10H,1-2H2",0,InChI-duplicate with same taste
Nc1ncnc2c1ncn2C1OC(COP(O)(=S)OP(=O)(O)OP(=O)(O)O)C(O)C1O,Nc1ncnc2c1ncn2C1OC(COP(O)(=S)OP(=O)(O)OP(=O)(O)O)C(O)C1O,sweet,sweet-like,flavor_db,0,Nc1ncnc2c1ncn2C1OC(COP(O)(=S)OP(=O)(O)OP(=O)(O)O)C(O)C1O,0,"InChI=1S/C10H16N5O12P3S/c11-8-5-9(13-2-12-8)15(3-14-5)10-7(17)6(16)4(25-10)1-24-30(23,31)27-29(21,22)26-28(18,19)20/h2-4,6-7,10,16-17H,1H2,(H,21,22)(H,23,31)(H2,11,12,13)(H2,18,19,20)",0,InChI-duplicate with same taste
NCCNc1nc2c(N)ncnc2n1C1OC2COP(=O)(O)OC2C1O,NCCNc1nc2c(N)ncnc2n1C1OC2COP(=O)(O)OC2C1O,sweet,sweet-like,flavor_db,0,NCCNc1nc2c(N)ncnc2n1C1OC2COP(=O)(O)OC2C1O,0,"InChI=1S/C12H18N7O6P/c13-1-2-15-12-18-6-9(14)16-4-17-10(6)19(12)11-7(20)8-5(24-11)3-23-26(21,22)25-8/h4-5,7-8,11,20H,1-3,13H2,(H,15,18)(H,21,22)(H2,14,16,17)",0,InChI-duplicate with same taste
O.O=S1(=O)N=C([O-])c2ccccc21.O=S1(=O)N=C([O-])c2ccccc21.[Zn+2],O.O=S1(=O)N=C([O-])c2ccccc21.O=S1(=O)N=C([O-])c2ccccc21.[Zn+2],sweet,sweet,flavor_db,0,O.O=S1(=O)N=C([O-])c2ccccc21.O=S1(=O)N=C([O-])c2ccccc21.[Zn+2],0,"InChI=1S/2C7H5NO3S.Zn/c2*9-7-5-3-1-2-4-6(5)12(10,11)8-7;/h2*1-4H,(H,8,9);/q;;+2/p-2",0,InChI-duplicate with same taste
OCC(O)C(O)C(O)C(O)CO.[Ca+2].[Cl-].[Cl-],OCC(O)C(O)C(O)C(O)CO.[Ca+2].[Cl-].[Cl-],sweet,sweet,flavor_db,0,OCC(O)C(O)C(O)C(O)CO.[Ca+2].[Cl-].[Cl-],0,"InChI=1S/C6H14O6/c7-1-3(9)5(11)6(12)4(10)2-8/h3-12H,1-2H2",0,InChI-duplicate with same taste
O=C(CO)C(O)C(F)C(O)CO,O=C(CO)C(O)C(F)C(O)CO,sweet,sweet,flavor_db,0,O=C(CO)C(O)C(F)C(O)CO,0,"InChI=1S/C6H11FO5/c7-5(3(10)1-8)6(12)4(11)2-9/h3-5,8-11H,1-2H2",0,InChI-duplicate with same taste
NOCC(O)C(O)C(O)C(=O)CO,NOCC(O)C(O)C(O)C(=O)CO,sweet,sweet,flavor_db,0,NOCC(O)C(O)C(O)C(=O)CO,0,"InChI=1S/C6H13NO6/c7-13-2-4(10)6(12)5(11)3(9)1-8/h3,5-6,8-9,11-12H,1-2,7H2",0,InChI-duplicate with same taste
O=S(=O)([O-])[O-].OCC1OC(OC2C(CO)OC(O)C(O)C2O)C(O)C(O)C1O.[K+].[K+],O=S(=O)([O-])[O-].OCC1OC(OC2C(CO)OC(O)C(O)C2O)C(O)C(O)C1O.[K+].[K+],sweet,sweet,flavor_db,0,O=S(=O)([O-])[O-].OCC1OC(OC2C(CO)OC(O)C(O)C2O)C(O)C(O)C1O.[K+].[K+],0,"InChI=1S/C12H22O11/c13-1-3-5(15)6(16)9(19)12(22-3)23-10-4(2-14)21-11(20)8(18)7(10)17/h3-20H,1-2H2",0,InChI-duplicate with same taste
O=S(=O)([O-])[O-].OCC1OC(OC2(CO)OC(CO)C(O)C2O)C(O)C(O)C1O.[K+].[K+],O=S(=O)([O-])[O-].OCC1OC(OC2(CO)OC(CO)C(O)C2O)C(O)C(O)C1O.[K+].[K+],sweet,sweet,flavor_db,0,O=S(=O)([O-])[O-].OCC1OC(OC2(CO)OC(CO)C(O)C2O)C(O)C(O)C1O.[K+].[K+],0,"InChI=1S/C12H22O11/c13-1-4-6(16)8(18)9(19)11(21-4)23-12(3-15)10(20)7(17)5(2-14)22-12/h4-11,13-20H,1-3H2",0,InChI-duplicate with same taste
O=S(=O)([O-])[O-].OCC1OC(OC2C(CO)OC(O)C(O)C2O)C(O)C(O)C1O.[Na+].[Na+],O=S(=O)([O-])[O-].OCC1OC(OC2C(CO)OC(O)C(O)C2O)C(O)C(O)C1O.[Na+].[Na+],sweet,sweet,flavor_db,0,O=S(=O)([O-])[O-].OCC1OC(OC2C(CO)OC(O)C(O)C2O)C(O)C(O)C1O.[Na+].[Na+],0,"InChI=1S/C12H22O11/c13-1-3-5(15)6(16)9(19)12(22-3)23-10-4(2-14)21-11(20)8(18)7(10)17/h3-20H,1-2H2",0,InChI-duplicate with same taste
OCC1OC(OC2(CO)OC(CO)C(O)C2O)C(O)C(O)C1O.[Mg+2].[O-2],OCC1OC(OC2(CO)OC(CO)C(O)C2O)C(O)C(O)C1O.[Mg+2].[O-2],sweet,sweet,flavor_db,0,OCC1OC(OC2(CO)OC(CO)C(O)C2O)C(O)C(O)C1O.[Mg+2].[O-2],0,"InChI=1S/C12H22O11/c13-1-4-6(16)8(18)9(19)11(21-4)23-12(3-15)10(20)7(17)5(2-14)22-12/h4-11,13-20H,1-3H2",0,InChI-duplicate with same taste
O=S(=O)([O-])[O-].OCC1OC(OC2(CO)OC(CO)C(O)C2O)C(O)C(O)C1O.[Na+].[Na+],O=S(=O)([O-])[O-].OCC1OC(OC2(CO)OC(CO)C(O)C2O)C(O)C(O)C1O.[Na+].[Na+],sweet,sweet,flavor_db,0,O=S(=O)([O-])[O-].OCC1OC(OC2(CO)OC(CO)C(O)C2O)C(O)C(O)C1O.[Na+].[Na+],0,"InChI=1S/C12H22O11/c13-1-4-6(16)8(18)9(19)11(21-4)23-12(3-15)10(20)7(17)5(2-14)22-12/h4-11,13-20H,1-3H2",0,InChI-duplicate with same taste
O=CC(O)C(O)C(O)C(O)CO.[Cl-].[Na+],O=CC(O)C(O)C(O)C(O)CO.[Cl-].[Na+],sweet,sweet,flavor_db,0,O=CC(O)C(O)C(O)C(O)CO.[Cl-].[Na+],0,"InChI=1S/C6H12O6/c7-1-3(9)5(11)6(12)4(10)2-8/h3-5,7-11H,1-2H2",0,InChI-duplicate with same taste
O=CC(O)C(O)C(O)C(O)CO.[Na+].[OH-],O=CC(O)C(O)C(O)C(O)CO.[Na+].[OH-],sweet,sweet,flavor_db,0,O=CC(O)C(O)C(O)C(O)CO.[Na+].[OH-],0,"InChI=1S/C6H12O6/c7-1-3(9)5(11)6(12)4(10)2-8/h3-5,7-11H,1-2H2",0,InChI-duplicate with same taste
OCC1OC(OC2(CO)OC(CO)C(O)C2O)C(O)C(O)C1O.[Ca+2].[OH-].[OH-],OCC1OC(OC2(CO)OC(CO)C(O)C2O)C(O)C(O)C1O.[Ca+2].[OH-].[OH-],sweet,sweet,flavor_db,0,OCC1OC(OC2(CO)OC(CO)C(O)C2O)C(O)C(O)C1O.[Ca+2].[OH-].[OH-],0,"InChI=1S/C12H22O11/c13-1-4-6(16)8(18)9(19)11(21-4)23-12(3-15)10(20)7(17)5(2-14)22-12/h4-11,13-20H,1-3H2",0,InChI-duplicate with same taste
O=C(CC(O)CO)C(O)CO,O=C(CC(O)CO)C(O)CO,sweet,sweet,flavor_db,0,O=C(CC(O)CO)C(O)CO,0,"InChI=1S/C6H12O5/c7-2-4(9)1-5(10)6(11)3-8/h4,6-9,11H,1-3H2",0,InChI-duplicate with same taste
O=S(=O)([O-])[O-].OCC1OC(OC2OC(CO)C(O)C(O)C2O)C(O)C(O)C1O.[Na+].[Na+],O=S(=O)([O-])[O-].OCC1OC(OC2OC(CO)C(O)C(O)C2O)C(O)C(O)C1O.[Na+].[Na+],sweet,sweet,flavor_db,0,O=S(=O)([O-])[O-].OCC1OC(OC2OC(CO)C(O)C(O)C2O)C(O)C(O)C1O.[Na+].[Na+],0,"InChI=1S/C12H22O11/c13-1-3-5(15)7(17)9(19)11(21-3)23-12-10(20)8(18)6(16)4(2-14)22-12/h3-20H,1-2H2",0,InChI-duplicate with same taste
O=C(CO)C(F)C(O)C(O)CO,O=C(CO)C(F)C(O)C(O)CO,sweet,sweet,flavor_db,0,O=C(CO)C(F)C(O)C(O)CO,0,"InChI=1S/C6H11FO5/c7-5(3(10)1-8)6(12)4(11)2-9/h4-6,8-9,11-12H,1-2H2",0,InChI-duplicate with same taste
OCC1OC(OC2(CO)OC(CO)C(O)C2O)C(O)C(O)C1O.[Ca+2].[Cl-].[Cl-],OCC1OC(OC2(CO)OC(CO)C(O)C2O)C(O)C(O)C1O.[Ca+2].[Cl-].[Cl-],sweet,sweet,flavor_db,0,OCC1OC(OC2(CO)OC(CO)C(O)C2O)C(O)C(O)C1O.[Ca+2].[Cl-].[Cl-],0,"InChI=1S/C12H22O11/c13-1-4-6(16)8(18)9(19)11(21-4)23-12(3-15)10(20)7(17)5(2-14)22-12/h4-11,13-20H,1-3H2",0,InChI-duplicate with same taste
O=CC(O)C(O)C(O)C(O)CO.[Mg+2].[O-2],O=CC(O)C(O)C(O)C(O)CO.[Mg+2].[O-2],sweet,sweet,flavor_db,0,O=CC(O)C(O)C(O)C(O)CO.[Mg+2].[O-2],0,"InChI=1S/C6H12O6/c7-1-3(9)5(11)6(12)4(10)2-8/h3-5,7-11H,1-2H2",0,InChI-duplicate with same taste
COCC(O)C(O)C(O)C(=O)CO,COCC(O)C(O)C(O)C(=O)CO,sweet,sweet,flavor_db,0,COCC(O)C(O)C(O)C(=O)CO,0,"InChI=1S/C7H14O6/c1-13-3-5(10)7(12)6(11)4(9)2-8/h4,6-9,11-12H,2-3H2,1H3",0,InChI-duplicate with same taste
NOCC(O)C(O)C(O)C(O)C=O,NOCC(O)C(O)C(O)C(O)C=O,sweet,sweet,flavor_db,0,NOCC(O)C(O)C(O)C(O)C=O,0,"InChI=1S/C6H13NO6/c7-13-2-4(10)6(12)5(11)3(9)1-8/h3,5-6,8-9,11-12H,1-2,7H2",0,InChI-duplicate with same taste
O=CC(O)CCC(O)CO,O=CC(O)CCC(O)CO,sweet,sweet,flavor_db,0,O=CC(O)CCC(O)CO,0,"InChI=1S/C6H12O4/c7-3-5(9)1-2-6(10)4-8/h5,7-9H,1-4H2",0,InChI-duplicate with same taste
OCC1OC(OC2C(CO)OC(O)C(O)C2O)C(O)C(O)C1O.[Cl-].[Na+],OCC1OC(OC2C(CO)OC(O)C(O)C2O)C(O)C(O)C1O.[Cl-].[Na+],sweet,sweet,flavor_db,0,OCC1OC(OC2C(CO)OC(O)C(O)C2O)C(O)C(O)C1O.[Cl-].[Na+],0,"InChI=1S/C12H22O11/c13-1-3-5(15)6(16)9(19)12(22-3)23-10-4(2-14)21-11(20)8(18)7(10)17/h3-20H,1-2H2",0,InChI-duplicate with same taste
O=S(=O)([O-])[O-].OCC1OC(OC2(CO)OC(CO)C(O)C2O)C(O)C(O)C1O.[Al+3].[OH-],O=S(=O)([O-])[O-].OCC1OC(OC2(CO)OC(CO)C(O)C2O)C(O)C(O)C1O.[Al+3].[OH-],sweet,sweet,flavor_db,0,O=S(=O)([O-])[O-].OCC1OC(OC2(CO)OC(CO)C(O)C2O)C(O)C(O)C1O.[Al+3].[OH-],0,"InChI=1S/C12H22O11.Al/c13-1-4-6(16)8(18)9(19)11(21-4)23-12(3-15)10(20)7(17)5(2-14)22-12;/h4-11,13-20H,1-3H2;/q;+3",0,InChI-duplicate with same taste
O=CC(O)C(O)C(O)C(O)CO.[Cl-].[Cl-].[K+].[Na+],O=CC(O)C(O)C(O)C(O)CO.[Cl-].[Cl-].[K+].[Na+],sweet,sweet,flavor_db,0,O=CC(O)C(O)C(O)C(O)CO.[Cl-].[Cl-].[K+].[Na+],0,"InChI=1S/C6H12O6/c7-1-3(9)5(11)6(12)4(10)2-8/h3-5,7-11H,1-2H2",0,InChI-duplicate with same taste
O=S(=O)([O-])O.OCC1OC(O)C(OC2(CO)OC(CO)C(O)C2O)C(O)C1O.[Na+],O=S(=O)([O-])O.OCC1OC(O)C(OC2(CO)OC(CO)C(O)C2O)C(O)C1O.[Na+],sweet,sweet,flavor_db,0,O=S(=O)([O-])O.OCC1OC(O)C(OC2(CO)OC(CO)C(O)C2O)C(O)C1O.[Na+],0,"InChI=1S/C12H22O11/c13-1-4-6(16)8(18)9(11(20)21-4)23-12(3-15)10(19)7(17)5(2-14)22-12/h4-11,13-20H,1-3H2",0,InChI-duplicate with same taste
OCC(O)C(O)C(O)C(O)CO.[Cl-].[Na+],OCC(O)C(O)C(O)C(O)CO.[Cl-].[Na+],sweet,sweet,flavor_db,0,OCC(O)C(O)C(O)C(O)CO.[Cl-].[Na+],0,"InChI=1S/C6H14O6/c7-1-3(9)5(11)6(12)4(10)2-8/h3-12H,1-2H2",0,InChI-duplicate with same taste
O.O=S1(=O)N=C([O-])c2ccccc21.[Na+],O.O=S1(=O)N=C([O-])c2ccccc21.[Na+],sweet,sweet,flavor_db,0,O.O=S1(=O)N=C([O-])c2ccccc21.[Na+],0,"InChI=1S/C7H5NO3S/c9-7-5-3-1-2-4-6(5)12(10,11)8-7/h1-4H,(H,8,9)/p-1",0,InChI-duplicate with same taste
O=C(CO)C(O)C(O)C(O)CO.[Cl-].[Na+],O=C(CO)C(O)C(O)C(O)CO.[Cl-].[Na+],sweet,sweet,flavor_db,0,O=C(CO)C(O)C(O)C(O)CO.[Cl-].[Na+],0,"InChI=1S/C6H12O6/c7-1-3(9)5(11)6(12)4(10)2-8/h3-5,7-11H,1-2H2",0,InChI-duplicate with same taste
OCC1OC(O)C(O)C(O)C1O.[Cl-].[Cl-].[K+].[Na+],OCC1OC(O)C(O)C(O)C1O.[Cl-].[Cl-].[K+].[Na+],sweet,sweet,flavor_db,0,OCC1OC(O)C(O)C(O)C1O.[Cl-].[Cl-].[K+].[Na+],0,"InChI=1S/C6H12O6/c7-1-2-3(8)4(9)5(10)6(11)12-2/h2-11H,1H2",0,InChI-duplicate with same taste
OCC1OC(O)C(O)C(O)C1O.[Cl-].[Na+],OCC1OC(O)C(O)C(O)C1O.[Cl-].[Na+],sweet,sweet,flavor_db,0,OCC1OC(O)C(O)C(O)C1O.[Cl-].[Na+],0,"InChI=1S/C6H12O6/c7-1-2-3(8)4(9)5(10)6(11)12-2/h2-11H,1H2",0,InChI-duplicate with same taste
OCC1OC(O)C(O)C(O)C1O.[Cl-].[NH4+],OCC1OC(O)C(O)C(O)C1O.[Cl-].[NH4+],sweet,sweet,flavor_db,0,OCC1OC(O)C(O)C(O)C1O.[Cl-].[NH4+],0,"InChI=1S/C6H12O6/c7-1-2-3(8)4(9)5(10)6(11)12-2/h2-11H,1H2",0,InChI-duplicate with same taste
COC(=O)C(Cc1ccccc1)NC(=O)C(CC(=O)[O-])[NH+](CCC(C)(C)C)CCC(C)(C)C,COC(=O)C(Cc1ccccc1)NC(=O)C(CC(=O)[O-])[NH+](CCC(C)(C)C)CCC(C)(C)C,sweet,sweet,flavor_db,0,COC(=O)C(Cc1ccccc1)NC(=O)C(CC(=O)[O-])[NH+](CCC(C)(C)C)CCC(C)(C)C,0,"InChI=1S/C26H42N2O5/c1-25(2,3)13-15-28(16-14-26(4,5)6)21(18-22(29)30)23(31)27-20(24(32)33-7)17-19-11-9-8-10-12-19/h8-12,20-21H,13-18H2,1-7H3,(H,27,31)(H,29,30)",0,InChI-duplicate with same taste
COC(=O)C(Cc1ccccc1)NC(=O)C(CC(=O)[O-])[NH2+]CCC(C)(C)C,COC(=O)C(Cc1ccccc1)NC(=O)C(CC(=O)[O-])[NH2+]CCC(C)(C)C,sweet,sweet,flavor_db,0,COC(=O)C(Cc1ccccc1)NC(=O)C(CC(=O)[O-])[NH2+]CCC(C)(C)C,0,"InChI=1S/C20H30N2O5/c1-20(2,3)10-11-21-15(13-17(23)24)18(25)22-16(19(26)27-4)12-14-8-6-5-7-9-14/h5-9,15-16,21H,10-13H2,1-4H3,(H,22,25)(H,23,24)",0,InChI-duplicate with same taste
CC(C)OC(=O)C(Cc1ccccc1)NC(=O)C([NH3+])CC(=O)[O-],CC(C)OC(=O)C(Cc1ccccc1)NC(=O)C([NH3+])CC(=O)[O-],sweet,sweet,flavor_db,0,CC(C)OC(=O)C(Cc1ccccc1)NC(=O)C([NH3+])CC(=O)[O-],0,"InChI=1S/C16H22N2O5/c1-10(2)23-16(22)13(8-11-6-4-3-5-7-11)18-15(21)12(17)9-14(19)20/h3-7,10,12-13H,8-9,17H2,1-2H3,(H,18,21)(H,19,20)",0,InChI-duplicate with same taste
[NH3+]C(CC(=O)[O-])C(=O)NC(C=O)Cc1ccccc1,[NH3+]C(CC(=O)[O-])C(=O)NC(C=O)Cc1ccccc1,sweet,sweet,flavor_db,0,[NH3+]C(CC(=O)[O-])C(=O)NC(C=O)Cc1ccccc1,0,"InChI=1S/C13H16N2O4/c14-11(7-12(17)18)13(19)15-10(8-16)6-9-4-2-1-3-5-9/h1-5,8,10-11H,6-7,14H2,(H,15,19)(H,17,18)",0,InChI-duplicate with same taste
CCC(C)(C)CC[NH2+]C(CC(=O)[O-])C(=O)NC(Cc1ccccc1)C(=O)OC,CCC(C)(C)CC[NH2+]C(CC(=O)[O-])C(=O)NC(Cc1ccccc1)C(=O)OC,sweet,sweet,flavor_db,0,CCC(C)(C)CC[NH2+]C(CC(=O)[O-])C(=O)NC(Cc1ccccc1)C(=O)OC,0,"InChI=1S/C21H32N2O5/c1-5-21(2,3)11-12-22-16(14-18(24)25)19(26)23-17(20(27)28-4)13-15-9-7-6-8-10-15/h6-10,16-17,22H,5,11-14H2,1-4H3,(H,23,26)(H,24,25)",0,InChI-duplicate with same taste
O.O=C1[N-]S(=O)(=O)c2ccccc21.O=C1[N-]S(=O)(=O)c2ccccc21.[Ca+2],O.O=C1[N-]S(=O)(=O)c2ccccc21.O=C1[N-]S(=O)(=O)c2ccccc21.[Ca+2],sweet,"odorless, sweet",flavor_db,0,O.O=C1[N-]S(=O)(=O)c2ccccc21.O=C1[N-]S(=O)(=O)c2ccccc21.[Ca+2],0,"InChI=1S/2C7H5NO3S/c2*9-7-5-3-1-2-4-6(5)12(10,11)8-7/h2*1-4H,(H,8,9)/p-2",0,InChI-duplicate with same taste
COc1ccc(-c2coc3cc(OC4OC(CO)C(O)C(O)C4O)ccc3c2=O)cc1O.[Cl-].[K+],COc1ccc(-c2coc3cc(OC4OC(CO)C(O)C(O)C4O)ccc3c2=O)cc1O.[Cl-].[K+],sweet,sweet-like,flavor_db,0,COc1ccc(-c2coc3cc(OC4OC(CO)C(O)C(O)C4O)ccc3c2=O)cc1O.[Cl-].[K+],0,"InChI=1S/C22H22O10/c1-29-15-5-2-10(6-14(15)24)13-9-30-16-7-11(3-4-12(16)18(13)25)31-22-21(28)20(27)19(26)17(8-23)32-22/h2-7,9,17,19-24,26-28H,8H2,1H3",0,InChI-duplicate with same taste
CC(C)=CCC1C(=O)C(C(=O)CC(C)C)=C(O)C(CC=C(C)C)(CC=C(C)C)C1=O,CC(C)=CCC1C(=O)C(C(=O)CC(C)C)=C(O)C(CC=C(C)C)(CC=C(C)C)C1=O,bitter,bitter,flavor_db,0,CC(C)=CCC1C(=O)C(C(=O)CC(C)C)=C(O)C(CC=C(C)C)(CC=C(C)C)C1=O,1,"InChI=1S/C26H38O4/c1-16(2)9-10-20-23(28)22(21(27)15-19(7)8)25(30)26(24(20)29,13-11-17(3)4)14-12-18(5)6/h9,11-12,19-20,22H,10,13-15H2,1-8H3",0,InChI-duplicate with same taste
O=C(C(=O)C(O)C(O)CO)C(O)CO,O=C(C(=O)C(O)C(O)CO)C(O)CO,sweet,sweet-like,flavor_db,0,O=C(C(=O)C(O)C(O)CO)C(O)CO,0,"InChI=1S/C7H12O7/c8-1-3(10)5(12)7(14)6(13)4(11)2-9/h3-5,8-12H,1-2H2",0,InChI-duplicate with same taste
O=C(C(O)CO)C(O)CCO,O=C(C(O)CO)C(O)CCO,sweet,sweet-like,flavor_db,0,O=C(C(O)CO)C(O)CCO,0,"InChI=1S/C6H12O5/c7-2-1-4(9)6(11)5(10)3-8/h4-5,7-10H,1-3H2",0,InChI-duplicate with same taste
CC(C)=CCC1=C(O)C(CC=C(C)C)(CC=C(C)C)C(=O)C(C(=O)C(C)C)C1=O,CC(C)=CCC1=C(O)C(CC=C(C)C)(CC=C(C)C)C(=O)C(C(=O)C(C)C)C1=O,bitter,bitter,flavor_db,0,CC(C)=CCC1=C(O)C(CC=C(C)C)(CC=C(C)C)C(=O)C(C(=O)C(C)C)C1=O,1,"InChI=1S/C25H36O4/c1-15(2)9-10-19-22(27)20(21(26)18(7)8)24(29)25(23(19)28,13-11-16(3)4)14-12-17(5)6/h9,11-12,18-20H,10,13-14H2,1-8H3",0,InChI-duplicate with same taste
OCC1OC(OC2C(CO)OC(O)C(O)C2O)C(O)C(O)C1O.[Cl-].[K+],OCC1OC(OC2C(CO)OC(O)C(O)C2O)C(O)C(O)C1O.[Cl-].[K+],sweet,sweet-like,flavor_db,0,OCC1OC(OC2C(CO)OC(O)C(O)C2O)C(O)C(O)C1O.[Cl-].[K+],0,"InChI=1S/C12H22O11/c13-1-3-5(15)6(16)9(19)12(22-3)23-10-4(2-14)21-11(20)8(18)7(10)17/h3-20H,1-2H2",0,InChI-duplicate with same taste
OCC1OC(OC2(CO)OC(CO)C(O)C2O)C(O)C(O)C1O.[Li+].[OH-],OCC1OC(OC2(CO)OC(CO)C(O)C2O)C(O)C(O)C1O.[Li+].[OH-],sweet,sweet-like,flavor_db,0,OCC1OC(OC2(CO)OC(CO)C(O)C2O)C(O)C(O)C1O.[Li+].[OH-],0,"InChI=1S/C12H22O11/c13-1-4-6(16)8(18)9(19)11(21-4)23-12(3-15)10(20)7(17)5(2-14)22-12/h4-11,13-20H,1-3H2",0,InChI-duplicate with same taste
[B]P(=O)(OCC1OC(n2cnc3c(N)ncnc32)CC1O)OP(=O)(O)OP(=O)(O)O,[B]P(=O)(OCC1OC(n2cnc3c(N)ncnc32)CC1O)OP(=O)(O)OP(=O)(O)O,sweet,sweet-like,flavor_db,0,[B]P(=O)(OCC1OC(n2cnc3c(N)ncnc32)CC1O)OP(=O)(O)OP(=O)(O)O,0,"InChI=1S/C10H15BN5O11P3/c11-28(18,26-30(22,23)27-29(19,20)21)24-2-6-5(17)1-7(25-6)16-4-15-8-9(12)13-3-14-10(8)16/h3-7,17H,1-2H2,(H,22,23)(H2,12,13,14)(H2,19,20,21)",0,InChI-duplicate with same taste
O=C(CO)C(O)C(O)C(O)CO.[Ca+2].[OH-].[OH-],O=C(CO)C(O)C(O)C(O)CO.[Ca+2].[OH-].[OH-],sweet,sweet-like,flavor_db,0,O=C(CO)C(O)C(O)C(O)CO.[Ca+2].[OH-].[OH-],0,"InChI=1S/C6H12O6/c7-1-3(9)5(11)6(12)4(10)2-8/h3-5,7-11H,1-2H2",0,InChI-duplicate with same taste
Nc1nc(F)nc2c1ncn2C1OC(CO)C(O)C1O.O=P([O-])([O-])[O-].O=P([O-])([O-])[O-].[Mg+2].[Mg+2].[Mg+2],Nc1nc(F)nc2c1ncn2C1OC(CO)C(O)C1O.O=P([O-])([O-])[O-].O=P([O-])([O-])[O-].[Mg+2].[Mg+2].[Mg+2],sweet,sweet-like,flavor_db,0,Nc1nc(F)nc2c1ncn2C1OC(CO)C(O)C1O.O=P([O-])([O-])[O-].O=P([O-])([O-])[O-].[Mg+2].[Mg+2].[Mg+2],0,"InChI=1S/C10H12FN5O4/c11-10-14-7(12)4-8(15-10)16(2-13-4)9-6(19)5(18)3(1-17)20-9/h2-3,5-6,9,17-19H,1H2,(H2,12,14,15)",0,InChI-duplicate with same taste
O=CC(O)C(O)(F)C(O)C(O)CO,O=CC(O)C(O)(F)C(O)C(O)CO,sweet,sweet-like,flavor_db,0,O=CC(O)C(O)(F)C(O)C(O)CO,0,"InChI=1S/C6H11FO6/c7-6(13,4(11)2-9)5(12)3(10)1-8/h3,5,8-10,12-13H,1-2H2",0,InChI-duplicate with same taste
O=CC(O)C(O)C(O)C(O)C(O)F,O=CC(O)C(O)C(O)C(O)C(O)F,sweet,sweet-like,flavor_db,0,O=CC(O)C(O)C(O)C(O)C(O)F,0,"InChI=1S/C6H11FO6/c7-6(13)5(12)4(11)3(10)2(9)1-8/h2-5,8-12H,1H2",0,InChI-duplicate with same taste
O=C(CCO)C(O)C(O)C(O)CO,O=C(CCO)C(O)C(O)C(O)CO,sweet,sweet-like,flavor_db,0,O=C(CCO)C(O)C(O)C(O)CO,0,"InChI=1S/C7H14O6/c8-2-1-4(10)6(12)7(13)5(11)3-9/h4-5,7-11,13H,1-3H2",0,InChI-duplicate with same taste
O=C(C(O)F)C(O)C(O)C(O)CO,O=C(C(O)F)C(O)C(O)C(O)CO,sweet,sweet-like,flavor_db,0,O=C(C(O)F)C(O)C(O)C(O)CO,0,"InChI=1S/C6H11FO6/c7-6(13)5(12)4(11)3(10)2(9)1-8/h2-5,8-12H,1H2",0,InChI-duplicate with same taste
Nc1ncnc2c1ncn2C1OC(CO)C(O)C1O.O=P([O-])(O)OP(=O)(O)O.[K+],Nc1ncnc2c1ncn2C1OC(CO)C(O)C1O.O=P([O-])(O)OP(=O)(O)O.[K+],sweet,sweet-like,flavor_db,0,Nc1ncnc2c1ncn2C1OC(CO)C(O)C1O.O=P([O-])(O)OP(=O)(O)O.[K+],0,"InChI=1S/C10H13N5O4.H4O7P2/c11-8-5-9(13-2-12-8)15(3-14-5)10-7(18)6(17)4(1-16)19-10;1-8(2,3)7-9(4,5)6/h2-4,6-7,10,16-18H,1H2,(H2,11,12,13);(H2,1,2,3)(H2,4,5,6)/p-1",0,InChI-duplicate with same taste
O=C(CO)C(O)C(OF)C(O)CO,O=C(CO)C(O)C(OF)C(O)CO,sweet,sweet-like,flavor_db,0,O=C(CO)C(O)C(OF)C(O)CO,0,"InChI=1S/C6H11FO6/c7-13-6(4(11)2-9)5(12)3(10)1-8/h3-4,6,8-11H,1-2H2",0,InChI-duplicate with same taste
O=C(CO)C(O)C(O)(F)C(O)CO,O=C(CO)C(O)C(O)(F)C(O)CO,sweet,sweet-like,flavor_db,0,O=C(CO)C(O)C(O)(F)C(O)CO,0,"InChI=1S/C6H11FO6/c7-6(13,4(11)2-9)5(12)3(10)1-8/h3-4,8-11,13H,1-2H2",0,InChI-duplicate with same taste
O=CC(O)C(O)C(O)C(O)CO.[Cl-].[K+],O=CC(O)C(O)C(O)C(O)CO.[Cl-].[K+],sweet,sweet-like,flavor_db,0,O=CC(O)C(O)C(O)C(O)CO.[Cl-].[K+],0,"InChI=1S/C6H12O6/c7-1-3(9)5(11)6(12)4(10)2-8/h3-5,7-11H,1-2H2",0,InChI-duplicate with same taste
O=C(COF)C(O)C(O)C(O)CO,O=C(COF)C(O)C(O)C(O)CO,sweet,sweet-like,flavor_db,0,O=C(COF)C(O)C(O)C(O)CO,0,"InChI=1S/C6H11FO6/c7-13-2-4(10)6(12)5(11)3(9)1-8/h3-4,6,8-10,12H,1-2H2",0,InChI-duplicate with same taste
O=C(CO)C(O)C(O)C(O)CO.[Br-].[Na+],O=C(CO)C(O)C(O)C(O)CO.[Br-].[Na+],sweet,sweet-like,flavor_db,0,O=C(CO)C(O)C(O)C(O)CO.[Br-].[Na+],0,"InChI=1S/C6H12O6/c7-1-3(9)5(11)6(12)4(10)2-8/h3-5,7-11H,1-2H2",0,InChI-duplicate with same taste
N=P(O)(OCC1OC(n2cnc3c(N)ncnc32)C(O)C1O)OP(=O)(O)O,N=P(O)(OCC1OC(n2cnc3c(N)ncnc32)C(O)C1O)OP(=O)(O)O,sweet,sweet-like,flavor_db,0,N=P(O)(OCC1OC(n2cnc3c(N)ncnc32)C(O)C1O)OP(=O)(O)O,0,"InChI=1S/C10H16N6O9P2/c11-8-5-9(14-2-13-8)16(3-15-5)10-7(18)6(17)4(24-10)1-23-26(12,19)25-27(20,21)22/h2-4,6-7,10,17-18H,1H2,(H2,12,19)(H2,11,13,14)(H2,20,21,22)",0,InChI-duplicate with same taste
O=C(CCO)C(O)C(O)CO,O=C(CCO)C(O)C(O)CO,sweet,sweet-like,flavor_db,0,O=C(CCO)C(O)C(O)CO,0,"InChI=1S/C6H12O5/c7-2-1-4(9)6(11)5(10)3-8/h4-5,7-10H,1-3H2",0,InChI-duplicate with same taste
Nc1ncnc2c1ncn2C1CC(O)C(CO[P+](O)(O)[S-])O1,Nc1ncnc2c1ncn2C1CC(O)C(CO[P+](O)(O)[S-])O1,sweet,sweet-like,flavor_db,0,Nc1ncnc2c1ncn2C1CC(O)C(CO[P+](O)(O)[S-])O1,0,"InChI=1S/C10H14N5O5PS/c11-9-8-10(13-3-12-9)15(4-14-8)7-1-5(16)6(20-7)2-19-21(17,18)22/h3-7,16H,1-2H2,(H2,11,12,13)(H2,17,18,22)",0,InChI-duplicate with same taste
Nc1ncnc2c1ncn2C1OC(COP(=O)(O)OP(=O)(O)C(Br)(Br)[P+]([O-])(O)O)C(O)C1O,Nc1ncnc2c1ncn2C1OC(COP(=O)(O)OP(=O)(O)C(Br)(Br)[P+]([O-])(O)O)C(O)C1O,sweet,sweet-like,flavor_db,0,Nc1ncnc2c1ncn2C1OC(COP(=O)(O)OP(=O)(O)C(Br)(Br)[P+]([O-])(O)O)C(O)C1O,0,"InChI=1S/C11H16Br2N5O12P3/c12-11(13,31(21,22)23)32(24,25)30-33(26,27)28-1-4-6(19)7(20)10(29-4)18-3-17-5-8(14)15-2-16-9(5)18/h2-4,6-7,10,19-20H,1H2,(H,24,25)(H,26,27)(H2,14,15,16)(H2,21,22,23)",0,InChI-duplicate with same taste
Nc1ncnc2c1ncn2C1OC(C(O)[P+]([O-])(O)O)C(O)C1O,Nc1ncnc2c1ncn2C1OC(C(O)[P+]([O-])(O)O)C(O)C1O,sweet,sweet-like,flavor_db,0,Nc1ncnc2c1ncn2C1OC(C(O)[P+]([O-])(O)O)C(O)C1O,0,"InChI=1S/C10H14N5O7P/c11-7-3-8(13-1-12-7)15(2-14-3)9-5(17)4(16)6(22-9)10(18)23(19,20)21/h1-2,4-6,9-10,16-18H,(H2,11,12,13)(H2,19,20,21)",0,InChI-duplicate with same taste
CC[C@H](C)C(=O)C1=C(O)[C@@](O)(C(=O)CC=C(C)C)[C@H](CC=C(C)C)C1=O,CC[C@H](C)C(=O)C1=C(O)[C@@](O)(C(=O)CC=C(C)C)[C@H](CC=C(C)C)C1=O,bitter,Ligand to Tas2 Receptor,tas2r_agonists,0,CC[C@H](C)C(=O)C1=C(O)[C@@](O)(C(=O)CC=C(C)C)[C@H](CC=C(C)C)C1=O,1,"InChI=1S/C21H30O5/c1-7-14(6)18(23)17-19(24)15(10-8-12(2)3)21(26,20(17)25)16(22)11-9-13(4)5/h8-9,11,13-15,17,26H,7,10H2,1-6H3",0,InChI-duplicate with same taste
CC[C@H](C)C(=O)C1=C(O)[C@](O)(C(=O)CC=C(C)C)[C@H](CC=C(C)C)C1=O,CC[C@H](C)C(=O)C1=C(O)[C@](O)(C(=O)CC=C(C)C)[C@H](CC=C(C)C)C1=O,bitter,Ligand to Tas2 Receptor,tas2r_agonists,0,CC[C@H](C)C(=O)C1=C(O)[C@](O)(C(=O)CC=C(C)C)[C@H](CC=C(C)C)C1=O,1,"InChI=1S/C21H30O5/c1-7-14(6)18(23)17-19(24)15(10-8-12(2)3)21(26,20(17)25)16(22)11-9-13(4)5/h8-9,11,13-15,17,26H,7,10H2,1-6H3",0,InChI-duplicate with same taste
CC(C)=CCC(=O)[C@]1(O)C(O)=C(C(=O)CC(C)C)C(=O)[C@H]1CC=C(C)C,CC(C)=CCC(=O)[C@]1(O)C(O)=C(C(=O)CC(C)C)C(=O)[C@H]1CC=C(C)C,bitter,Ligand to Tas2 Receptor,tas2r_agonists,0,CC(C)=CCC(=O)[C@]1(O)C(O)=C(C(=O)CC(C)C)C(=O)[C@H]1CC=C(C)C,1,"InChI=1S/C21H30O5/c1-12(2)7-9-15-19(24)18(16(22)11-14(5)6)20(25)21(15,26)17(23)10-8-13(3)4/h7-8,14-15,18,26H,9-11H2,1-6H3",0,InChI-duplicate with same taste
CC(C)=CCC(=O)[C@@]1(O)C(O)=C(C(=O)CC(C)C)C(=O)[C@H]1CC=C(C)C,CC(C)=CCC(=O)[C@@]1(O)C(O)=C(C(=O)CC(C)C)C(=O)[C@H]1CC=C(C)C,bitter,Ligand to Tas2 Receptor,tas2r_agonists,0,CC(C)=CCC(=O)[C@@]1(O)C(O)=C(C(=O)CC(C)C)C(=O)[C@H]1CC=C(C)C,1,"InChI=1S/C21H30O5/c1-12(2)7-9-15-19(24)18(16(22)11-14(5)6)20(25)21(15,26)17(23)10-8-13(3)4/h7-8,14-15,18,26H,9-11H2,1-6H3",0,InChI-duplicate with same taste
C/C=C(\C)C(=O)O[C@@H]1CC2C(CC=C3C[C@@H](OC4CC(OC)C(OC5CC(OC)C(OC6OC(C)C(O)C(OC)C6O)C(C)O5)C(C)O4)CC[C@@]32C)[C@@]2(O)CC[C@H](C(C)=O)[C@@]12C,C/C=C(\C)C(=O)O[C@@H]1CC2C(CC=C3C[C@@H](OC4CC(OC)C(OC5CC(OC)C(OC6OC(C)C(O)C(OC)C6O)C(C)O5)C(C)O4)CC[C@@]32C)[C@@]2(O)CC[C@H](C(C)=O)[C@@]12C,bitter,Ligand to Tas2 Receptor,tas2r_agonists,0,C/C=C(\C)C(=O)O[C@@H]1CC2C(CC=C3C[C@@H](OC4CC(OC)C(OC5CC(OC)C(OC6OC(C)C(O)C(OC)C6O)C(C)O5)C(C)O4)CC[C@@]32C)[C@@]2(O)CC[C@H](C(C)=O)[C@@]12C,1,"InChI=1S/C47H74O15/c1-12-23(2)43(51)60-35-20-32-31(47(52)18-16-30(24(3)48)46(35,47)8)14-13-28-19-29(15-17-45(28,32)7)59-36-21-33(53-9)40(26(5)56-36)61-37-22-34(54-10)41(27(6)57-37)62-44-39(50)42(55-11)38(49)25(4)58-44/h12-13,25-27,29-42,44,49-50,52H,14-22H2,1-11H3",0,InChI-duplicate with same taste
C=CC1C(OC2OC(CO)C(OC(=O)/C=C/c3ccc(O)cc3)C(O)C2OC(C)=O)OC=C2C(=O)OCCC21O,C=CC1C(OC2OC(CO)C(OC(=O)/C=C/c3ccc(O)cc3)C(O)C2OC(C)=O)OC=C2C(=O)OCCC21O,bitter,bitter,phytocompounds_db,0,C=CC1C(OC2OC(CO)C(OC(=O)/C=C/c3ccc(O)cc3)C(O)C2OC(C)=O)OC=C2C(=O)OCCC21O,1,"InChI=1S/C27H30O13/c1-3-17-25(36-13-18-24(33)35-11-10-27(17,18)34)40-26-23(37-14(2)29)21(32)22(19(12-28)38-26)39-20(31)9-6-15-4-7-16(30)8-5-15/h3-9,13,17,19,21-23,25-26,28,30,32,34H,1,10-12H2,2H3",0,InChI-duplicate with same taste
C/C1=C\CC(O)/C(C)=C/C2OC(=O)C(C)C2CC1,C/C1=C\CC(O)/C(C)=C/C2OC(=O)C(C)C2CC1,bitter,bitter,phytocompounds_db,0,C/C1=C\CC(O)/C(C)=C/C2OC(=O)C(C)C2CC1,1,"InChI=1S/C15H22O3/c1-9-4-6-12-11(3)15(17)18-14(12)8-10(2)13(16)7-5-9/h5,8,11-14,16H,4,6-7H2,1-3H3",0,InChI-duplicate with same taste
CC1=C(/C=C/C(C)=C/C=C/C(C)=C/C=C/C=C(C)/C=C/C=C(C)/C=C/C2=C(C)CCCC2(C)C)C(C)(C)CCC1,CC1=C(/C=C/C(C)=C/C=C/C(C)=C/C=C/C=C(C)/C=C/C=C(C)/C=C/C2=C(C)CCCC2(C)C)C(C)(C)CCC1,bitter,bitter,phytocompounds_db,0,CC1=C(/C=C/C(C)=C/C=C/C(C)=C/C=C/C=C(C)/C=C/C=C(C)/C=C/C2=C(C)CCCC2(C)C)C(C)(C)CCC1,1,"InChI=1S/C40H56/c1-31(19-13-21-33(3)25-27-37-35(5)23-15-29-39(37,7)8)17-11-12-18-32(2)20-14-22-34(4)26-28-38-36(6)24-16-30-40(38,9)10/h11-14,17-22,25-28H,15-16,23-24,29-30H2,1-10H3",0,InChI-duplicate with same taste
C/C(=C/CCC(C)C1CCC2(C)C3CC=C4C(CCC(OC5OC(CO)C(O)C(O)C5O)C4(C)C)C3(C)C(=O)CC12C)COC1OC(COC2OC(CO)C(O)C(O)C2O)C(O)C(O)C1O,C/C(=C/CCC(C)C1CCC2(C)C3CC=C4C(CCC(OC5OC(CO)C(O)C(O)C5O)C4(C)C)C3(C)C(=O)CC12C)COC1OC(COC2OC(CO)C(O)C(O)C2O)C(O)C(O)C1O,bitter,bitter,phytocompounds_db,0,C/C(=C/CCC(C)C1CCC2(C)C3CC=C4C(CCC(OC5OC(CO)C(O)C(O)C5O)C4(C)C)C3(C)C(=O)CC12C)COC1OC(COC2OC(CO)C(O)C(O)C2O)C(O)C(O)C1O,1,"InChI=1S/C48H78O18/c1-22(20-61-42-40(59)38(57)35(54)29(65-42)21-62-43-39(58)36(55)33(52)27(18-49)63-43)9-8-10-23(2)24-15-16-46(5)30-13-11-25-26(48(30,7)31(51)17-47(24,46)6)12-14-32(45(25,3)4)66-44-41(60)37(56)34(53)28(19-50)64-44/h9,11,23-24,26-30,32-44,49-50,52-60H,8,10,12-21H2,1-7H3",0,InChI-duplicate with same taste
CCC(C)C(=O)C1=C(O)[C@@](O)(C(=O)/C=C/C(C)C)C(CC=C(C)C)C1=O,CCC(C)C(=O)C1=C(O)[C@@](O)(C(=O)/C=C/C(C)C)C(CC=C(C)C)C1=O,bitter,bitter,phytocompounds_db,0,CCC(C)C(=O)C1=C(O)[C@@](O)(C(=O)/C=C/C(C)C)C(CC=C(C)C)C1=O,1,"InChI=1S/C21H30O5/c1-7-14(6)18(23)17-19(24)15(10-8-12(2)3)21(26,20(17)25)16(22)11-9-13(4)5/h8-9,11,13-15,17,26H,7,10H2,1-6H3",0,InChI-duplicate with same taste
C/C(=C\CO)CCC1=C(CO)CC(OC2OCC(O)C(O)C2O)C2C(C)(CO)CC(O)CC12C,C/C(=C\CO)CCC1=C(CO)CC(OC2OCC(O)C(O)C2O)C2C(C)(CO)CC(O)CC12C,undefined,neutral taste,phytocompounds_db,0,C/C(=C\CO)CCC1=C(CO)CC(OC2OCC(O)C(O)C2O)C2C(C)(CO)CC(O)CC12C,4,"InChI=1S/C25H42O9/c1-14(6-7-26)4-5-17-15(11-27)8-19(34-23-21(32)20(31)18(30)12-33-23)22-24(2,13-28)9-16(29)10-25(17,22)3/h6,16,18-23,26-32H,4-5,7-13H2,1-3H3",0,InChI-duplicate with same taste
C/C(=C\CO)CCC1C(C)(O)CC(OC2OCC(O)C(O)C2O)C2C(C)(CO)CCCC12C,C/C(=C\CO)CCC1C(C)(O)CC(OC2OCC(O)C(O)C2O)C2C(C)(CO)CCCC12C,bitter,bitter,phytocompounds_db,0,C/C(=C\CO)CCC1C(C)(O)CC(OC2OCC(O)C(O)C2O)C2C(C)(CO)CCCC12C,1,"InChI=1S/C25H44O8/c1-15(8-11-26)6-7-18-24(3)10-5-9-23(2,14-27)21(24)17(12-25(18,4)31)33-22-20(30)19(29)16(28)13-32-22/h8,16-22,26-31H,5-7,9-14H2,1-4H3",0,InChI-duplicate with same taste
C/C=C(\C)C(=O)OC1CC2C(CC=C3CC(OC4CC(OC)C(OC5CC(OC)C(OC6OC(C)C(O)C(OC)C6O)C(C)O5)C(C)O4)CCC32C)C2(O)CCC(C(C)=O)C12C,C/C=C(\C)C(=O)OC1CC2C(CC=C3CC(OC4CC(OC)C(OC5CC(OC)C(OC6OC(C)C(O)C(OC)C6O)C(C)O5)C(C)O4)CCC32C)C2(O)CCC(C(C)=O)C12C,bitter,bitter,phytocompounds_db,0,C/C=C(\C)C(=O)OC1CC2C(CC=C3CC(OC4CC(OC)C(OC5CC(OC)C(OC6OC(C)C(O)C(OC)C6O)C(C)O5)C(C)O4)CCC32C)C2(O)CCC(C(C)=O)C12C,1,"InChI=1S/C47H74O15/c1-12-23(2)43(51)60-35-20-32-31(47(52)18-16-30(24(3)48)46(35,47)8)14-13-28-19-29(15-17-45(28,32)7)59-36-21-33(53-9)40(26(5)56-36)61-37-22-34(54-10)41(27(6)57-37)62-44-39(50)42(55-11)38(49)25(4)58-44/h12-13,25-27,29-42,44,49-50,52H,14-22H2,1-11H3",0,InChI-duplicate with same taste
C/C=C(\C)C(=O)OC1CC2C(CC=C3CC(O)CCC32C)C2(O)CCC(C(C)=O)C12C,C/C=C(\C)C(=O)OC1CC2C(CC=C3CC(O)CCC32C)C2(O)CCC(C(C)=O)C12C,bitter,bitter,phytocompounds_db,0,C/C=C(\C)C(=O)OC1CC2C(CC=C3CC(O)CCC32C)C2(O)CCC(C(C)=O)C12C,1,"InChI=1S/C26H38O5/c1-6-15(2)23(29)31-22-14-21-20(8-7-17-13-18(28)9-11-24(17,21)4)26(30)12-10-19(16(3)27)25(22,26)5/h6-7,18-22,28,30H,8-14H2,1-5H3",0,InChI-duplicate with same taste
CC(C)=CCC1=C(O)C(C(=O)CC(C)C)=C(O)C1O,CC(C)=CCC1=C(O)C(C(=O)CC(C)C)=C(O)C1O,bitter,bitter,phytocompounds_db,0,CC(C)=CCC1=C(O)C(C(=O)CC(C)C)=C(O)C1O,1,"InChI=1S/C15H22O4/c1-8(2)5-6-10-13(17)12(15(19)14(10)18)11(16)7-9(3)4/h5,9-10,12,14,18H,6-7H2,1-4H3",0,InChI-duplicate with same taste
COc1cc(C(=O)OC/C(C#N)=C/COC2OC(CO)C(O)C(O)C2O)ccc1O,COc1cc(C(=O)OC/C(C#N)=C/COC2OC(CO)C(O)C(O)C2O)ccc1O,undefined,astringent;,phytocompounds_db,0,COc1cc(C(=O)OC/C(C#N)=C/COC2OC(CO)C(O)C(O)C2O)ccc1O,4,"InChI=1S/C19H23NO10/c1-27-13-6-11(2-3-12(13)22)18(26)29-9-10(7-20)4-5-28-19-17(25)16(24)15(23)14(8-21)30-19/h2-4,6,14-17,19,21-25H,5,8-9H2,1H3",0,InChI-duplicate with same taste
N#C/C(=C\COC1OC(CO)C(O)C(O)C1O)COC(=O)c1ccc(O)cc1,N#C/C(=C\COC1OC(CO)C(O)C(O)C1O)COC(=O)c1ccc(O)cc1,undefined,astringent;,phytocompounds_db,0,N#C/C(=C\COC1OC(CO)C(O)C(O)C1O)COC(=O)c1ccc(O)cc1,4,"InChI=1S/C18H21NO9/c19-7-10(9-27-17(25)11-1-3-12(21)4-2-11)5-6-26-18-16(24)15(23)14(22)13(8-20)28-18/h1-5,13-16,18,20-24H,6,8-9H2",0,InChI-duplicate with same taste
CC1CC(OC2OC(CO)C(O)C(O)C2O)CC(=O)O1,CC1CC(OC2OC(CO)C(O)C(O)C2O)CC(=O)O1,bitter,bitter,phytocompounds_db,0,CC1CC(OC2OC(CO)C(O)C(O)C2O)CC(=O)O1,1,"InChI=1S/C12H20O8/c1-5-2-6(3-8(14)18-5)19-12-11(17)10(16)9(15)7(4-13)20-12/h5-7,9-13,15-17H,2-4H2,1H3",0,InChI-duplicate with same taste
CC1CC(O)C(=O)C2(C)C1CC1OC(=O)CC3C(C)C(O)C(=O)C2C13C,CC1CC(O)C(=O)C2(C)C1CC1OC(=O)CC3C(C)C(O)C(=O)C2C13C,bitter,bitter,phytocompounds_db,0,CC1CC(O)C(=O)C2(C)C1CC1OC(=O)CC3C(C)C(O)C(=O)C2C13C,1,"InChI=1S/C20H28O6/c1-8-5-12(21)18(25)20(4)10(8)6-13-19(3)11(7-14(22)26-13)9(2)15(23)16(24)17(19)20/h8-11,13,16-18,24-25H,5-7H2,1-4H3",0,InChI-duplicate with same taste
